-0.208867,0.211572,0.370787,0.32405
0.359483,1.91557,-0.0530314,3.96465
0.066785,0.628445,-0.257308,0.735147
0.15751,0.735855,0.463405,0.796574
-0.328216,1.87032,0.191888,3.79203
-0.306116,0.274081,0.303698,0.353323
0.322176,1.46847,0.247467,2.44588
0.359824,-0.0798161,-0.317857,0.251635
0.432351,0.546577,0.219262,0.55782
-0.182928,0.194412,0.195688,0.358862
0.353227,0.731928,-0.192206,0.833534
0.159124,-0.245021,0.309945,0.255492
-0.0183055,0.965844,0.292603,1.26022
-0.171999,0.415831,0.00915338,0.520909
0.159443,-0.0545701,-0.364179,0.266651
0.262033,0.864716,0.396117,1.01068
0.110591,0.137824,-0.0756482,0.354568
-0.382474,1.08365,-0.311856,1.42634
0.353055,1.99741,0.223226,4.26009
0.121061,-0.235871,-0.382058,0.252525
0.289711,1.21591,0.153606,1.79343
-0.292732,1.50666,-0.329976,2.54626
0.285276,0.648448,0.175116,0.735461
-0.216167,0.590295,0.377583,0.630303
-0.245571,0.899306,0.373115,1.08454
-0.214525,1.45686,0.232561,2.44748
0.193999,0.385942,0.182748,0.480996
0.0849365,1.28957,-0.276552,1.9954
0.0343172,-0.449619,-0.152212,0.250996
0.308691,1.50855,-0.264798,2.5642
-0.348955,1.20942,-0.0837197,1.77413
0.236739,0.512952,0.130704,0.597889
-0.121025,-0.210127,-0.102846,0.267298
-0.428103,0.10325,0.0467255,0.284058
0.0897766,0.250847,-0.235105,0.392221
-0.226177,0.408468,0.365627,0.4472
0.196521,0.528359,0.308163,0.585683
-0.184213,1.28573,0.218629,1.9852
-0.45952,1.46328,-0.0961291,2.40472
-0.274477,0.87664,0.253299,1.074
-0.0699983,0.0266906,-0.451051,0.262829
0.00435152,0.824773,0.137162,1.04647
-0.278501,0.78319,-0.167911,0.934977
-0.197254,0.688224,0.334228,0.773165
-0.457546,1.74507,0.16796,3.30006
0.287649,1.94499,-0.341057,4.04952
-0.017185,1.73251,-0.243618,3.34698
0.32406,-0.295716,0.192129,0.251156
-0.275653,0.197371,0.133006,0.350906
0.114898,1.30367,-0.147541,2.05221
-0.0234093,1.44418,-0.155332,2.43594
0.207509,1.15764,-0.335128,1.63679
-0.233014,1.93694,-0.417168,4.007
0.0405935,0.944959,0.0515882,1.26232
0.461015,1.0417,0.0516887,1.35022
0.0925721,0.79876,-0.356572,0.94501
-0.223539,1.00011,0.126644,1.34747
-0.0624353,0.775222,0.211049,0.946776
0.455918,0.465713,-0.170228,0.472726
0.119881,0.713568,0.371084,0.811586
-0.256019,0.376198,0.358614,0.417349
-0.194934,1.4767,0.12025,2.53593
0.00803279,0.332511,0.315861,0.430492
-0.450134,0.333686,-0.143184,0.374455
-0.134987,1.16774,-0.390772,1.65642
-0.0947106,0.679018,-0.390508,0.754078
0.0579584,1.42734,-0.132488,2.40552
0.275933,0.125917,-0.168147,0.319139
0.340141,-0.0458302,0.0967851,0.272468
0.423015,0.527521,0.108201,0.558071
0.164815,1.21544,0.035541,1.83221
0.425544,0.709853,0.103081,0.784557
-0.451016,1.13762,-0.0284148,1.56841
-0.203666,1.18581,0.188252,1.74227
0.0972597,1.85183,0.430743,3.70705
-0.295511,0.209286,0.395532,0.296252
0.141882,1.743,0.390453,3.312
-0.068581,0.63743,0.0427319,0.771963
-0.179503,0.223648,-0.384095,0.329959
-0.253673,0.535188,-0.199792,0.605869
-0.245554,1.04125,-0.318667,1.38054
0.340311,0.0526801,-0.0172369,0.294524
0.00232356,1.42236,0.122781,2.38434
0.0504202,1.73708,0.0909227,3.3706
-0.401606,1.40972,0.00119151,2.2799
0.163945,0.861068,0.226929,1.07318
-0.0233696,0.927493,-0.464835,1.12445
0.436116,1.07592,-0.212921,1.41329
0.268515,0.244605,-0.0988117,0.380089
0.329604,0.756,0.268049,0.855638
-0.259077,1.78737,-0.129644,3.51239
0.386632,0.419207,-0.0794951,0.471576
-0.0957649,0.756976,0.430839,0.847868
-0.0841178,1.58798,-0.420797,2.80333
0.469851,1.04265,-0.0771062,1.34841
-0.0406878,0.0697302,-0.270576,0.309499
0.00578968,0.0833149,-0.206532,0.322873
-0.130851,0.294613,-0.220778,0.419062
-0.0258767,1.52267,-0.411031,2.59783
0.220023,1.61676,0.408675,2.88164
-0.00450872,1.95674,-0.150553,4.13842
-0.116317,1.67139,-0.451731,3.05906
0.250564,1.21187,-0.29147,1.77076
0.298298,1.2891,0.250678,1.96913
0.333743,1.79148,-0.0597121,3.52491
0.434139,0.811164,-0.188927,0.919826
-0.0216089,-0.040273,0.15509,0.296037
-0.218089,1.49469,-0.152662,2.56864
-0.302415,1.44148,0.16855,2.38791
-0.214853,-0.356314,0.154334,0.252737
-0.41838,1.27118,0.271364,1.86617
0.0845956,1.98891,0.099267,4.2588
0.316457,0.469164,-0.379369,0.473163
-0.164772,1.93457,-0.430221,4.00601
0.0498988,0.848472,-0.309252,1.03913
0.269944,1.80285,0.391183,3.51181
0.0431681,0.227075,-0.354979,0.352128
-0.134788,1.44261,0.0872929,2.44663
0.146516,1.83193,0.354103,3.64005
-0.154395,-0.14896,0.175194,0.271129
-0.248277,1.36991,0.386566,2.14686
-0.12755,1.93787,0.227825,4.06444
-0.165357,1.0743,0.366632,1.44967
-0.28272,1.01789,0.332401,1.30988
-0.261238,-0.294237,0.106991,0.255265
-0.157891,-0.0775171,0.242847,0.276369
-0.482805,1.08666,0.0716287,1.43439
0.053576,1.23835,0.214581,1.89676
-0.0131755,-0.425689,-0.0670052,0.252984
0.0271335,1.36003,0.327122,2.17499
-0.129009,0.302999,-0.459939,0.350875
0.0880937,1.30566,0.305759,2.02866
0.260491,0.891882,-0.321385,1.08291
0.125072,1.31442,-0.297977,2.05383
-0.354061,0.860405,-0.0519384,1.05147
0.278878,0.134968,-0.190262,0.318965
-0.17572,0.188984,0.17315,0.360248
-0.0828957,0.914843,0.267597,1.17322
0.25938,0.989972,-0.221499,1.29315
0.438896,0.74751,-0.162826,0.826163
0.0442107,0.808853,-0.0926288,1.02722
-0.137472,1.99868,-0.444941,4.25268
-0.00991994,1.77824,-0.22331,3.5047
0.365491,0.186948,0.227794,0.311301
0.305013,1.80895,-0.229717,3.56115
0.368257,0.160467,-0.024376,0.320545
0.422613,-0.0422032,-0.0452552,0.262345
0.28133,0.951339,0.151564,1.23135
-0.325342,1.52515,0.242126,2.61185
-0.123588,-0.292836,0.0598951,0.260801
-0.0298729,0.562486,-0.343996,0.627214
-0.406299,1.91144,0.030241,3.93403
0.209071,0.849451,-0.0618461,1.0712
-0.181968,0.857794,-0.390277,1.01809
0.0462248,0.516239,-0.324982,0.586676
0.241833,0.333559,-0.0877498,0.443306
-0.232814,0.971163,0.187983,1.27171
-0.211119,0.279615,0.422701,0.338869
0.181213,-0.30779,0.100351,0.257408
-0.0875722,0.694962,0.287781,0.814261
-0.404167,1.14197,-0.048586,1.60214
-0.45008,0.689606,-0.044805,0.748567
0.278643,0.626853,-0.150656,0.718533
0.15246,-0.179267,-0.15154,0.2681
-0.210526,1.49438,0.0681035,2.58564
0.249126,1.77064,0.0491309,3.46077
0.225486,-0.02389,-0.360477,0.26416
-0.0711509,0.838112,0.449612,0.973743
0.111497,0.377014,0.275143,0.467407
-0.326264,1.20577,0.154801,1.76782
0.093394,0.938488,0.213371,1.23384
0.313015,1.56666,-0.0616477,2.76982
-0.116173,1.20331,-0.157204,1.80526
0.1069,1.39318,0.109711,2.30145
0.0880058,0.43168,-0.470225,0.445905
-0.115052,1.55467,-0.126778,2.76681
0.477686,0.994895,0.090824,1.24516
-0.373279,0.122515,0.029143,0.304777
-0.428801,1.54567,0.0386177,2.67089
-0.0105947,0.792631,0.336288,0.945339
0.217447,-0.0362731,-0.261222,0.276152
-0.0716205,1.34454,-0.00366681,2.18245
-0.27008,0.902663,0.387106,1.08009
-0.346044,0.269597,0.173781,0.368578
-0.248697,0.271682,-0.0268313,0.405718
-0.198882,-0.155918,-0.122472,0.269763
0.348017,0.539656,0.0769969,0.600498
0.328653,0.111776,-0.0767488,0.310123
0.265599,1.1203,-0.0304195,1.59076
0.0543651,0.648038,0.206411,0.76521
0.12461,1.76721,0.290469,3.44799
-0.0215547,0.517858,0.0195127,0.639006
-0.268881,0.759528,0.271044,0.877388
-0.383974,1.28333,0.308522,1.89873
0.00063603,1.20204,-0.0456558,1.81203
-0.398622,1.55503,0.098917,2.70624
-0.450541,-0.00741138,-0.180333,0.253376
0.247385,1.64641,-0.203609,3.018
-0.0346575,1.12908,-0.0228587,1.6439
0.298134,0.970814,0.295543,1.2284
-0.42087,1.67845,0.116953,3.09253
-0.270648,1.70417,0.0128722,3.23018
0.0670756,0.0900625,0.400878,0.287604
-0.134036,1.58052,-0.461665,2.75725
-0.197784,0.0963599,0.246653,0.309991
-0.201869,1.24621,0.134356,1.90789
0.214366,0.733331,0.0950174,0.884706
0.24274,1.65089,0.278264,3.02546
0.0500906,0.412033,-0.198118,0.51789
0.290462,1.60151,-0.367597,2.82962
0.0473495,-0.44704,-0.170168,0.250635
-0.431496,0.237626,0.113168,0.329516
-0.0487006,1.62184,0.0834593,2.99866
-0.425178,0.102175,0.218714,0.268544
-0.304618,-0.267622,-0.220787,0.252489
-0.453139,0.284079,-0.0803328,0.34705
0.427555,0.120655,0.0830639,0.28777
0.113873,1.90085,0.357726,3.89849
0.417306,-0.211727,0.121173,0.251333
0.0632084,1.97521,-0.0381587,4.2228
-0.19444,0.242912,0.337659,0.352945
0.341793,0.85026,-0.335678,0.984085
0.0404198,-0.0388192,0.486383,0.251443
0.340417,1.95351,0.350849,4.07194
0.180803,-0.315519,0.137127,0.25637
0.385682,-0.230921,-0.0956344,0.25298
-0.192748,0.899458,-0.393964,1.09022
-0.328023,0.67527,0.374385,0.706808
0.0544015,0.992478,-0.0314509,1.35137
0.340661,1.09266,-0.149905,1.50024
-0.0152563,0.821236,-0.0598872,1.04616
-0.195159,1.81608,-0.0972642,3.61884
0.270931,1.25302,-0.0489852,1.91005
-0.411069,1.48278,-0.16091,2.47684
0.371247,0.348445,0.118128,0.417779
0.00946195,0.824305,0.279636,1.02194
0.312369,0.599776,0.066875,0.6749
0.367751,0.195096,-0.13694,0.328283
0.0644926,-0.420787,0.0741897,0.252711
-0.421291,0.935235,-0.00841318,1.15849
-0.110431,-0.0682143,0.285094,0.276653
0.303815,0.804332,-0.0743711,0.979376
-0.213673,1.27192,-0.237836,1.93382
0.236812,1.54921,-0.348448,2.68894
0.220722,1.31105,-0.391527,1.99174
0.192347,1.42704,0.0581037,2.38841
0.0129271,1.67476,-0.326082,3.10841
0.347781,1.35212,0.176223,2.12712
0.329821,1.11392,-0.0217405,1.55943
-0.237269,1.76866,-0.270936,3.43238
0.00340388,1.99561,0.0750649,4.281
-0.16635,1.07373,-0.173114,1.50497
0.241464,1.41114,0.127978,2.32553
0.309917,-0.0698305,0.137617,0.27191
0.310887,1.67491,0.330143,3.0762
0.324038,0.0607712,0.0978424,0.295719
0.372835,0.960603,-0.237431,1.19944
-0.128275,1.21667,0.450202,1.74477
0.159492,0.914223,0.213153,1.17719
-0.410268,1.85402,0.27354,3.69138
0.073847,-0.41303,0.24206,0.25069
-0.0414599,1.02135,0.103841,1.40152
-0.410556,0.246407,0.0512492,0.344249
-0.0253927,0.878396,0.192973,1.12663
-0.1154,1.56695,0.300638,2.77457
0.055947,1.8795,0.255503,3.8402
0.099971,1.14494,0.161455,1.66081
-0.169354,0.530288,-0.277157,0.598596
-0.273801,1.09427,0.0151578,1.53116
0.00787688,0.598568,0.279193,0.690063
0.346036,1.19137,0.333145,1.67993
0.038145,1.78378,0.0890697,3.53149
0.278295,1.02726,-0.401711,1.31073
-0.317643,0.530504,0.0217012,0.597651
0.0242558,1.23225,0.267468,1.85019
-0.0541842,0.15085,-0.062899,0.362748
0.286466,0.112899,0.203912,0.310408
-0.0312305,-0.096494,0.483657,0.250509
-0.146015,0.566861,0.157461,0.669094
-0.313898,0.446268,-0.382468,0.451571
-0.352677,1.2353,-0.0388162,1.83733
-0.381154,1.94735,-0.257205,4.05343
0.321292,1.00479,0.113535,1.32715
0.128498,0.285524,-0.299953,0.397951
-0.20677,0.986705,0.216518,1.30879
-0.3124,1.71383,-0.142158,3.24294
-0.431924,-0.0772399,-0.221065,0.250915
0.0651504,1.77551,-0.0873429,3.51188
0.388733,1.51691,-0.0264167,2.59605
0.211459,1.13013,-0.111407,1.61933
0.0843161,1.95365,0.0136123,4.12313
-0.120871,0.870036,-0.196795,1.10555
-0.147302,1.95544,0.357895,4.10376
0.298919,1.82971,-0.273634,3.6315
0.313243,0.713028,0.255862,0.80011
-0.16321,0.959234,0.0851995,1.27914
0.0498001,0.61835,-0.172362,0.742426
-0.0947073,-0.0794337,0.469485,0.251742
-0.0699344,0.0792206,0.422815,0.277554
0.0812829,0.978882,0.178823,1.30673
-0.0668137,0.860814,0.208909,1.09161
-0.0708958,0.664806,0.315546,0.761531
0.373371,-0.137048,-0.147996,0.257735
-0.207365,1.09679,-0.3066,1.5111
0.417148,1.48122,-0.273867,2.44445
0.464314,1.1394,0.130335,1.55593
-0.155267,0.747385,-0.171548,0.904493
-0.0250827,0.0782522,0.464579,0.268908
0.133272,1.94247,0.126176,4.08846
0.094102,1.93461,-0.459857,3.99961
-0.332282,0.909173,-0.211048,1.12422
0.472883,1.33854,0.0128079,2.05378
0.0487296,0.975809,-0.416271,1.24048
0.0925855,1.25497,-0.0859813,1.92786
0.179705,1.36928,-0.274657,2.20316
-0.0264673,0.69252,0.32872,0.797671
0.48055,1.12298,0.0533879,1.51567
-0.217652,0.754599,-0.059486,0.918179
-0.227303,1.79149,0.152033,3.5264
0.0474821,1.38851,0.46357,2.19121
-0.129435,0.733656,0.412071,0.820446
-0.380562,0.373169,-0.111816,0.43297
0.0640417,-0.303929,-0.18284,0.257773
-0.0473512,1.0363,-0.352568,1.38911
-0.355759,1.43337,-0.267931,2.32761
0.136053,0.152869,0.25032,0.337535
0.146145,1.24976,-0.142401,1.92039
0.35902,-0.0859308,0.172499,0.261952
0.189832,0.679561,0.456021,0.714748
0.0136071,1.62652,-0.102839,2.99888
0.029888,-0.112842,0.432755,0.255908
-0.1362,0.712271,-0.031196,0.871005
0.283796,0.662108,0.000701211,0.76692
0.0867705,-0.00145764,-0.0127301,0.306088
-0.415673,0.329863,-0.0596408,0.391164
0.258215,0.539397,-0.289463,0.588567
0.000441482,0.275841,-0.428582,0.354558
0.294149,0.141543,-0.122142,0.327281
0.197564,1.11673,-0.355802,1.53463
0.205847,0.223255,0.0438609,0.38371
0.334344,0.276717,-0.118706,0.37983
0.372141,0.632022,0.0295646,0.700031
-0.00576139,0.322827,-0.124745,0.452227
-0.277949,1.90681,-0.370927,3.89668
-0.211978,0.554652,0.0394271,0.657647
-0.266817,0.121712,-0.202249,0.315818
0.0276489,-0.473881,-0.0983046,0.250471
-0.123302,1.60337,0.384547,2.87166
0.0038911,1.67887,0.430081,3.10085
-0.0918107,1.99416,-0.448317,4.23789
-0.464959,0.383241,0.0618218,0.412312
-0.151588,0.563363,0.401,0.601347
-0.0263046,1.7658,-0.471549,3.38201
0.10501,0.0192626,-0.30289,0.290011
0.0572208,-0.366411,0.109939,0.255485
-0.0145122,-0.0759008,-0.067718,0.291643
-0.182204,1.54545,0.155297,2.72719
-0.285043,-0.261793,0.224807,0.253577
-0.0995806,-0.170713,-0.320495,0.261873
0.147733,1.5721,-0.142885,2.80871
0.290058,1.87468,-0.063468,3.82856
0.348864,1.78576,-0.217597,3.47072
-0.450619,0.95829,0.195339,1.17347
0.0609537,1.56704,-0.462407,2.71939
0.0832996,0.711789,0.127689,0.868798
0.0469761,1.49,0.35947,2.52848
0.403267,0.872427,-0.113008,1.04425
-0.271172,-0.0987617,-0.321238,0.258667
0.0709405,-0.422901,-0.194261,0.251287
0.233603,1.63727,0.271002,2.98524
0.135222,1.40312,0.467511,2.22681
0.164626,1.54207,-0.294893,2.68834
0.415089,1.02449,-0.010006,1.3356
-0.245193,0.410006,-0.00109194,0.505509
-0.127026,1.39282,-0.413363,2.21872
-0.0942782,0.527319,0.0788893,0.643172
-0.451344,0.0547002,0.0150223,0.267117
0.247954,1.97475,0.292553,4.17196
-0.0897456,0.714376,0.459532,0.777932
-0.248213,0.610136,-0.373392,0.646949
0.0623872,0.628182,0.226209,0.73957
-0.458335,1.31848,-0.0203684,2.00673
-0.068363,0.576682,0.410164,0.619724
-0.0996965,1.01854,-0.0319337,1.40422
0.0550008,0.755897,-0.059127,0.943316
0.11874,1.7631,-0.443367,3.37424
0.0647187,1.7843,-0.367612,3.48486
-0.285396,1.6305,0.275523,2.94761
-0.456152,0.615603,0.14791,0.638538
-0.307798,1.35832,-0.300547,2.12079
0.0665239,0.901392,-0.0500232,1.17563
-0.262341,0.0897979,-0.120332,0.31572
-0.0717436,1.33815,0.213032,2.13116
-0.0068322,1.06293,0.254865,1.47805
0.453635,0.729178,0.0152005,0.800162
-0.33373,1.23028,0.282545,1.79211
0.20468,1.63139,0.179992,2.99112
-0.172188,-0.0255588,0.0828045,0.294284
-0.316653,1.33787,-0.11205,2.10545
0.0442005,-0.493179,-0.0689109,0.249928
0.381454,1.45842,-0.0736066,2.42869
-0.0227592,1.4135,0.200914,2.34555
0.047994,0.8429,0.449955,0.982761
0.261733,0.835232,0.393016,0.962377
0.393477,1.77053,0.197774,3.41194
-0.445912,1.14585,0.10734,1.58067
0.1122,-0.159933,0.191045,0.271115
-0.312214,0.297508,0.152164,0.396814
0.321155,1.27091,0.0382474,1.94015
0.0879985,1.61987,-0.0647875,2.98183
-0.00441085,-0.468308,0.0875874,0.251157
-0.316741,1.37763,-0.233224,2.19124
0.15773,-0.359501,0.292831,0.250561
0.343044,0.237931,-0.170663,0.349938
-0.162966,-0.322788,0.259464,0.253121
0.102566,1.94975,0.367152,4.08306
-0.155193,-0.0480218,0.167892,0.2866
0.495196,1.01397,-0.00018507,1.28028
0.0538512,0.218669,0.34476,0.350547
-0.286338,1.95154,-0.18703,4.10346
-0.0151902,-0.123286,-0.157139,0.279688
-0.260279,0.657589,0.37121,0.705549
0.424407,0.445271,-0.0709523,0.480231
-0.353659,1.18355,-0.300043,1.66613
-0.314361,0.994691,0.144151,1.30048
0.355857,1.24317,0.142239,1.84276
0.154246,1.53942,0.338079,2.67636
0.30934,1.73207,0.330241,3.26686
-0.0324123,0.806002,-0.485536,0.906319
0.129684,1.14072,0.0578211,1.66888
0.480623,0.515136,0.091568,0.519855
0.0471839,1.46113,-0.0237997,2.50624
0.244971,0.835235,0.242039,1.0064
-0.399132,1.00388,0.277545,1.2654
0.345794,0.105,0.0327585,0.306415
0.0803594,1.34516,0.405397,2.10085
-0.178182,1.82332,0.137886,3.65419
0.202623,1.51843,-0.0276774,2.64956
-0.0740583,1.14333,-0.463074,1.57219
0.11421,0.527833,-0.119138,0.637659
0.377689,1.81698,-0.0572677,3.59418
-0.231723,1.05227,-0.22097,1.427
-0.151898,1.68408,0.126366,3.19102
0.289313,0.566612,0.315962,0.604137
0.0749003,1.55014,0.31634,2.72919
0.154682,0.35831,0.146521,0.468695
0.0419232,0.479923,0.354371,0.538775
0.0604422,1.28214,-0.194419,2.00473
0.258531,1.03644,-0.122107,1.4031
-0.463678,1.28883,-0.146454,1.9171
0.215397,-0.300667,-0.235412,0.253484
0.0314513,1.63031,-0.0602664,3.0216
-0.453405,0.0497445,0.0340615,0.265661
-0.320534,1.87029,-0.222792,3.77934
-0.354392,0.594209,-0.0194468,0.663499
0.386429,1.29301,0.0389974,1.96964
0.237248,1.86474,-0.438479,3.72753
-0.270213,1.57221,0.367969,2.73554
-0.38433,1.0298,-0.215471,1.343
-0.340849,0.123157,0.36485,0.265408
-0.319619,0.180134,-0.162245,0.329874
0.1001,0.690697,-0.20279,0.825676
-0.0498055,0.496344,-0.115577,0.604639
-0.0418734,1.04913,0.266513,1.44548
0.0108869,0.317087,0.324055,0.413636
-0.124754,1.58558,0.387516,2.8035
-0.135195,0.949525,0.0576026,1.25811
0.320381,-0.032281,-0.209212,0.270458
-0.02914,0.0995674,0.394316,0.293525
-0.0116684,1.4941,0.398742,2.5304
-0.0387631,1.23539,-0.49383,1.77851
0.395242,1.67417,0.0548933,3.08651
-0.185567,0.717923,0.279823,0.835735
-0.00756093,0.388892,-0.325238,0.469156
0.339752,1.82511,0.0365357,3.63901
0.0852378,1.71446,0.258483,3.26798
-0.0439882,0.999639,0.0310474,1.37207
-0.177659,0.968979,0.221049,1.27393
-0.420926,0.331516,0.0611387,0.391608
0.148495,0.7896,0.199321,0.962703
-0.38852,1.61885,0.233521,2.88839
0.435042,0.538919,-0.0817212,0.565635
-0.133019,0.646722,-0.480769,0.668483
-0.392943,1.69564,-0.0275098,3.16948
-0.156995,0.0349623,-0.302092,0.292171
0.0335514,0.135229,-0.33462,0.319048
-0.126761,1.2965,-0.212672,2.02567
0.409741,0.464179,0.107591,0.498892
-0.0264269,0.490545,0.041606,0.608665
-0.30395,0.960268,0.367709,1.18077
0.00723115,-0.044777,0.215089,0.290291
0.107511,-0.123141,0.33234,0.26441
0.113477,1.68986,-0.0701991,3.211
-0.223079,1.49717,0.266963,2.55111
-0.0910449,-0.315704,-0.272243,0.253632
-0.293746,1.22479,-0.28973,1.78686
-0.310266,1.79,0.284653,3.48636
-0.297398,0.721564,-0.127272,0.839898
0.000978433,1.3586,-0.259132,2.19284
0.0551527,0.780687,0.450507,0.8787
0.0499703,1.15413,-0.118024,1.70749
-0.140811,-0.147344,-0.262773,0.266273
0.120673,-0.278621,-0.176804,0.258516
0.15069,1.10592,0.333251,1.53631
-0.413848,0.209158,0.183014,0.312804
-0.294539,1.15232,0.295554,1.61877
0.323363,1.11012,-0.15748,1.54067
-0.138556,0.413853,0.367018,0.468636
0.214813,1.32681,-0.325507,2.05856
0.184629,1.4894,0.308441,2.53334
0.10907,0.0390971,0.0694662,0.317619
0.0297577,1.8319,0.081359,3.70457
-0.341042,0.0270496,-0.0910425,0.284347
-0.236562,1.9381,0.142273,4.05844
-0.148777,1.87008,0.210053,3.81508
-0.478262,0.293165,0.0864648,0.342736
0.283497,1.92435,-0.320331,3.97148
-0.273971,-0.313519,-0.275844,0.249956
0.290638,0.592488,-0.142198,0.669617
0.317935,-0.0214089,0.17019,0.275444
-0.354741,0.829353,0.0246088,0.999693
0.122631,-0.200215,0.339387,0.25798
0.0932774,0.340906,-0.182223,0.459282
-0.285945,-0.263629,-0.0375153,0.257444
-0.197581,0.467014,0.0174688,0.566582
0.389429,1.07597,-0.206477,1.4338
0.15325,1.21254,-0.0582353,1.84103
0.192618,1.25631,0.35055,1.87786
-0.133974,1.00784,0.28356,1.33374
-0.334397,0.899167,-0.223467,1.10203
0.05116,1.93301,-0.249483,4.05004
-0.0668372,-0.378883,0.181215,0.253617
-0.120028,-0.177428,-0.107593,0.272563
0.284507,0.14737,-0.334001,0.294212
0.158576,1.21316,-0.0310636,1.82652
0.22208,1.33863,0.446658,2.04276
0.112884,0.827569,-0.478763,0.938399
-0.215083,1.16957,0.100874,1.71137
-0.185684,1.9781,0.142301,4.2253
0.369782,0.574323,0.0691299,0.630823
-0.49016,0.885259,0.0274439,1.03958
0.121923,0.223291,0.210502,0.378993
0.132915,0.0964609,0.0234279,0.338331
0.276891,-0.362199,-0.0846839,0.251882
-0.0774557,0.781988,-0.154726,0.973625
0.221392,-0.0855867,0.266452,0.268931
-0.405082,1.12405,0.258345,1.52243
0.0202974,1.61902,0.423277,2.90934
-0.276254,1.64178,0.157362,3.0134
-0.296559,0.0146985,0.234518,0.278493
-0.0876345,1.21402,-0.426054,1.7537
0.422123,0.216352,-0.0864603,0.323257
0.0915913,0.860713,-0.152726,1.09834
0.115731,1.7223,0.176585,3.3015
-0.17386,1.18865,-0.201533,1.75061
0.0542854,1.64205,-0.120638,3.05525
0.0253793,0.917421,-0.335179,1.15605
-0.428441,0.653169,-0.24502,0.679688
-0.289876,0.542678,-0.284557,0.583819
0.00910033,0.330426,0.441919,0.383291
0.0446749,1.06228,0.25624,1.47289
0.143018,0.858146,-0.185434,1.08491
0.179417,-0.246792,-0.0898625,0.261563
0.223661,0.763776,0.320573,0.880422
0.0362774,0.984458,-0.396209,1.26654
0.0915859,1.32533,-0.405811,2.05138
-0.270023,1.52583,-0.142036,2.64683
-0.296852,-0.212873,-0.0595373,0.259237
-0.123748,0.0152961,0.0877921,0.309431
0.377462,0.514426,-0.0809775,0.563073
-0.255316,0.0447444,-0.240193,0.29163
0.000848923,0.214698,-0.148916,0.390467
-0.22017,0.914013,-0.28666,1.14629
-0.288482,0.650805,0.186649,0.741115
0.239299,1.84492,-0.13983,3.70622
-0.0658142,0.981938,0.390466,1.26343
0.069837,1.54308,-0.195656,2.7237
0.347417,1.93421,-0.359421,3.99102
-0.017953,1.87643,-0.212233,3.84296
-0.00573005,1.5993,-0.220926,2.90467
0.356145,0.268943,0.217182,0.353363
0.233356,1.4963,-0.189828,2.5596
-0.212001,0.963908,-0.0200037,1.28112
0.15839,0.754992,0.137554,0.916349
0.186824,0.682636,-0.126284,0.814091
0.00440679,0.160476,-0.165186,0.360873
0.414937,0.166698,-0.189779,0.29453
0.208466,-0.139716,-0.126024,0.272861
0.465872,0.181364,-0.0710481,0.293606
-0.200342,1.77561,-0.419526,3.41779
0.0701186,0.132836,-0.128807,0.349707
0.299038,-0.211919,-0.280739,0.253007
-0.329273,1.83649,0.152047,3.66267
0.150714,0.591448,-0.146545,0.701306
0.437302,0.503945,-0.00282327,0.532917
0.202322,0.523349,-0.337789,0.56917
-0.480534,1.72933,-0.0945814,3.24123
0.158994,1.56204,-0.128866,2.78741
0.309757,1.81452,-0.312047,3.5583
-0.356806,1.48132,-0.0982397,2.49655
-0.462521,1.95574,-0.0759913,4.08853
0.455819,1.62977,-0.0475621,2.92383
0.348546,1.38887,-0.316176,2.19611
0.196089,1.24787,0.114771,1.90565
-0.257048,1.50388,-0.0945466,2.58946
0.0623949,1.36043,0.358632,2.15983
0.0709509,0.343729,0.1497,0.46968
0.432148,1.30496,0.00329331,1.98664
0.358238,1.5988,0.172799,2.85519
0.0889742,0.0928799,0.127892,0.335233
0.108445,0.00739509,-0.104474,0.308841
0.281507,0.578964,-0.107248,0.662613
-0.243407,1.05871,0.40199,1.38134
-0.248886,1.78723,0.201018,3.50816
-0.201541,0.13043,0.0761954,0.340651
0.395737,1.27529,0.0520915,1.92348
-0.000955068,1.3811,-0.0688939,2.28644
0.434655,1.66385,0.0581055,3.05048
-0.327605,0.0431823,-0.0292801,0.292631
0.442924,1.42265,0.13071,2.28996
-0.27865,0.309375,0.164845,0.408614
0.0880782,1.08911,-0.425044,1.46281
-0.0832385,0.451468,0.160714,0.557692
0.26841,0.433655,0.413716,0.441366
0.216296,1.82329,-0.427033,3.58435
0.484363,1.34904,0.0229765,2.07812
0.259972,-0.349934,-0.191824,0.2514
-0.268626,-0.195786,-0.346684,0.251525
-0.00899937,-0.116284,-0.0974029,0.284854
-0.475715,1.54562,0.0839885,2.65043
-0.229146,0.0343273,-0.155366,0.298687
0.00686258,1.25258,-0.442129,1.84923
-0.335279,1.72156,-0.319427,3.23204
-0.201255,-0.211128,-0.360004,0.252366
0.209681,1.89414,-0.166534,3.91053
0.348679,1.81025,-0.186924,3.57318
-0.288385,0.0388675,-0.398821,0.253863
0.0427069,-0.0807481,0.262405,0.277426
-0.293527,1.29709,-0.140017,2.00382
-0.114807,0.0418543,0.120505,0.316564
0.223946,1.07697,-0.246621,1.47269
-0.00274666,0.212176,-0.157737,0.385731
0.468775,1.38954,-0.108419,2.19097
0.219067,1.52409,0.284305,2.62235
-0.347849,0.359851,-0.310999,0.393062
-0.0707205,1.38023,-0.437353,2.18384
-0.418182,1.34142,-0.186975,2.06793
0.133694,-0.371947,-0.157943,0.254246
0.304335,0.144746,0.164235,0.317668
-0.218607,1.26635,-0.0311244,1.94618
-0.312982,0.532173,-0.272808,0.569209
-0.149825,1.13281,0.383453,1.57582
-0.0379162,0.339977,0.16174,0.464488
-0.287629,1.67328,-0.24275,3.09797
-0.31475,1.37069,-0.0697582,2.19193
-0.124238,0.9918,0.383434,1.27804
0.172706,1.18143,0.451874,1.65607
-0.336593,1.99801,0.0134682,4.28234
-0.0623018,0.157911,0.211882,0.349311
0.19589,1.31297,-0.381597,2.00302
0.120169,0.918723,0.0495684,1.20828
0.253383,-0.263874,0.1986,0.256005
0.121061,1.64762,-0.457769,2.98018
-0.0949377,-0.0881783,0.364156,0.265628
-0.179125,1.6888,0.298458,3.1592
0.130488,-0.447244,0.0565906,0.250975
0.0310565,0.598103,0.00936871,0.725124
-0.274898,1.63011,-0.292828,2.94099
0.202299,0.210133,-0.0545785,0.377997
0.190345,0.501031,0.309985,0.554876
0.0483795,1.61474,-0.0708057,2.96741
0.0938247,1.1274,0.409856,1.55682
-0.346584,-0.202109,0.187865,0.255139
-0.0321916,1.13681,0.0894575,1.67224
-0.227313,0.0527787,-0.311393,0.28384
0.0447905,0.913115,0.0295832,1.20656
0.140398,0.307296,-0.207472,0.428458
-0.0401745,0.373472,0.385199,0.434517
0.367003,0.777066,-0.05512,0.912392
-0.146278,1.06852,0.282862,1.46988
-0.493247,1.61335,0.0363798,2.85556
0.320793,0.0318421,-0.309324,0.265435
-0.439382,1.32099,0.175604,2.00966
-0.102194,1.69807,-0.24006,3.21968
0.0229989,1.87097,-0.0415401,3.83805
-0.148872,0.706777,0.455029,0.759408
0.0701454,1.79566,0.0133152,3.57956
0.40343,0.873504,0.187608,1.03803
-0.220978,-0.0749414,-0.287046,0.267489
-0.123694,0.691401,-0.156213,0.830098
0.268372,0.763356,0.0653961,0.921254
0.229165,1.42898,-0.291171,2.35089
-0.266661,0.0456158,-0.253733,0.285624
-0.387305,1.49961,-0.0703488,2.54449
-0.424382,0.563205,-0.236204,0.573826
0.394985,0.206622,-0.268204,0.301922
0.281273,1.23518,0.00142492,1.8502
-0.314263,1.27884,-0.314845,1.90936
-0.0423505,0.13346,-0.138989,0.34961
-0.296107,0.837682,-0.349523,0.967219
0.185335,1.52531,-0.327729,2.62505
0.308468,0.698917,-0.352346,0.755255
0.106718,1.84231,0.0650561,3.75104
0.251199,-0.118404,-0.339698,0.257255
-0.258776,-0.119077,-0.344202,0.255819
0.0531799,0.522609,-0.27595,0.605276
0.157933,0.128235,0.177036,0.337747
-0.118891,0.833562,0.037069,1.05282
0.04359,-0.0487484,-0.294031,0.279994
-0.0292413,1.08293,0.310509,1.50169
0.0296312,0.432899,0.0378842,0.548738
0.133676,1.2454,-0.317801,1.86486
0.191577,0.09406,0.395316,0.278481
-0.129949,1.92279,-0.0360589,4.00666
0.46289,0.499977,-0.0970943,0.513866
0.0201136,1.81533,0.139603,3.62699
0.135603,-0.0397342,-0.138499,0.293135
-0.119859,1.80458,-0.457481,3.51671
0.0708626,1.35419,0.223947,2.18299
-0.147403,0.388404,-0.248098,0.476634
0.249411,1.92204,-0.197008,4.00095
0.0911215,1.27366,0.239598,1.97199
-0.0901783,0.822214,0.047015,1.04132
-0.474489,0.467193,0.139021,0.470487
0.0827727,1.92973,-0.396103,4.0061
0.416753,1.49391,0.175841,2.50347
0.168996,0.621875,0.441387,0.65152
0.0372631,1.10997,0.456834,1.50027
-0.463948,1.71937,0.0403356,3.22377
-0.0247764,-0.0612318,0.0255898,0.297027
0.00805779,0.551895,-0.429212,0.590176
0.0996423,0.325382,-0.0775329,0.460625
-0.165323,0.183395,0.4679,0.285294
-0.00743659,1.70721,0.44239,3.19286
0.349453,1.96926,0.267648,4.14239
-0.399455,0.726199,-0.272507,0.785841
-0.264312,0.0971766,0.217062,0.307114
-0.342852,0.417232,0.328747,0.435818
-0.336018,1.35542,-0.315325,2.10681
0.459945,1.39107,-0.0945355,2.19691
-0.0308633,-0.32264,0.203935,0.255919
-0.144973,0.482323,-0.00444875,0.591343
-0.403142,0.524042,-0.109745,0.563229
0.463932,1.84139,-0.169607,3.64453
0.0340011,-0.208632,0.29713,0.261029
-0.199859,1.39446,-0.360514,2.23517
-0.0355883,0.775209,-0.313095,0.925612
-0.377466,0.113351,0.133563,0.29616
0.210661,0.42582,-0.348815,0.471204
0.159016,1.03332,-0.251352,1.39864
0.347214,0.111003,-0.191489,0.297747
-0.197772,1.51388,0.00387231,2.63387
0.136353,0.932148,-0.256222,1.19953
-0.24266,1.16619,-0.26037,1.67141
-0.330905,-0.272296,-0.248475,0.250284
0.455127,1.05808,-0.167751,1.37888
-0.265004,1.04124,0.0542347,1.42226
0.0922905,0.824921,0.436213,0.958213
-0.15854,-0.154263,-0.186715,0.269047
0.185589,1.72151,-0.0823705,3.29486
-0.359251,-0.189016,-0.0355172,0.257446
0.316474,1.31116,-0.0396997,2.04779
0.20737,0.444036,-0.226193,0.518925
-0.0274723,0.8968,-0.187765,1.17225
0.125691,-0.0137743,-0.260228,0.287427
-0.132109,1.11964,0.15038,1.60085
-0.116305,1.23514,-0.405676,1.81041
0.277125,-0.322798,-0.056628,0.254023
-0.202589,0.133878,0.443899,0.272933
-0.206233,1.4411,-0.300703,2.38375
-0.160426,1.71675,-0.24901,3.26317
-0.0762477,1.95756,-0.404496,4.10278
-0.0229917,1.29402,0.262923,2.0099
-0.33285,1.28432,-0.112261,1.96098
-0.221514,0.595747,0.0481294,0.699114
-0.134696,0.875391,-0.334235,1.07735
-0.35983,1.24232,0.284626,1.81557
0.261284,1.82569,0.101911,3.63994
-0.436536,0.332789,-0.0187804,0.386742
0.0707018,1.87405,-0.284864,3.82332
0.0162535,0.138969,-0.457265,0.284592
-0.016997,0.426357,0.334142,0.498062
0.455338,1.69249,-0.0565889,3.13381
-0.200778,-0.324604,-0.0282127,0.256696
-0.0846202,1.73177,0.241252,3.3316
0.257156,1.07428,0.147144,1.48505
0.103999,-0.0749622,-0.289384,0.275157
-0.13839,-0.0777056,0.114863,0.286433
0.0417825,1.87591,-0.385721,3.80824
-0.427241,0.446274,-0.123553,0.474413
-0.144059,-0.0945541,-0.156669,0.280258
0.163041,1.90654,-0.13238,3.95942
0.109686,1.55262,-0.209303,2.75288
-0.244211,1.00474,0.280085,1.31484
0.194076,1.12634,-0.229253,1.59143
-0.207247,1.53934,0.196062,2.69168
0.143776,1.52739,0.369595,2.63113
-0.47307,1.83923,-0.149903,3.63572
0.115443,0.832677,0.37764,0.98909
0.308655,1.84678,0.148515,3.72452
-0.162214,1.744,-0.31478,3.33981
-0.211361,0.456192,0.31462,0.507154
-0.24738,1.08051,-0.342992,1.45474
-0.352507,1.7008,-0.311998,3.15162
-0.176133,0.798531,-0.268431,0.962747
0.326477,1.53852,0.09588,2.67301
-0.142634,-0.0521607,0.273121,0.278781
0.256015,-0.0877716,-0.163915,0.273352
-0.243877,0.490598,0.409673,0.501319
-0.21208,1.9903,0.0379685,4.26808
-0.300105,-0.0171163,-0.191367,0.27754
-0.456537,-0.0491516,-0.142283,0.252891
0.243295,1.14744,0.411543,1.57629
-0.157534,0.3279,0.376338,0.393665
-0.128494,0.856436,-0.439105,1.00316
0.0158763,1.23712,-0.235481,1.87714
0.067435,1.42774,-0.214736,2.38888
0.0579434,0.360871,0.150363,0.47909
0.413778,0.712268,-0.0307071,0.794335
0.28283,0.30905,0.131027,0.414306
-0.425809,1.47286,-0.0501771,2.45895
-0.31718,0.818252,0.0448734,0.992834
-0.254913,0.587941,0.0492409,0.68069
-0.469598,1.19945,0.14184,1.69273
0.277875,1.34046,0.28725,2.09006
0.110238,1.7118,0.040497,3.27559
0.27567,0.919162,-0.0731138,1.17636
0.0934511,0.359696,0.0885449,0.487005
0.233065,0.254092,0.346944,0.347636
-0.123707,1.54721,-0.0256852,2.75453
0.41109,1.99317,0.205728,4.23443
-0.001339,1.25959,-0.304495,1.90794
-0.174177,-0.376519,0.156652,0.252586
0.290263,0.957851,0.317283,1.19617
0.129854,0.649902,-0.127986,0.776396
0.149079,1.72902,-0.0214943,3.34263
-0.0540814,1.42977,-0.437167,2.32001
-0.0113266,0.899901,-0.381861,1.11491
0.345051,-0.127521,0.230185,0.25665
-0.0278993,0.694557,-0.274731,0.814557
-0.10301,0.334657,-0.328048,0.42213
-0.186016,1.10558,-0.20921,1.54661
-0.0831321,1.58911,0.452016,2.79733
-0.100346,0.450117,-0.141667,0.556717
-0.0501383,1.97647,0.298631,4.20647
-0.00871733,1.94056,0.105824,4.07342
0.167099,0.833289,-0.416391,0.968327
0.0807067,0.698281,-0.404907,0.774584
0.166547,0.860222,0.305978,1.05622
-0.241839,0.108094,-0.153813,0.318693
0.454326,0.993975,0.0458199,1.26021
0.32576,0.228355,-0.145578,0.351988
-0.00495796,0.0924618,0.131829,0.33418
0.265104,1.87995,-0.422841,3.7843
-0.32009,0.336038,-0.120439,0.421189
0.25205,1.78727,-0.13264,3.52676
-0.158897,-0.0990831,0.366831,0.260695
0.141902,0.550963,-0.398566,0.590482
0.24754,0.945758,-0.122812,1.22417
0.237289,-0.067948,0.123744,0.279498
-0.100529,0.718185,0.392589,0.810453
-0.141363,1.7604,0.456223,3.35574
0.055078,0.674797,0.378115,0.758626
0.24161,1.90574,-0.209813,3.93392
0.18842,0.453817,-0.048714,0.549624
-0.157786,1.48237,-0.405248,2.48169
0.250598,1.68223,0.238577,3.14206
-0.0693601,0.37151,-0.278829,0.466095
-0.295589,0.223174,0.220629,0.346469
0.262662,1.37219,-0.398668,2.14474
-0.0308467,1.59402,-0.0865655,2.89847
-0.264179,1.13135,0.23116,1.59496
0.4066,1.16459,-0.14587,1.63435
0.309879,1.04461,-0.0086817,1.41248
-0.259272,1.89361,0.102959,3.90368
-0.322459,0.58951,-0.38028,0.597654
0.360567,-0.310399,-0.131296,0.250438
-0.218381,0.888199,-0.189886,1.12065
0.283554,0.0435691,-0.314888,0.272618
-0.0189535,1.92443,-0.472032,3.96257
0.347966,1.29956,0.137437,1.98538
0.000908922,1.12369,-0.364746,1.57304
0.276792,0.316666,0.392846,0.359366
0.264182,1.70517,0.377031,3.17866
-0.340127,0.212491,0.178517,0.341372
-0.219295,1.32007,0.267464,2.05461
0.225195,-0.223076,0.283632,0.255677
0.107747,1.40209,-0.243859,2.30838
-0.0320779,1.37369,-0.260954,2.22264
0.383706,1.16158,0.270524,1.61535
-0.0999243,1.15063,0.0870355,1.69287
-0.351794,-0.14557,-0.283917,0.252264
-0.185681,0.690388,0.386599,0.757201
-0.0516461,0.913433,-0.0507522,1.20235
0.276845,1.05053,-0.256059,1.39785
-0.418892,1.06895,0.112993,1.4192
0.237729,0.284636,0.0165209,0.416248
-0.308548,0.406265,-0.295041,0.446345
-0.353035,0.827789,0.145595,0.9889
0.28372,-0.0408096,-0.294314,0.264385
0.0244242,1.31346,-0.427981,2.00758
-0.185551,0.0820142,-0.203062,0.314082
-0.19869,0.920258,0.441625,1.10512
0.13122,-0.244917,0.387295,0.251517
0.0146826,1.37697,-0.152987,2.25638
-0.230489,1.36809,-0.116095,2.20983
-0.0700673,-0.0118308,0.484953,0.251836
-0.0916868,0.531397,0.0486586,0.644921
0.286885,0.20079,0.03209,0.358032
-0.0304002,-0.132934,-0.472464,0.250627
0.122103,0.524669,0.102878,0.633757
-0.169666,1.9368,-0.116303,4.07148
0.20461,1.86391,-0.180159,3.79571
0.185546,1.47412,0.0209083,2.5219
-0.119186,1.93931,0.39659,4.03346
-0.486286,0.00572123,0.109194,0.250301
-0.107524,0.737169,-0.242726,0.885587
0.364677,1.53276,0.334694,2.60332
-0.295883,-0.143815,-0.0784176,0.265359
0.0892174,0.247705,0.308294,0.371532
0.369289,0.243926,0.207704,0.341236
0.179594,0.100748,0.163636,0.325574
0.286472,1.37878,-0.0933947,2.2294
0.216106,-0.165075,0.283924,0.259175
-0.222215,-0.442814,0.0118522,0.250214
-0.0903904,-0.231758,0.238877,0.261859
0.237174,1.98198,0.349821,4.20089
-0.33414,0.917831,-0.302856,1.11288
-0.0633951,1.37324,-0.0514477,2.25128
0.465228,0.467186,0.151016,0.473286
-0.00855148,-0.013629,-0.403809,0.269616
0.454076,0.436221,0.150208,0.450252
-0.286222,0.966863,-0.0316744,1.27626
-0.0145138,1.17057,0.0643027,1.74156
0.0261255,1.97127,-0.0843734,4.21866
-0.365309,1.94818,0.241472,4.06505
-0.410961,1.98261,-0.250581,4.18209
-0.476132,1.45328,-0.0135467,2.37195
0.0033612,1.96117,0.180034,4.1674
-0.14871,1.57148,-0.217716,2.80111
-0.118974,-0.346198,0.0451556,0.257
0.0933648,0.725042,-0.412625,0.813294
0.00696568,1.51342,0.119213,2.65259
-0.236509,0.0548667,-0.250169,0.292548
-0.28911,0.0113353,-0.152645,0.285432
-0.28721,0.667213,0.0104491,0.77804
0.164486,0.751336,-0.180008,0.905156
-0.203221,0.676274,0.123136,0.802431
-0.417576,1.91061,0.195765,3.91699
0.23895,-0.121629,-0.403399,0.251552
-0.13186,0.255302,-0.396731,0.346627
0.476136,1.78103,-0.0355215,3.42893
0.296345,0.868485,-0.370517,1.0175
0.37706,0.806215,0.0426137,0.952389
0.134759,1.83755,0.258145,3.68065
-0.126568,1.1692,0.347623,1.67858
0.107335,-0.219875,-0.172548,0.26462
-0.272746,0.374199,0.0521543,0.467512
0.329728,0.101797,0.141582,0.302534
0.11715,1.3928,-0.301197,2.26765
-0.279585,1.92517,0.351379,3.97574
-0.414813,1.49184,-0.0532753,2.50638
-0.148245,0.00170011,0.240918,0.29115
0.423071,0.764112,0.165869,0.855893
0.132919,0.621816,-0.0151225,0.750703
0.00117555,1.09825,-0.436092,1.48485
-0.187994,1.31026,-0.161665,2.06039
0.175966,0.287385,-0.458479,0.336194
0.192687,1.46229,0.398092,2.41404
0.33151,0.356326,-0.27652,0.405757
-0.0899453,0.699637,0.445218,0.763309
-0.14503,0.254767,-0.0868116,0.408935
0.0448528,0.466258,-0.0278567,0.583464
-0.32258,0.857186,0.230981,1.03317
0.118573,0.547163,0.30398,0.623728
-0.451358,-0.115078,0.093654,0.252792
-0.0232386,1.39204,-0.359881,2.25229
0.0193604,0.815554,-0.234541,1.01
-0.0298858,0.789132,0.246294,0.962509
-0.147214,1.49492,-0.214774,2.56136
0.263527,-0.241075,-0.19636,0.255687
0.333789,1.50135,0.335849,2.51532
0.330638,-0.335885,-0.0922303,0.251163
-0.253623,1.59678,0.234359,2.85916
-0.319926,-0.0646722,-0.114292,0.272259
0.0835471,-0.311043,0.0875034,0.259086
-0.354486,-0.191233,-0.124452,0.257043
0.0595932,0.232384,0.267397,0.378343
-0.00129441,1.04436,0.0170579,1.46673
-0.322919,1.49408,-0.142786,2.54143
-0.0981224,1.1222,0.196395,1.60578
0.0333975,1.88751,-0.475916,3.81928
0.108966,0.336452,0.253007,0.441441
-0.292517,0.209771,-0.290119,0.325712
0.212084,1.9243,0.346205,3.98312
0.250839,-0.0888233,0.169403,0.271762
-0.0095077,1.08944,-0.466859,1.45239
0.0722058,1.74782,-0.335382,3.36276
-0.390521,0.0424175,-0.0897008,0.278173
0.113661,0.391549,0.16997,0.497436
-0.0830798,0.769763,0.0345792,0.960234
0.181762,1.52607,-0.366697,2.61226
0.370194,0.735433,0.284479,0.806423
-0.0212219,0.254581,-0.481484,0.322082
-0.419213,0.454605,-0.0368747,0.49232
0.0132543,1.12962,-0.278218,1.61198
0.105103,1.65404,-0.0728057,3.08106
0.133319,1.38005,-0.0224134,2.26206
-0.12494,1.82525,-0.247748,3.63819
0.0788735,0.463891,-0.238626,0.557071
-0.217557,1.01564,0.0960846,1.37427
0.308908,0.196711,-0.392722,0.288752
-0.239361,-0.318936,0.0876916,0.255107
0.39768,1.12299,0.0860882,1.55149
-0.0462819,1.13163,0.0100088,1.65909
-0.389511,1.1008,0.0713459,1.50637
-0.46594,1.45403,0.0265692,2.38121
0.290374,1.38979,-0.286693,2.22566
0.160448,1.18092,-0.281115,1.71743
-0.254421,1.79875,-0.136219,3.5593
-0.106928,1.99574,-0.194564,4.28306
0.333646,1.85359,-0.330538,3.69214
0.443662,0.279128,0.00125111,0.350707
0.0448899,0.113097,0.256033,0.32624
-0.202264,1.55161,0.244365,2.73804
0.165709,0.0112939,-0.112883,0.302743
-0.231998,0.870826,-0.0141688,1.10128
-0.209026,1.05576,0.118591,1.46176
-0.275561,1.52018,0.0926766,2.62865
-0.418085,1.75052,0.0161642,3.35683
-0.48019,1.90565,0.0650332,3.88503
0.123077,0.971129,-0.166749,1.30639
0.315815,1.70782,-0.0138225,3.24182
0.380516,0.581023,-0.231415,0.613607
-0.406637,0.814463,0.203393,0.933369
-0.474899,1.85818,0.0215986,3.71491
-0.235816,1.31691,-0.173889,2.06838
0.0986634,1.72198,0.472738,3.2264
-0.335741,1.84813,0.344171,3.67141
-0.0148521,0.742298,-0.00830503,0.923534
0.449119,1.23387,0.0222726,1.79905
0.377341,0.684662,0.109814,0.765217
-0.241111,0.5786,-0.273487,0.642404
0.370031,0.0413847,0.105077,0.281616
-0.374136,-0.285826,0.0196684,0.251324
-0.113833,-0.324492,0.289284,0.252769
0.482958,0.709325,0.109649,0.755769
-0.124257,-0.229918,-0.307686,0.257305
-0.108828,-0.319932,0.242165,0.254708
0.0695664,1.27411,0.384737,1.92184
-0.340079,-0.350563,0.00653347,0.250404
-0.328693,-0.180882,-0.197428,0.256874
0.4319,0.271779,-0.109683,0.346697
-0.0581931,1.97354,0.285097,4.18382
-0.0641198,1.59341,0.270302,2.87315
0.227735,1.98679,0.0756565,4.24563
0.430661,0.192136,-0.182938,0.300891
0.475718,0.747682,-0.0725132,0.819634
-0.1217,1.37923,-0.271246,2.23131
-0.301904,1.90924,0.0272116,3.93935
-0.249776,0.53429,-0.319505,0.577242
-0.206105,0.522276,-0.139721,0.612954
0.356915,1.6286,-0.0858075,2.96215
0.0506457,1.24456,-0.439509,1.82355
-0.0387228,1.80597,-0.113026,3.60099
0.450147,1.4504,0.214929,2.35402
-0.0541363,1.11197,-0.181337,1.58726
0.304277,1.13311,-0.222234,1.58908
-0.259016,0.851143,-0.275343,1.02444
-0.318788,1.5023,0.117053,2.57223
-0.0378073,0.632318,-4.02288e-05,0.771618
-0.246854,0.39019,0.230402,0.463368
-0.136379,1.99769,-0.0346572,4.29164
-0.383337,-0.251059,-0.040653,0.252791
0.0636835,1.28362,-0.419548,1.93185
-0.213556,-0.292782,-0.172465,0.25588
0.176097,0.663731,0.460896,0.693464
-0.258319,1.07947,-0.122391,1.50249
-0.0215343,1.98038,-0.203093,4.21012
0.322495,0.0793545,-0.357942,0.26241
0.266687,1.46337,-0.37955,2.40775
0.289919,0.315272,-0.169249,0.408965
0.485734,1.74366,-0.0608295,3.29699
-0.269201,0.528301,-0.409889,0.533594
0.0806878,-0.238121,-0.191039,0.263079
-0.161946,0.55298,0.0173095,0.663399
0.0614229,1.21272,-0.442864,1.7451
-0.271161,-0.0268693,-0.268639,0.271648
0.392133,0.806303,0.276845,0.909627
-0.410802,1.98573,0.142166,4.21178
-0.288101,-0.19777,0.334289,0.25154
0.00630519,0.401265,0.377532,0.45987
0.102662,1.64572,0.239572,3.04112
0.190612,1.01232,0.40393,1.29735
0.372415,0.232111,0.0270429,0.349837
0.445993,1.0472,0.125005,1.36696
0.178705,1.74795,0.275551,3.36519
0.0097419,-0.306496,-0.0508108,0.260752
-0.194004,0.175295,0.404801,0.299024
-0.459032,-0.0472331,0.157402,0.251631
-0.056411,1.36564,-0.0164393,2.23861
0.0486434,0.709846,0.199973,0.856032
0.155338,-0.145519,-0.376508,0.256834
-0.337243,1.84218,0.314622,3.65483
-0.276648,1.84314,0.0258806,3.71013
0.162625,0.0278876,-0.186982,0.303044
-0.350836,1.07062,0.268081,1.42676
-0.177286,0.712734,-0.312214,0.817056
0.238497,0.643703,-0.25957,0.72381
0.155038,-0.250483,-0.0434422,0.263065
-0.0841712,0.541816,0.434022,0.572059
0.346639,1.8437,0.247147,3.68014
0.262461,1.8026,-0.00760189,3.56668
0.170457,-0.371838,0.221971,0.25189
0.048716,0.592537,0.0385578,0.718191
-0.0585025,1.88821,-0.483214,3.82001
-0.418253,0.851381,-0.1847,0.994856
-0.356204,1.37429,0.3483,2.13956
0.368271,0.133403,0.179834,0.299288
-0.463309,0.487265,-0.054169,0.502646
-0.115093,0.582971,0.00352534,0.700507
0.300614,0.0579168,-0.143077,0.296821
0.43188,1.47381,0.218581,2.43123
0.413283,1.65469,-0.171009,3.01177
0.0515907,1.96092,0.0297323,4.15895
0.128377,-0.406077,-0.102283,0.252704
-0.37353,0.127098,-0.000261892,0.307372
0.294632,1.03768,0.1015,1.40411
0.231651,0.874085,0.372385,1.04248
0.0563812,0.603096,-0.188215,0.719241
0.00492858,1.84951,-0.398705,3.70277
-0.0926746,0.473377,0.134412,0.583371
-0.444442,1.80539,-0.105645,3.52791
0.327808,0.375711,0.237167,0.428869
0.351876,-0.340453,-0.0411892,0.25048
-0.226047,1.72547,0.0302784,3.31113
0.239994,0.117158,0.135933,0.323093
-0.477273,1.33664,-0.103549,2.04038
-0.434554,1.71263,0.0860988,3.20967
-0.112468,0.220885,0.00165536,0.397778
0.4007,0.808587,0.178559,0.931628
-0.0549337,1.30085,-0.156014,2.05918
0.0354576,1.27681,0.280773,1.96598
-0.166839,0.100523,-0.128407,0.329709
0.11823,0.105831,0.456345,0.27148
-0.175148,0.0691078,0.399181,0.274152
0.0485737,0.808706,-0.114382,1.02506
0.280872,0.206848,-0.285267,0.329051
-0.350647,1.79688,0.190944,3.51367
0.0541282,0.89073,0.16298,1.15042
0.205456,1.9584,0.101692,4.14026
-0.43429,1.51965,0.0220263,2.59033
0.317815,0.636371,0.188135,0.7078
0.231086,1.31454,0.0366365,2.0682
0.375103,0.890399,-0.162506,1.0828
-0.320139,0.415982,0.152002,0.479134
0.327621,1.01703,0.260098,1.3184
-0.223014,0.795279,0.440412,0.886846
0.0369565,0.356927,-0.372828,0.427719
0.0829507,1.9021,-0.019571,3.95235
0.330817,0.944343,0.122458,1.20546
0.394364,0.80626,0.0806331,0.947087
-0.0959789,1.45432,0.420636,2.39129
-0.269141,0.732053,0.113863,0.867274
-0.342177,0.661867,0.0865508,0.749799
-0.169042,1.45535,-0.298311,2.43883
-0.0796196,1.05998,0.186672,1.47348
-0.11088,1.61273,0.174584,2.94674
0.48983,1.16852,0.0320321,1.61954
0.0136951,1.94582,0.146756,4.10428
-0.202946,0.406084,-0.270352,0.478452
-0.0844759,0.608361,-0.0835664,0.734798
-0.270399,1.69756,0.0886789,3.20211
-0.145197,0.882325,-0.125834,1.13472
0.0734672,1.48133,0.0356128,2.56143
0.108898,1.20505,-0.173883,1.80293
0.38117,1.84081,-0.281714,3.64436
0.315341,0.584354,-0.00239881,0.661595
-0.107602,0.913045,0.0172151,1.19806
0.188266,0.589481,-0.212707,0.681338
0.0853415,1.32522,0.232104,2.10122
0.488792,0.880142,0.0894911,1.02654
0.155837,1.28615,-0.343814,1.9549
-0.229243,0.976594,0.271462,1.26742
-0.341759,1.32044,0.0159445,2.05768
-0.245354,0.276776,0.0454874,0.409779
0.0632096,1.00678,-0.0669853,1.38477
-0.425009,1.85683,0.193104,3.71486
0.0662064,1.48957,-0.392926,2.51662
-0.0535432,1.75042,-0.407077,3.34466
-0.326228,0.141921,0.108048,0.319517
-0.265809,-0.0137488,-0.0502622,0.29004
-0.149646,1.70103,0.114254,3.23483
0.160294,0.383435,-0.129162,0.492775
-0.354885,1.5766,0.344959,2.73931
0.162435,0.19909,-0.0334235,0.37642
-0.385237,0.193081,-0.181736,0.316066
-0.324871,1.42062,0.0126736,2.32521
0.19732,0.8009,0.0819333,0.996168
-0.147515,0.766921,0.471959,0.840063
0.128656,0.0202161,-0.230348,0.298099
0.332233,0.897663,-0.194245,1.10942
-0.0963068,1.87919,-0.29039,3.83831
0.177825,0.202234,0.126254,0.371865
-0.107589,0.272383,0.416863,0.351381
-0.187889,1.3297,0.341254,2.06884
-0.122291,0.572488,-0.300951,0.64536
-0.241579,-0.332729,0.117923,0.25345
-0.268508,1.90376,-0.400543,3.87691
-0.317349,1.72815,-0.0911125,3.29486
-0.351713,-0.104876,0.0184954,0.265676
-0.0798987,1.42868,0.189629,2.39532
0.176165,1.71942,-0.083066,3.29093
0.271814,0.700117,0.0938858,0.823972
-0.0356501,0.189621,-0.222048,0.363386
-0.110228,-0.206232,0.139794,0.26732
-0.387442,0.348849,-0.24865,0.389809
-0.194681,-0.317927,-0.277928,0.252377
0.275778,1.97941,0.069316,4.21258
-0.14733,1.3289,0.0269026,2.12116
-0.127971,1.93927,-0.223965,4.06635
-0.12455,1.42037,0.340617,2.31685
-0.241561,1.47746,-0.278852,2.48657
0.162877,0.377539,0.350412,0.439797
-0.168631,-0.340587,-0.2381,0.25258
-0.113154,-0.259656,0.000153998,0.264414
-0.317919,1.72735,-0.238423,3.27423
0.191629,-0.406695,-0.163027,0.250727
0.0835606,-0.297777,-0.385596,0.250255
0.373056,1.63871,-0.134835,2.97782
0.157178,0.193914,0.399703,0.315394
-0.326891,1.68793,-0.259844,3.13867
-0.453504,1.10556,0.07359,1.492
-0.0300666,1.81303,-0.33842,3.5812
-0.212157,-0.362016,-0.0748965,0.253633
0.231931,-0.0856936,0.399415,0.254358
-0.316407,0.237053,0.16452,0.359598
-0.35401,0.775757,-0.157837,0.897926
0.345687,0.392824,0.191799,0.448307
-0.399795,1.1578,-0.247623,1.59951
0.291955,1.42051,-0.235567,2.32095
0.300602,1.23582,0.162256,1.84915
-0.00333339,0.67331,0.186421,0.805895
-0.183496,0.96776,0.0360849,1.29689
0.253542,1.55668,-0.282557,2.72115
0.0665038,0.134373,0.0268722,0.355419
-0.284507,0.400296,0.279805,0.450803
-0.221784,1.17931,0.00448739,1.72922
0.339045,0.206753,-0.0246652,0.348586
-0.1731,1.45268,-0.233188,2.4398
-0.107512,0.604767,-0.0813704,0.732778
0.179044,1.0046,0.0963416,1.35968
0.0417588,1.47394,0.487095,2.42799
0.411871,1.80922,0.248062,3.532
-0.108738,1.59485,0.362667,2.84427
-0.154613,1.5493,0.420612,2.67237
-0.26564,1.49869,-0.233803,2.5613
0.00894423,0.0413177,0.0980282,0.318688
-0.38612,0.239887,-0.0837497,0.348217
0.260641,1.22191,-0.371212,1.76767
0.246615,1.81194,-0.430449,3.53402
0.134672,-0.0431334,0.229196,0.285199
0.112582,1.62338,0.162302,2.98025
-0.0934792,-0.260623,0.227156,0.260706
0.175662,0.0498759,0.453709,0.256926
-0.143153,0.380905,-0.155795,0.490983
0.132002,0.246222,0.348104,0.360075
-0.197916,-0.16477,0.0413604,0.2702
-0.307019,0.868259,0.35508,1.01763
0.140357,1.40994,0.0163406,2.34822
-0.066761,1.30621,0.442818,1.98018
0.197321,0.341977,-0.185742,0.444269
-0.0208427,0.859008,-0.223993,1.08573
-0.302851,-0.316906,0.0304919,0.254054
0.103992,1.63025,-0.430178,2.93115
0.0404904,0.150322,0.0919468,0.359257
-0.0318327,0.265456,-0.417932,0.354049
0.201481,1.0978,-0.171903,1.54483
0.22084,0.102299,0.289276,0.302063
-0.495008,0.208242,-0.0327509,0.29455
-0.328138,0.312058,-0.138112,0.401845
-0.375347,0.450619,-0.225722,0.480864
0.134761,0.97801,-0.195454,1.29212
0.359964,0.733089,0.28601,0.807841
0.361322,0.268908,0.200841,0.3586
-0.140639,-0.196715,-0.213369,0.264414
-0.119922,0.0547717,0.20036,0.309044
0.317363,1.7121,-0.206547,3.22713
-0.127212,0.381615,0.458357,0.407502
0.121967,-0.0437077,0.410837,0.260828
0.24567,-0.0883974,-0.40928,0.251703
-0.420971,0.850146,-0.0311349,1.00953
0.406961,-0.120806,0.0705194,0.257549
-0.208693,1.63549,-0.0360864,3.00967
0.341962,0.402522,0.276596,0.436505
-0.41059,1.53133,0.202412,2.6142
0.27184,-0.257947,-0.2983,0.251469
0.125522,1.73934,-0.117669,3.37023
-0.186839,0.241888,-0.395654,0.334914
-0.217746,0.532425,0.138918,0.61641
0.0151549,-0.331121,-0.310619,0.252714
0.007408,1.41856,-0.13444,2.36524
-0.263521,1.17922,-0.157918,1.7127
-0.238359,-0.246688,0.116396,0.260015
-0.439088,1.5643,-0.000745482,2.72084
0.0836484,1.81901,-0.093209,3.6467
0.261761,1.36696,-0.114627,2.20042
0.274174,1.93293,0.112695,4.03988
0.0674271,0.972708,-0.0108935,1.32435
-0.0688687,1.65125,-0.00669009,3.08458
0.324658,1.27314,0.150426,1.9328
-0.142183,-0.151918,0.335712,0.26077
-0.414466,1.11914,0.210977,1.51341
0.151914,0.358949,-0.0179727,0.486366
0.375988,-0.289653,0.0813318,0.251019
0.0406088,-0.187743,-0.220767,0.266715
0.016241,0.930194,-0.293766,1.1971
0.278896,0.846661,-0.156189,1.04149
-0.38934,0.844836,-0.0759164,1.01072
-0.210767,1.4037,0.0706677,2.32603
-0.0925991,1.85056,-0.185386,3.75567
0.388812,0.449318,-0.0865944,0.495824
0.223283,1.88362,0.424798,3.80679
-0.369854,1.2182,-0.27043,1.75534
0.250996,1.82506,0.0441637,3.64788
0.114125,0.823905,-0.369887,0.978401
-0.439344,-0.125613,-0.086159,0.253833
-0.436467,0.584732,0.0606725,0.619231
-0.155524,-0.213053,-0.249392,0.261062
0.0179815,-0.430009,0.101136,0.252128
-0.26213,0.871987,-0.323095,1.04606
0.0889769,0.979983,0.287471,1.28994
-0.213323,0.898297,-0.444987,1.06022
-0.383563,0.639529,-0.173202,0.695811
-0.320466,0.458611,-0.157268,0.520128
-0.232165,1.85208,-0.209818,3.75608
-0.064042,1.99724,0.145426,4.3004
0.0848267,1.83276,-0.262625,3.67297
-0.0751523,0.187182,-0.172882,0.370504
-0.0319754,0.151243,0.388028,0.30923
0.388517,1.6581,0.0659325,3.03814
-0.367636,0.956367,-0.295387,1.17749
-0.19919,1.96454,-0.44727,4.11173
0.0424532,1.2044,-0.360949,1.75824
-0.04666,1.66369,0.0220236,3.14437
0.21449,0.44077,0.0128254,0.536907
0.075262,0.916844,-0.190905,1.1885
-0.152298,0.553991,0.426214,0.579868
-0.24196,0.241445,-0.415707,0.316252
0.325144,-0.34348,0.0411172,0.251209
0.161274,1.43396,-0.152657,2.41234
-0.150728,1.08425,0.183227,1.52197
0.0332599,-0.0068346,0.191349,0.29996
0.463454,1.40922,-0.155373,2.24054
0.302022,1.95075,0.145832,4.1052
-0.32501,1.77869,-0.199135,3.45624
-0.0701502,0.757931,-0.224484,0.920726
-0.343232,-0.135067,0.116036,0.26141
0.461601,1.51824,-0.108428,2.56694
0.193936,0.699309,-0.0629316,0.843806
0.0604393,0.896985,-0.23545,1.15068
0.121132,1.31088,0.28959,2.03319
0.245005,1.87503,-0.430213,3.77001
-0.112799,1.20416,0.362856,1.75112
-0.300286,1.72993,-0.106924,3.31215
0.242782,0.922781,-0.321846,1.14314
0.300432,0.255378,0.399196,0.315403
-0.411654,1.16721,0.0941864,1.6476
-0.0809669,1.91509,-0.162217,4.00026
-0.220053,1.64431,-0.372974,2.98857
-0.393746,1.8883,0.0887537,3.85469
0.035587,0.951483,-0.403264,1.20142
-0.302921,0.0409751,-0.234121,0.282294
0.327791,1.29343,0.359117,1.93347
-0.44025,0.762871,-0.111988,0.855191
-0.19248,1.96055,-0.274938,4.12974
0.268972,0.402485,0.02105,0.494581
-0.374519,1.47615,-0.258769,2.45296
-0.209338,-0.101576,-0.016271,0.279788
-0.258553,0.702587,-0.239628,0.802036
-0.271226,0.900005,-0.0639965,1.13967
0.13991,0.216218,0.293814,0.356143
0.237023,0.604479,-0.271845,0.671724
0.290177,-0.0277457,0.226768,0.272517
-0.049195,0.941623,0.439473,1.16422
0.215596,0.474823,-0.336524,0.520733
0.482881,0.420744,-0.0971386,0.429762
0.289303,0.182843,0.00710646,0.351416
0.305711,-0.0673135,-0.266109,0.263049
0.108206,1.97738,-0.175841,4.21837
0.404701,0.435529,0.0204139,0.485322
-0.278403,0.244877,-0.336176,0.333835
-0.235909,0.703072,0.362207,0.777525
0.471182,1.3941,0.0685749,2.20397
-0.255442,0.0906385,-0.230599,0.302647
-0.367339,0.755194,-0.104657,0.87028
-0.15148,0.892416,0.301281,1.1108
0.113259,1.76863,-0.0626128,3.46586
-0.234845,-0.267348,-0.0979813,0.258777
-0.262631,-0.363522,-0.0948374,0.252413
-0.168046,1.3225,0.13103,2.09393
0.383298,1.13381,0.0844904,1.57781
0.0777924,1.48458,0.0260204,2.55587
0.0972284,0.564184,-0.00733778,0.686266
0.381215,0.292677,0.148976,0.373085
0.109777,1.23592,0.00832594,1.89286
-0.384406,1.44205,-0.168212,2.36201
-0.224897,-0.119849,0.0864438,0.274066
0.223114,1.7346,0.262047,3.30559
-0.000150743,1.77411,0.173895,3.47873
-0.0943646,0.345295,-0.0701213,0.474752
-0.409069,0.160898,0.273042,0.278723
-0.0291605,1.28943,0.24573,2.00107
0.0438772,0.968531,0.0394628,1.31726
-0.229207,1.80633,0.321827,3.5462
-0.277774,1.54612,-0.14405,2.7133
-0.394038,0.0916712,-0.160788,0.283492
-0.306966,1.36581,-0.342192,2.13355
0.0360498,1.43456,0.361001,2.3728
-0.176332,1.27028,0.0761847,1.96722
0.181801,0.106577,-0.00537379,0.335622
-0.350386,0.984505,-0.326568,1.23174
0.239122,0.250194,-0.185738,0.381588
-0.131076,1.5986,0.0217793,2.91436
-0.0389035,1.91675,-0.0374861,3.99725
0.309698,1.6624,-0.0329694,3.08389
-0.418517,1.2623,0.225509,1.85627
-0.0297125,1.46442,-0.0495926,2.51157
-0.0505572,1.32239,0.250594,2.07391
-0.0290659,1.66845,0.0567473,3.15295
-0.449716,1.68213,-0.0591404,3.09167
-0.384693,1.56518,-0.21847,2.72849
0.220336,0.430573,-0.114109,0.522535
-0.0210317,0.924308,0.0869088,1.22947
-0.193547,-0.20508,-0.34587,0.254129
-0.165019,0.957717,-0.233492,1.24948
0.283235,1.69693,-0.305701,3.1616
0.0899046,1.13392,0.229721,1.62961
-0.263402,-0.379055,-0.126948,0.251041
0.380836,1.33876,-0.0779025,2.09499
0.272592,-0.348296,-0.218883,0.250207
-0.436299,0.188282,-0.239808,0.286278
-0.0876488,-0.238211,-0.379094,0.252885
0.182753,1.57205,0.0704252,2.82088
0.241182,1.97657,0.335802,4.17772
-0.221365,1.5413,0.353507,2.65598
0.244828,1.31926,0.297082,2.03566
-0.0648461,0.845834,0.0420877,1.09316
-0.381889,1.53521,0.20079,2.63489
-0.266013,1.44135,0.407216,2.33414
-0.316359,1.73511,0.194204,3.31585
-0.271766,0.835324,-0.246982,1.00495
0.466563,1.78188,0.156931,3.42931
-0.164126,0.639205,0.302279,0.720745
-0.308675,1.02183,-0.363023,1.30282
-0.299357,0.896545,-0.13253,1.12863
-0.12876,1.08784,0.261373,1.52483
-0.00617405,1.54262,0.499778,2.62962
-0.0477755,0.441676,0.0417188,0.559304
0.426084,0.97139,-0.101541,1.22229
0.199881,0.338272,-0.196382,0.443538
-0.174495,0.777753,-0.423596,0.873522
0.186924,1.95588,0.148904,4.12781
0.120224,0.520452,-0.389857,0.55974
0.365593,0.995615,-0.259866,1.26388
-0.240653,-0.277963,-0.31755,0.250596
-0.308048,-0.112613,-0.204791,0.263151
0.254024,-0.137544,0.00568151,0.270459
0.0816287,0.109098,0.355778,0.302838
0.391606,1.03841,-0.225833,1.34928
-0.200727,-0.31834,0.116523,0.256137
0.0253082,1.40215,-0.212303,2.32609
0.134965,0.947673,-0.00048635,1.26241
-0.0682198,-0.202572,-0.00665597,0.270866
-0.260276,1.81939,0.372776,3.57878
-0.0804728,1.04545,-0.297825,1.41634
-0.28085,-0.0128056,-0.0374633,0.287115
-0.214114,0.877287,-0.218993,1.10071
0.348923,1.98601,-0.345384,4.19305
-0.236794,1.90988,0.404633,3.91473
0.324093,1.52189,0.369531,2.56895
-0.425223,1.55638,0.0678023,2.71504
-0.117346,1.52478,-0.386685,2.60645
0.0927549,0.274797,0.439887,0.345336
0.141215,0.655909,0.207773,0.770472
-0.349795,0.431446,-0.120615,0.487787
-0.261908,-0.318473,-0.280196,0.250005
-0.0315925,1.3287,0.172489,2.11776
0.168611,0.763969,-0.24411,0.909435
0.297918,1.09974,0.138416,1.53618
0.0817281,1.21914,-0.406679,1.77655
-0.346591,1.41086,-0.234642,2.27298
-0.471229,1.2006,-0.120992,1.69511
-0.276696,0.241366,-0.128216,0.372589
-0.00259735,1.17616,0.0658247,1.75105
-0.199175,-0.014983,-0.0776057,0.297521
-0.00373889,1.2311,-0.241224,1.86331
0.0911352,0.192884,0.113909,0.378424
-0.21012,0.187721,0.289552,0.334491
-0.152421,0.838933,-0.0594961,1.06412
0.401391,0.131287,-0.237479,0.279853
-0.382689,1.05342,0.109513,1.40348
0.381821,0.250529,-0.119673,0.353224
-0.279548,1.791,-0.247089,3.51076
0.495363,0.519539,-0.0364096,0.521436
0.152767,1.13565,0.0535142,1.65424
0.377134,1.87671,-0.0510101,3.81169
0.343059,1.54252,-0.0685591,2.69877
-0.224479,1.3251,-0.10726,2.09806
-0.278825,1.93484,0.408103,3.99446
0.240994,1.30521,-0.351573,1.9846
-0.389937,0.179605,-0.0803791,0.319793
-0.299824,-0.134727,-0.314653,0.254891
0.0210388,1.85541,-0.485233,3.69958
0.409267,0.501809,-0.0324422,0.537777
0.0418836,1.80797,0.488489,3.52287
-0.3768,0.189019,0.0455217,0.328592
-0.132278,0.75597,0.364924,0.867174
-0.0126925,1.75034,-0.456857,3.33537
0.00946055,1.39832,0.360283,2.26859
-0.0959232,1.59874,-0.193794,2.90173
0.168092,1.00055,0.0650891,1.35222
0.4772,1.79629,-0.00726096,3.48739
-0.178698,1.77974,-0.108423,3.49034
0.119696,1.62632,-0.421022,2.92476
-0.246914,1.63916,0.134311,3.00617
0.110624,-0.216484,-0.329934,0.256958
-0.0372713,1.48623,0.0112151,2.57863
0.206819,0.278053,0.304695,0.377017
0.405024,1.91841,-0.290296,3.93108
0.13729,0.824328,0.325908,0.985454
0.0675117,0.136175,-0.0987778,0.351404
-0.092406,1.30049,0.294511,2.01783
-0.259491,0.247938,-0.289411,0.351355
-0.0777058,0.810829,-0.341915,0.973975
-0.238203,1.24508,0.0495521,1.88847
0.0614964,0.258705,0.118239,0.41262
-0.327358,1.33704,0.328745,2.0559
0.19001,-0.357636,-0.230935,0.251767
0.155923,0.47315,0.0750997,0.572304
0.0793565,0.332857,0.43509,0.385279
-0.244903,0.462427,0.294762,0.514739
-0.0418627,1.97183,0.380775,4.16496
0.29643,1.48959,-0.280776,2.50409
0.304552,1.04854,0.178341,1.41205
0.40515,1.34037,0.188172,2.07071
0.200109,0.437275,-0.389803,0.469099
0.00774524,-0.0392444,0.0937654,0.297379
0.205189,1.22717,-0.125529,1.85144
0.387713,0.3915,-0.195035,0.433118
-0.0325779,1.61239,-0.329389,2.92933
-0.0623606,1.59566,0.164905,2.8931
0.115538,1.52681,0.437926,2.60455
-0.111791,0.710456,-0.0835079,0.867232
-0.0238591,0.946734,0.181376,1.24834
-0.171153,0.644816,-0.337061,0.718793
-0.0181534,1.32196,0.117785,2.12302
0.196807,0.692885,0.187955,0.812815
0.491831,0.926791,-0.00820646,1.11238
-0.0588492,1.9455,0.230986,4.08752
0.146553,-0.23468,0.183452,0.261973
-0.233326,0.597534,-0.361324,0.642428
-0.127472,0.78317,-0.341821,0.922156
-0.41818,1.76695,0.00566954,3.41041
0.042826,0.940648,-0.111197,1.24929
-0.297537,-0.168342,0.210732,0.258312
-0.0310002,0.456673,0.174596,0.563954
-0.352967,-0.224347,0.266624,0.25016
0.113339,1.89815,0.439739,3.86685
0.0122655,-0.238888,0.302234,0.258385
-0.440484,0.980407,0.0538913,1.23459
-0.0180058,1.87901,-0.116583,3.85
0.270813,0.94072,-0.226953,1.19391
-0.0328922,-0.293077,0.121666,0.260032
-0.283671,0.00597586,-0.359274,0.260476
-0.488578,0.937358,0.0521653,1.13128
-0.0643035,0.187587,-0.195971,0.366703
0.0364776,-0.0231668,0.227545,0.292513
-0.268773,0.801002,-0.247759,0.946019
-0.333507,0.378913,0.370276,0.394445
0.0782362,1.08127,0.440503,1.44154
0.216471,-0.0588106,0.0771828,0.283914
0.32141,0.848485,0.263076,1.013
-0.106487,-0.137494,0.0385031,0.278554
0.121522,0.0681242,0.328178,0.296237
0.232114,0.947138,-0.200784,1.2196
-0.464293,1.61829,-0.00371175,2.8859
-0.0614089,1.88837,-0.17126,3.9016
-0.195973,1.37754,-0.351657,2.18913
0.214504,1.1082,-0.433315,1.48529
-0.120093,-0.0914575,-0.316663,0.26817
-0.126706,1.70184,-0.283017,3.2101
0.474299,-0.0615757,-0.0804919,0.251813
-0.244325,0.331563,0.234618,0.422809
0.243797,0.287339,0.393665,0.348835
-0.395626,0.618329,-0.252612,0.64706
0.305319,0.622094,-0.377299,0.644839
-0.0961724,1.66174,-0.400405,3.0386
0.104861,0.230154,0.317506,0.363794
0.211087,1.58601,0.171925,2.84983
-0.322689,1.9194,-0.301065,3.95119
-0.145113,1.05755,0.190667,1.46261
0.251203,0.0950336,-0.175507,0.312466
-0.416962,1.29641,0.137764,1.96195
0.220103,1.49489,-0.150432,2.57466
-0.206178,1.5471,0.370894,2.68368
0.0929767,1.23407,-0.469152,1.78366
0.000228477,0.971937,-0.344236,1.25675
-0.304171,0.334475,0.00424602,0.434299
-0.126061,0.728797,0.297087,0.856343
-0.0702086,1.92438,0.461152,3.96768
-0.218164,-0.279521,-0.30948,0.251947
0.0906739,0.282794,-0.390586,0.369808
0.419699,1.33561,0.137007,2.06363
0.168767,1.04735,0.404764,1.37084
-0.0918768,1.24985,0.335315,1.88143
-0.387795,0.456626,0.148504,0.494807
-0.27489,1.70444,0.107775,3.22374
-0.339188,1.06743,0.278846,1.41997
0.100032,1.78365,-0.0842666,3.53358
0.220048,-0.383161,-0.0538965,0.252849
0.154616,1.18255,-0.423321,1.67095
0.0756415,-0.300503,0.174122,0.259136
0.235633,1.99713,-0.409991,4.24582
0.0134082,0.194348,0.325012,0.347741
-0.263229,0.954031,-0.266971,1.22023
-0.371236,0.989627,0.123445,1.27426
-0.0366062,0.297685,0.344485,0.39706
-0.345464,-0.234694,0.00174244,0.255958
0.365203,1.47658,-0.15721,2.48067
-0.247522,1.32596,0.346224,2.0434
0.108476,0.80838,-0.0712181,1.01764
-0.368549,0.378104,0.171547,0.432821
0.0566258,0.430831,-0.246553,0.527097
0.287696,-0.148233,0.268541,0.258285
0.321816,1.27977,0.351087,1.89865
-0.405468,0.569196,-0.218268,0.593929
0.21135,0.90218,0.237337,1.13169
0.229705,1.5538,0.315374,2.71027
-0.0856807,0.0362955,0.282956,0.296204
0.104086,0.624403,0.33859,0.696799
-0.298534,-0.00816975,0.149231,0.281774
0.41956,1.98132,0.264409,4.17688
-0.174131,0.654242,0.465089,0.679617
0.287268,1.26873,-0.103068,1.93962
-0.395087,1.81124,-0.270459,3.54037
0.306512,1.7756,-0.0755816,3.47084
0.103383,0.140252,0.106806,0.350488
-0.0902829,1.0299,-0.303823,1.39014
0.408614,-0.281078,0.0506639,0.249965
0.199554,0.747445,0.262791,0.880312
0.273467,-0.157299,-0.334581,0.253264
-0.0627051,1.18432,-0.285726,1.73511
-0.0940324,-0.378024,-0.0649517,0.255248
-0.452761,1.01776,0.0253805,1.3062
-0.292518,0.613653,0.284725,0.667028
-0.0989017,-0.202538,-0.37505,0.254855
-0.107548,1.41462,0.217662,2.33943
0.332112,-0.134899,-0.223907,0.258287
-0.345737,0.317845,0.203677,0.390473
0.027916,-0.100766,-0.425779,0.257889
-0.0139291,1.62934,-0.118778,3.01047
0.412406,0.146443,-0.00399331,0.302943
-0.358603,0.409609,-0.20647,0.456616
0.146441,0.794313,-0.395759,0.916346
-0.0115237,0.261004,-0.271881,0.393218
0.360718,0.753463,-0.29226,0.83496
0.442123,0.794632,-0.168851,0.89453
-0.0951813,0.503621,0.281712,0.579195
-0.218738,1.62481,-0.12942,2.9792
-0.201576,-0.168383,-0.0317933,0.270359
-0.223497,0.78151,-0.112509,0.948537
-0.283319,0.223508,0.125126,0.365859
0.137284,0.992585,0.190044,1.33977
-0.118986,1.10274,-0.463221,1.47561
0.0199577,0.283168,-0.142191,0.426996
0.237419,1.7804,-0.113564,3.50343
-0.194961,0.576444,0.12028,0.683304
-0.081401,1.30223,0.473873,1.95154
-0.346348,0.452528,-0.0101298,0.515537
-0.0248807,0.838274,0.194195,1.06032
0.458042,-0.19256,0.0403507,0.25004
0.197124,-0.0639396,-0.0130793,0.285504
0.100355,0.68091,-0.380076,0.763404
0.0306918,1.18858,0.0265784,1.77891
-0.214279,0.664273,-0.15086,0.786592
-0.109932,0.085806,0.402906,0.283983
0.120235,0.435566,-0.151913,0.538519
0.159774,1.74274,0.30159,3.35267
0.473476,0.102702,-0.0277553,0.270123
0.212012,1.68808,0.0311283,3.18478
-0.223846,1.29503,0.254824,1.99501
-0.367292,0.471119,0.276968,0.490846
0.0293654,0.222538,0.276199,0.370607
0.0500654,1.40386,-0.438791,2.24496
0.110066,1.67811,-0.166717,3.16952
0.0171863,-0.261994,0.0893136,0.264028
-0.150371,-0.260415,0.193908,0.260177
0.104593,0.409489,0.250878,0.500311
0.376344,0.396612,0.0364703,0.457325
0.274448,0.14912,-0.0274627,0.340013
0.344908,0.381358,0.00812719,0.457375
0.125674,-0.0173852,0.332474,0.276166
-0.129969,1.74667,0.33984,3.36329
-0.178149,0.586981,-0.416552,0.616805
0.250379,0.620245,0.282683,0.688679
-0.482508,0.877116,0.0196618,1.02696
0.16086,0.415788,-0.162932,0.513368
-0.313261,1.2493,-0.0511298,1.88811
-0.0322913,0.86497,-0.458072,1.02049
-0.403503,1.83012,-0.13798,3.62549
-0.198561,1.25589,-0.0508575,1.92983
-0.246525,1.65959,-0.279036,3.05063
0.087872,0.710456,-0.41251,0.793968
0.363619,1.56625,0.243381,2.73179
0.0390937,1.37997,0.00676573,2.27142
-0.311536,1.24349,0.197094,1.86264
-0.0339435,1.19242,0.399888,1.71739
-0.173989,0.840065,-0.285798,1.02111
-0.277029,1.06583,-0.0951139,1.46366
-0.0224708,1.26275,0.186847,1.94701
0.111385,1.49034,0.478553,2.47349
0.158553,1.47062,0.20636,2.49389
-0.415096,1.13999,-0.205098,1.56686
0.288541,-0.332552,-0.00085689,0.252941
-0.463732,0.118752,-0.0784833,0.275324
-0.299703,-0.0407519,0.090431,0.279414
0.0719129,-0.144574,0.406438,0.256128
-0.0482598,0.858577,0.253461,1.08561
0.184321,1.95885,0.191424,4.13952
-0.365039,0.629064,0.328149,0.649321
-0.0334106,0.162746,-0.049778,0.371728
-0.217685,1.3426,0.320332,2.09684
0.262491,0.495595,0.291213,0.542381
-0.0733488,1.96588,-0.285679,4.16035
0.345843,0.0882158,-0.0324775,0.301748
-0.120373,1.55159,-0.0876064,2.76931
0.0646491,1.50058,0.0933648,2.6283
0.222739,1.26955,-0.445514,1.86256
-0.183898,1.75811,-0.275599,3.4025
0.339027,0.97617,0.199584,1.24879
-0.115165,-0.136961,0.231855,0.271586
0.315529,1.47428,0.294687,2.46015
-0.0875796,-0.0661436,0.433638,0.257851
-0.431279,1.32585,-0.177569,2.02241
-0.300287,0.0359711,-0.083294,0.294204
0.0611139,1.82939,-0.134357,3.68136
-0.260702,1.53013,0.284974,2.63262
0.359938,0.145577,0.224547,0.298807
-0.255895,1.986,-0.00482281,4.23725
0.232603,0.346585,-0.317326,0.414554
0.0678576,-0.197083,-0.0458907,0.270843
-0.0270751,1.71076,0.220129,3.2728
0.459718,0.0648058,0.189775,0.255023
-0.221357,1.29101,-0.395457,1.93866
0.0282115,-0.0425185,0.0959549,0.296278
-0.104811,0.13963,0.455346,0.282722
-0.183362,-0.252569,0.0701676,0.261743
-0.0526845,0.0224207,0.408508,0.271777
0.305236,-0.202854,-0.0277822,0.26056
0.459602,0.721626,-0.0293179,0.787778
0.161905,0.713533,0.323217,0.821022
-0.127472,0.02283,-0.267127,0.293902
-0.292881,1.27594,0.0354874,1.9562
0.258857,0.0210676,-0.367356,0.264072
0.242143,1.54557,-0.330256,2.67938
0.0854304,0.73659,-0.111248,0.910836
0.174212,0.998766,-0.293489,1.31019
0.312812,1.84766,0.118442,3.71489
-0.372547,1.59595,-0.114021,2.84033
-0.0824854,-0.364821,-0.263328,0.252052
-0.258316,1.70234,-0.142665,3.21555
-0.34352,0.159972,0.0854174,0.322364
-0.270985,0.110454,0.2827,0.297643
0.215304,0.888951,0.405844,1.05941
0.226428,-0.230046,-0.0978938,0.260924
0.416966,-0.0574776,-0.264921,0.250446
0.34794,0.235931,-0.334015,0.31362
0.412381,0.859232,0.217193,1.00556
-0.284027,1.90575,0.329712,3.90899
-0.164711,1.50301,-0.295549,2.58013
0.272171,1.3064,0.324414,1.98908
-0.031755,-0.0529552,0.256848,0.283565
0.0969628,1.6151,-0.368002,2.91157
-0.0986161,1.46883,-0.0466143,2.52122
0.146604,1.90286,-0.267186,3.92495
0.28333,-0.0721603,0.0752489,0.276911
0.083096,0.130859,0.428916,0.289219
0.413822,0.139098,0.0798923,0.298866
0.0442343,0.4682,0.114148,0.577271
0.391346,0.893741,-0.192427,1.07503
0.392501,0.927062,-0.199428,1.13484
0.182381,1.02257,0.068002,1.39989
-0.269771,1.73855,-0.0799455,3.35316
-0.173149,1.9431,-0.19354,4.08129
-0.354817,1.13228,-0.298723,1.54906
0.112334,0.0877015,-0.176502,0.323191
0.130683,0.467916,-0.363924,0.515645
0.341733,1.49447,0.355171,2.4902
0.0933215,-0.238629,0.00025158,0.266362
-0.310806,1.4325,-0.0277267,2.37802
-0.00889121,1.65908,0.215327,3.09171
-0.27003,1.88824,-0.257616,3.85571
-0.247649,0.502213,0.155828,0.579124
-0.307678,1.48379,-0.0856299,2.5297
0.1406,0.302823,-0.208332,0.425928
0.0439414,1.78722,0.0320378,3.54733
0.274275,1.88519,-0.328344,3.82593
-0.0898246,0.43879,-0.359424,0.498124
0.208256,0.524101,-0.298098,0.580245
0.0223111,1.30099,-0.167595,2.05726
-0.0228075,0.209346,-0.464226,0.30941
-0.0104962,1.10944,0.1129,1.60503
0.489506,0.251412,-0.0561581,0.316761
-0.121465,0.857874,-0.132958,1.09189
-0.147431,1.62541,-0.00643921,2.99228
0.232206,0.465068,0.0936486,0.552248
0.466822,0.375919,0.130108,0.398319
-0.215762,0.874706,-0.0843272,1.11689
0.114152,0.215754,0.207244,0.376776
0.123203,1.15767,-0.297948,1.66651
0.439239,-0.0734443,-0.0320135,0.257206
0.225342,0.20774,0.156365,0.364761
0.255738,1.01739,-0.0454113,1.36606
-0.321111,0.0472375,-0.249443,0.278773
0.258493,1.86345,-0.425845,3.72287
0.312662,1.6001,0.145882,2.86105
0.0548443,1.19401,0.284898,1.76715
-0.0800286,-0.186083,-0.407451,0.253964
0.00969844,1.84157,0.118299,3.73866
-0.389912,0.837445,-0.187165,0.984449
0.218602,-0.183661,-0.196623,0.26389
0.0136759,1.87736,-0.168728,3.8652
-0.282143,1.70125,-0.0176582,3.22002
-0.407501,0.0234127,0.0223551,0.273184
-0.215993,0.245238,0.099734,0.392141
-0.145519,-0.336543,-0.19107,0.254587
-0.0815105,0.327781,-0.0230421,0.468654
-0.0941495,1.86452,-0.0416865,3.81623
0.254977,1.08482,-0.221816,1.48902
0.139069,-0.0922492,-0.468027,0.250535
0.441401,0.998044,0.0360746,1.27094
-0.0700618,1.4094,-0.314608,2.31246
0.206331,-0.0917333,0.217537,0.272202
-0.0679873,0.304224,-0.308069,0.409773
-0.346794,1.91495,0.250182,3.93456
0.0164822,0.64244,0.3853,0.713149
0.364056,0.0333141,-0.0853462,0.282936
0.124694,0.153607,0.217249,0.343593
-0.468218,1.59099,-0.0271543,2.79932
0.266053,-0.0646523,-0.1177,0.276501
-0.180671,1.83235,0.436345,3.61629
-0.188464,1.13455,-0.195867,1.63151
-0.234553,1.01208,-0.247534,1.33918
-0.141668,1.64264,-0.100354,3.05189
0.285891,1.21887,0.265379,1.78345
0.181194,-0.131614,0.17041,0.271855
0.0880808,-0.180283,0.406705,0.25366
-0.0503199,1.96921,0.152793,4.18342
-0.031163,0.364561,0.439574,0.409292
-0.269609,1.29176,-0.157428,1.99295
-0.342861,0.133465,-0.00754729,0.317816
-0.39644,0.594196,0.205389,0.628275
0.1285,-0.0436094,0.341011,0.270471
0.152392,1.1129,-0.181878,1.58877
-0.0602732,1.6577,0.251938,3.08575
0.262363,1.34873,0.392333,2.08036
-0.111316,-0.3794,-0.211135,0.252777
-0.108858,0.725346,0.361535,0.831764
-0.0424706,-0.275021,-0.236642,0.258459
0.0208043,1.78612,-0.0542252,3.55188
-0.0779971,1.39075,0.0636795,2.30525
0.274369,0.884538,-0.410377,1.03675
0.141966,1.31968,-0.230919,2.07045
0.175877,1.18427,0.195988,1.73704
-0.281321,1.77195,-0.253401,3.43076
0.138829,0.923745,-0.424517,1.13081
0.239032,1.81211,0.103497,3.61123
0.151021,-0.207113,0.0360672,0.268972
0.30838,1.18849,0.0276367,1.74142
0.00465997,0.551778,-0.085843,0.670488
-0.0226837,0.548585,-0.284789,0.631099
-0.4459,0.0835463,-0.185919,0.262691
-0.245915,-0.162299,0.185874,0.263597
0.00546736,1.98824,-0.215776,4.2403
0.142613,0.0316105,-0.149193,0.308375
-0.0332475,1.06972,0.0423521,1.51605
-0.0991625,1.81068,0.338806,3.5676
0.342343,-0.129027,-0.245569,0.256158
-0.140647,0.501565,0.348948,0.552656
0.0964591,-0.440968,-0.0108215,0.251661
-0.13916,-0.383778,-0.0796995,0.25377
-0.277319,1.19046,-0.0979869,1.74569
-0.0384331,0.132384,-0.0414114,0.356604
-0.29518,1.60835,-0.262653,2.88043
0.035533,0.0714129,0.0462968,0.329607
0.304918,0.172684,-0.223049,0.321369
0.136388,1.97568,-0.39659,4.16815
-0.281493,-0.184246,-0.105284,0.263326
-0.267918,1.79893,-0.205144,3.54025
-0.247977,0.30264,-0.0436715,0.425334
-0.441064,1.15958,-0.158497,1.61093
0.305211,0.52795,0.252692,0.575706
0.0752506,0.665433,-0.266707,0.777185
-0.0742805,0.00577619,-0.0746205,0.310144
-0.125922,0.569816,-0.353276,0.625713
-0.363035,1.81374,-0.321708,3.5495
-0.145795,1.29573,-0.374922,1.9768
0.425617,-0.0130847,0.110522,0.261628
0.0462486,0.451934,0.21831,0.547171
0.20892,-0.0201475,0.0749545,0.294705
-0.231295,1.18366,-0.122857,1.73752
-0.139163,1.21653,-0.306786,1.79786
0.149438,0.441606,0.0217987,0.553449
-0.0593357,1.08602,0.02106,1.54857
0.19152,1.83213,0.181162,3.67613
-0.134759,1.92806,-0.398727,3.98743
0.448325,1.46713,0.0131084,2.42
0.176449,0.270888,-0.391108,0.351918
-0.0808235,1.27042,-0.0119654,1.98076
0.291926,1.08511,0.243127,1.47733
-0.415649,-0.15536,-0.0135233,0.255283
-0.0331062,0.780462,-0.376849,0.91233
0.395034,0.378573,-0.289182,0.397499
-0.326926,1.53634,0.256574,2.64621
0.0051205,-0.261279,-0.324391,0.255164
-0.304227,1.89069,-0.379813,3.83342
-0.472059,0.553871,-0.110109,0.563963
0.446271,0.379169,0.0508148,0.415995
-0.376766,0.509144,-0.229325,0.534008
0.104495,0.280017,0.42968,0.353151
0.0143935,1.52889,-0.136174,2.68799
-0.17134,0.990622,0.132202,1.33807
-0.0659272,1.75192,0.47739,3.32633
-0.338178,0.995887,-0.0836267,1.29867
-0.223811,1.89416,-0.168844,3.89809
0.0407273,1.09281,0.154291,1.55294
-0.211634,0.562399,-0.240757,0.633241
0.22395,-0.279789,0.188598,0.255939
-0.062046,0.159305,-0.445626,0.293857
-0.308536,1.02301,-0.352752,1.30951
0.108366,0.469957,-0.0082482,0.579224
-0.279229,1.35893,0.134795,2.18216
0.00186245,1.10886,-0.485571,1.48357
0.188481,-0.217712,0.347728,0.254022
-0.0166043,0.289094,0.126569,0.433693
-0.0049163,0.80126,-0.415328,0.930865
-0.0787797,1.50195,0.0591187,2.6177
0.0730111,-0.208486,-0.118379,0.267485
-0.431775,1.72154,-0.184389,3.2254
0.225039,0.720467,0.208014,0.845881
-0.0979334,0.859505,-0.209812,1.0851
-0.249267,0.980226,0.130921,1.29102
0.153347,0.0460751,-0.0696308,0.318252
-0.371468,1.99662,0.298417,4.24563
0.203582,1.57562,-0.407095,2.74841
0.162154,0.367326,-0.342049,0.435877
-0.280307,0.930123,0.203905,1.17854
-0.095921,0.108872,-0.365639,0.299892
0.128833,1.1304,0.45315,1.54311
-0.144417,1.93011,0.147341,4.04817
0.261237,1.22572,0.216159,1.81809
-0.251715,0.55045,0.268966,0.605766
0.151279,0.1869,-0.0995065,0.370649
0.28289,1.59085,-0.195815,2.84771
-0.441339,0.0568347,0.0297848,0.269414
0.112611,1.31628,0.357486,2.04324
-0.352827,0.0054775,-0.213656,0.270534
0.129346,0.677054,0.444478,0.723074
0.369773,1.80524,-0.0377761,3.56615
-0.0528263,1.92312,0.438811,3.96792
0.0268804,0.186766,-0.281524,0.354442
-0.397769,1.68948,0.160212,3.13552
0.307093,-0.251543,-0.144857,0.25537
0.0523148,0.870807,0.195957,1.1127
0.23501,1.43731,0.329228,2.35324
-0.162598,1.15022,-0.252097,1.65531
-0.360642,0.0256709,0.216274,0.26965
0.00695397,1.5242,-0.0123726,2.68489
0.232004,1.20116,-0.418976,1.70184
-0.380004,-0.206669,0.0580231,0.254548
-0.0845308,0.991127,-0.358414,1.28916
0.36782,1.6027,-0.195297,2.86235
0.253137,0.643177,0.142464,0.745746
-0.0309381,0.340061,0.483082,0.372713
-0.354955,1.07142,0.317861,1.40978
-0.360015,0.110532,0.199481,0.290947
-0.20615,0.629044,0.0824056,0.747723
0.189562,0.758053,-0.340561,0.871745
0.305215,-0.180154,0.111592,0.260967
-0.404687,0.318249,-0.0747071,0.386806
0.145738,1.34677,-0.220159,2.16364
-0.22804,1.52403,-0.135759,2.64635
0.414525,1.99534,-0.0182443,4.24708
-0.244877,-0.413044,0.121489,0.250032
0.401966,1.95532,0.176285,4.09962
0.00387975,0.050339,0.00165047,0.328073
-0.0835958,0.892893,0.111322,1.15948
-0.00663075,-0.0640302,-0.00120308,0.293097
-0.112775,-0.0415064,0.414505,0.262068
0.0627241,1.52641,-0.0286836,2.69064
0.0886825,1.7521,-0.344614,3.37259
0.116644,0.715256,-0.363222,0.814001
0.0520904,-0.272756,-0.228456,0.259178
0.351536,1.5206,-0.13121,2.60744
0.21921,0.474287,-0.337468,0.517293
-0.0815947,0.389196,-0.113483,0.50761
-0.245752,0.439903,-0.410157,0.455315
0.184641,-0.201142,-0.234132,0.260626
-0.0638724,-0.16946,-0.298892,0.26464
-0.0597629,0.284448,-0.486808,0.335308
-0.230778,1.33351,0.366324,2.06076
-0.114537,0.410604,-0.420971,0.447034
0.425582,0.746991,0.110365,0.83591
0.305882,1.9086,-0.0282822,3.93671
-0.309721,1.81991,-0.0958648,3.62282
-0.296408,0.0507888,-0.0257705,0.302113
0.245413,0.637189,-0.417999,0.662308
0.264064,1.55654,-0.216239,2.73975
-0.273849,0.36699,0.286516,0.428708
0.171311,0.588517,-0.150631,0.687742
-0.129152,-0.262894,0.101628,0.261976
0.137343,0.514601,0.355206,0.564719
-0.22586,0.926367,-0.246299,1.17393
0.0818672,0.601988,0.327566,0.681614
0.165517,0.0659339,0.449262,0.260694
-0.0930283,0.180478,-0.337188,0.332734
-0.0764472,-0.193591,0.400841,0.253549
0.297315,1.63908,0.168695,2.98899
-0.214004,0.00838595,-0.397247,0.262769
-0.0402895,0.273494,-0.0666071,0.430541
0.238394,1.89787,-0.421562,3.85692
-0.361271,1.04437,-0.214546,1.36974
0.195252,1.38905,0.0952932,2.27054
-0.0727412,-0.141442,0.00830171,0.280055
-0.150864,0.476427,0.226102,0.561709
-0.201184,1.98903,0.0476929,4.2612
-0.419123,0.313611,0.235532,0.356109
-0.0893841,-0.101845,0.0089789,0.284799
0.0627955,1.23084,0.0636596,1.89034
0.0329081,1.13688,0.426843,1.57942
0.205733,0.48771,0.20372,0.570448
0.436751,0.139262,-0.0989216,0.288558
-0.230555,1.36761,0.239852,2.18278
-0.316762,-0.0137907,0.000637615,0.283274
0.0903543,1.35521,0.266405,2.16735
0.329222,0.619483,0.311401,0.652307
-0.267461,0.00466436,-0.175729,0.286978
0.142254,1.54689,0.209662,2.73193
-0.404189,0.308386,0.189312,0.369619
0.128971,0.306667,-0.0905785,0.441348
-0.3993,0.911202,-0.296996,1.08126
0.183377,0.728365,-0.230821,0.859056
0.238194,1.94611,-0.297663,4.07304
-0.095742,1.35887,-0.035173,2.20927
0.350673,1.30994,-0.0893374,2.03008
-0.357669,0.444171,0.0921335,0.496704
-0.346956,1.53478,-0.358044,2.60618
0.0452233,1.04564,-0.0193263,1.47278
-0.0889144,1.37984,-0.343225,2.21571
-0.279044,0.0197873,0.343721,0.265662
-0.0275692,-0.0588639,-0.183696,0.290347
0.109322,1.79798,-0.0824523,3.57222
0.164644,0.332982,0.42326,0.380968
-0.353932,1.47276,0.0425807,2.47164
0.00432174,0.839468,-0.280285,1.03554
0.434406,0.567433,0.118049,0.594248
0.437326,0.427764,0.0787467,0.45708
0.143165,0.874966,-0.259208,1.09083
0.284796,0.968872,0.268736,1.23629
-0.0387145,0.634025,-0.25286,0.739357
0.0864913,-0.110186,0.235288,0.275115
0.0510396,0.481612,-0.184389,0.584004
0.139463,0.359836,0.200335,0.46665
-0.188395,0.77101,0.197548,0.936477
0.358158,0.952304,0.294605,1.17212
0.32236,-0.143202,0.343197,0.250825
0.293708,-0.321211,-0.0612745,0.25395
-0.459842,1.80497,0.11756,3.51554
-0.27006,0.745511,0.223911,0.8729
0.159075,1.89193,-0.246033,3.88465
-0.283652,1.35296,0.0556041,2.1599
0.111259,0.704611,-0.383337,0.790381
-0.355414,0.196762,0.00542236,0.33792
0.242988,0.805229,0.0628705,0.993885
0.127852,-0.188836,0.361386,0.255859
0.0218541,0.365309,0.0444406,0.489352
-0.105495,1.38332,0.110958,2.26567
0.273002,0.780587,0.124196,0.934265
-0.207139,0.846335,-0.32483,1.02019
-0.280194,1.83456,-0.118576,3.67241
-0.426355,1.7491,-0.127156,3.33402
0.0149864,-0.116401,0.00677243,0.284591
0.0361478,1.74018,0.230433,3.37043
-0.291557,1.89352,-0.319783,3.86543
-0.2165,0.669147,0.145608,0.784974
0.301436,1.19391,0.169022,1.73284
0.124087,1.6465,0.258441,3.02892
0.356278,0.0727313,-0.229339,0.280023
-0.0769711,1.42822,0.486915,2.29136
-0.0901523,0.229917,-0.286455,0.372343
-0.216239,0.440233,-0.277519,0.505288
-0.0757142,1.3649,-0.390067,2.15436
0.0739281,0.0448212,0.255015,0.303579
0.283426,1.34585,0.0421699,2.14539
0.392344,0.188115,0.134875,0.319188
0.0926808,0.132365,0.296115,0.324016
0.282198,1.22155,0.331633,1.77423
0.000917146,0.437524,-0.239597,0.533213
-0.00950383,-0.0575211,-0.382169,0.267164
-0.203949,-0.121705,-0.173508,0.272701
-0.00662821,1.37857,0.24639,2.23417
0.2642,0.0155739,0.369506,0.262329
-0.11998,1.93831,0.251831,4.06769
-0.343458,0.506566,-0.252407,0.53805
0.0914701,0.37126,0.453302,0.404817
0.0469952,0.945581,0.0741923,1.26361
-0.35454,1.24354,-0.017173,1.86099
0.0802768,1.08296,0.226265,1.52076
0.499431,1.72811,0.0152219,3.23617
-0.131561,1.8372,0.210356,3.69578
0.254868,1.73442,-0.0941662,3.32628
0.108808,0.958884,0.217738,1.26726
-0.0227183,1.856,-0.334274,3.74684
-0.240146,0.187921,-0.0227804,0.3604
0.18949,1.07154,-0.227943,1.48659
0.224839,1.14483,0.0954762,1.65377
0.0849221,0.140869,0.14141,0.353007
-0.345189,1.57879,0.191794,2.78847
-0.0469659,1.63813,-0.367916,2.98833
0.289399,1.79037,-0.320635,3.48216
0.321489,0.529569,-0.359774,0.53887
-0.187141,0.183991,0.208217,0.352233
0.0620479,1.08464,0.418307,1.46324
-0.194011,0.563935,0.120032,0.660015
0.069194,-0.389223,-0.147587,0.254057
-0.371496,1.92142,0.0632018,3.97674
-0.0893775,0.141759,0.0915136,0.350365
0.327576,1.48907,-0.0149108,2.54542
-0.383848,1.79024,0.298246,3.45874
0.24789,0.098142,-0.00240576,0.323217
0.146776,1.03777,0.204392,1.42852
-0.142709,0.838387,0.077158,1.06243
-0.113391,0.785321,-0.159517,0.970732
-0.168958,0.160764,0.0147688,0.356325
0.176007,1.03074,-0.299359,1.37928
-0.200631,1.45236,0.186466,2.43713
-0.452863,0.173014,0.114413,0.293687
-0.414499,1.07502,-0.135127,1.43773
-0.20369,-0.238983,-0.365915,0.251252
0.256871,0.320956,0.418896,0.356529
-0.383781,1.75545,-0.1001,3.37504
-0.147027,1.86781,-0.226958,3.80131
-0.325044,0.336877,-0.00495445,0.43011
0.0305203,0.797905,-0.476046,0.897158
0.178236,0.11299,0.0527051,0.336489
0.304012,1.26006,-0.0633835,1.91362
0.442183,0.551249,0.21042,0.558301
0.0721975,1.08812,0.0137151,1.5582
-0.360506,0.148712,0.111355,0.311025
0.128908,-0.215417,0.0943344,0.266618
-0.32812,0.279125,0.0194286,0.389631
-0.406806,1.29265,-0.0450414,1.96486
-0.00351377,1.82326,0.228429,3.65416
-0.292437,1.23764,-0.382527,1.79164
-0.0722881,-0.219837,0.266304,0.26131
-0.482377,0.184496,0.0541301,0.290105
0.127136,0.529703,0.157546,0.629982
-0.065542,1.75016,-0.119596,3.40721
-0.349858,0.537217,-0.3403,0.544576
0.080013,1.75653,0.223368,3.4306
-0.310399,0.102939,-0.147538,0.306436
0.197759,1.69515,-0.0374544,3.21709
-0.245452,0.971395,-0.386548,1.21576
0.448335,0.563022,0.142211,0.580807
0.00814359,1.39866,-0.332855,2.27479
0.193819,0.774644,-0.265214,0.920341
-0.114951,0.289378,0.0657635,0.437032
-0.0709805,0.661831,-0.410308,0.726614
0.188876,0.346748,-0.452561,0.374266
-0.164557,0.519937,-0.0579575,0.631994
0.0430013,0.295181,-0.265632,0.413997
0.267882,-0.289875,-0.212789,0.253246
0.184252,0.670658,0.267976,0.765562
-0.371563,0.103053,0.0903516,0.296796
0.332968,0.150991,-0.154617,0.318501
-0.324378,1.5093,0.207544,2.57341
0.221568,-0.0358723,0.390663,0.258026
-0.39134,1.29904,0.0450499,1.98671
-0.319833,1.04458,0.0335681,1.41448
0.042144,1.76485,-0.12788,3.46457
-0.206418,1.57368,-0.255599,2.79404
0.273709,0.214837,-0.28679,0.336635
0.183917,0.602283,0.0747731,0.720962
-0.0685124,1.13235,-0.191681,1.6315
-0.114486,1.02667,-0.44221,1.32333
0.1904,1.48826,0.3771,2.49587
0.376754,0.785781,0.316818,0.870848
0.152444,1.99312,-0.440141,4.23401
0.284069,0.148234,0.209208,0.31983
0.298034,1.90818,0.189828,3.93808
-0.174213,0.176802,0.460851,0.284338
0.423833,1.62391,0.02544,2.91669
0.0616974,0.725289,-0.452176,0.797501
-0.37308,0.695949,-0.0279609,0.790319
-0.339763,1.36473,0.0572422,2.18333
0.137185,1.84213,-0.200893,3.7103
0.11032,0.158664,0.45269,0.288801
0.171835,0.329266,-0.0523234,0.453904
-0.228763,-0.0979275,-0.053446,0.276974
-0.429662,0.476916,0.170522,0.494179
0.383207,1.0708,-0.301159,1.40258
0.210012,0.269527,0.157273,0.398015
-0.225424,0.083858,-0.124478,0.318042
-0.0974849,0.933564,0.352307,1.17853
0.0385656,0.76343,-0.436874,0.861807
-0.0177811,0.430324,0.146578,0.54082
0.155024,1.65228,0.270205,3.05399
-0.178153,-0.309314,-0.107967,0.25705
-0.0690285,0.254599,0.211883,0.400876
-0.245336,1.3295,0.0361899,2.11224
-0.418554,0.762126,0.246899,0.8366
0.0118035,-0.289436,-0.0265383,0.262365
-0.0911023,-0.169926,-0.0216373,0.276537
0.44186,0.336274,-0.101513,0.385434
-0.476656,0.0250663,-0.0255368,0.257136
-0.0646223,0.645334,-0.461926,0.681406
0.149223,1.9346,-0.0915686,4.05896
0.205335,0.914347,0.0231114,1.19098
-0.364308,-0.102725,-0.28102,0.253813
0.012976,1.04996,0.364505,1.41132
-0.398798,1.77892,0.192369,3.4401
0.0370619,1.93536,0.233692,4.06103
-0.491194,1.32184,0.0352795,2.00046
0.286886,0.645736,0.189392,0.730237
-0.23683,-0.0884151,-0.362118,0.257467
-0.294452,1.46518,0.369736,2.40867
0.15623,0.720469,0.202977,0.859023
-0.362604,1.26215,-0.321168,1.85237
-0.16581,0.95855,-0.203369,1.26174
-0.0793116,1.01599,0.316821,1.36175
-0.464011,0.750079,0.16779,0.815358
0.126701,1.26211,-0.467364,1.84806
0.00672879,0.711846,0.462876,0.773712
-0.0900974,1.32254,-0.39665,2.046
0.120167,-0.270016,-0.313201,0.254897
0.0212751,0.0868546,-0.180674,0.325907
0.148366,0.187887,0.143358,0.365672
0.0536905,1.74504,-0.161349,3.38252
-0.276672,0.00498549,-0.0775229,0.291693
0.228779,1.4917,0.156784,2.56115
0.114038,-0.113175,0.152626,0.279262
0.31506,1.45074,-0.249767,2.39212
-0.320746,1.13538,0.26714,1.57326
-0.175558,-0.0719232,0.00557373,0.287123
-0.353335,1.82176,-0.194655,3.60106
-0.0600044,0.204567,0.409284,0.325385
0.261321,1.12034,-0.0459559,1.59288
0.286124,1.24938,-0.326418,1.8383
-0.423018,0.449525,-0.266211,0.452076
0.070519,1.77084,-0.229621,3.47724
-0.307402,0.178629,-0.263033,0.31642
-0.403649,1.32843,0.237159,2.03034
0.444846,0.106669,-0.0671725,0.27847
-0.395398,0.23343,0.243415,0.319197
-0.276752,1.81659,-0.0858248,3.61899
-0.152759,1.6257,0.0683331,2.9917
-0.28748,1.97337,-0.201015,4.17823
-0.224149,1.49325,-0.319032,2.5178
0.109504,1.59554,-0.0510718,2.90174
0.0364593,0.894467,-0.330152,1.11885
0.059975,1.23325,-0.416408,1.80652
0.022433,1.08974,-0.249969,1.52477
0.280556,1.0922,0.114019,1.51719
-0.220412,0.362991,-0.311602,0.43037
0.246303,1.81136,-0.111864,3.59703
-0.445748,0.456182,0.108183,0.477383
-0.251069,0.673916,-0.247825,0.769779
0.375448,0.158378,-0.206393,0.301404
0.241927,0.734173,0.123802,0.865154
-0.197944,0.365066,0.224972,0.460762
-0.26827,0.988659,-0.101686,1.30556
-0.374054,1.15268,-0.268129,1.59618
-0.251028,-0.0980654,0.287092,0.262792
0.0325287,0.389932,0.0647394,0.515955
-0.165163,1.22769,0.0465632,1.8691
0.371793,1.41976,-0.282193,2.28676
-0.248939,1.31283,-0.102748,2.05429
-0.0639097,1.68387,-0.275766,3.16134
-0.396808,0.552842,-0.0791061,0.599213
-0.175125,-0.422351,-0.12282,0.251225
-0.0193071,1.62821,-0.324285,2.96888
-0.194548,-0.145073,0.0907892,0.273361
-0.175527,0.309844,-0.151044,0.432031
-0.173691,1.89796,0.0190966,3.93746
-0.308078,1.22984,-0.278219,1.80268
0.266951,1.44229,-0.181813,2.40512
-0.18579,1.26971,-0.133729,1.95652
0.277424,0.831725,0.227087,1.00518
0.307501,1.18815,-0.200506,1.71025
-0.257534,-0.299005,-0.242307,0.252354
-0.202681,1.21616,0.0239175,1.84268
0.102101,-0.0144807,0.181072,0.296393
0.283882,1.38862,0.139441,2.24553
-0.242342,-0.0682157,-0.39968,0.253916
0.145568,1.76969,0.2776,3.45073
0.171777,-0.0936818,-0.332873,0.264451
0.013699,1.28909,-0.249993,2.00034
0.178255,-0.258043,-0.362288,0.251132
0.364974,1.86391,-0.144711,3.75647
0.306267,1.57628,-0.104112,2.80004
-0.198107,0.760489,0.315786,0.887353
0.000558126,1.49438,-0.374765,2.53847
0.219337,1.38184,0.124756,2.24569
0.108997,0.381214,-0.430239,0.419881
-0.290073,1.78013,-0.0959823,3.47773
-0.387008,0.35315,0.151608,0.409811
-0.127704,0.00421655,-0.276623,0.287634
0.0572417,-0.281739,-0.34895,0.253037
0.051857,1.78621,0.00876842,3.55109
-0.371752,1.75324,0.100968,3.3671
-0.106334,-0.0631221,0.432268,0.257125
-0.430231,-0.170889,0.135331,0.251364
0.412211,1.08028,0.144659,1.44361
0.149498,1.84788,0.0645744,3.74661
0.154774,1.96924,-0.174646,4.17471
0.0716469,1.78603,-0.273701,3.51589
0.209657,-0.329111,0.245491,0.252098
0.384267,1.12734,0.0876248,1.56612
-0.143605,1.00477,-0.425925,1.28644
0.475605,0.804914,-0.104755,0.905323
-0.422473,0.712536,-0.0972267,0.787423
0.301964,1.55758,0.130162,2.74996
-0.0946684,1.32565,0.0470837,2.12669
0.158219,1.52439,0.105339,2.66875
0.168386,0.368415,0.259443,0.457224
-0.0872324,-0.320258,-0.0213536,0.25897
-0.198131,1.49349,-0.187996,2.56029
0.316684,-0.237731,0.27122,0.251629
-0.157273,1.40548,-0.283801,2.29162
0.282971,1.49954,-0.18171,2.55623
0.351494,1.20591,-0.301397,1.72257
0.240327,1.81303,0.323498,3.57016
0.0388306,0.917983,-0.184093,1.20435
-0.0434033,1.12481,-0.18712,1.6147
0.423184,0.333547,-0.174769,0.3806
-0.274734,1.66175,-0.0137094,3.09394
0.0813922,0.151732,0.380957,0.308298
-0.292446,0.319918,-0.226866,0.402389
-0.264331,0.979424,0.27346,1.26089
0.203293,1.94008,-0.409857,4.02366
0.301716,0.76113,-0.191695,0.889586
0.269387,1.73392,-0.0875153,3.32972
-0.234854,1.26619,-0.316246,1.89213
-0.0528892,-0.194566,-0.281281,0.262415
0.259058,-0.27648,0.274774,0.251509
0.417753,0.443853,-0.0399638,0.479298
0.0146287,-0.264102,0.0235746,0.265118
0.14374,-0.194123,0.0739203,0.269634
0.285914,0.814466,-0.184515,0.979541
-0.183717,0.191095,0.342483,0.329
0.394557,1.75537,0.272282,3.34302
-0.107847,1.03574,0.427111,1.349
0.389638,0.325043,-0.26393,0.368144
-0.0569671,0.125199,-0.210323,0.337881
0.263524,0.597594,0.0184207,0.689665
0.00812093,-0.28034,-0.285417,0.256358
0.0643853,1.46547,-0.304728,2.46329
-0.0698566,0.704544,0.470989,0.758921
-0.285352,-0.0296588,0.0411286,0.283989
-0.127606,-0.256813,-0.311347,0.255178
0.271916,1.2702,-0.363809,1.88373
-0.279672,0.932851,-0.0424225,1.20108
0.175116,1.44224,0.252222,2.41359
0.345064,1.40968,0.150296,2.28411
0.416658,0.86369,0.0826985,1.0297
0.414082,1.06011,0.124213,1.4032
0.291463,0.468781,0.0211097,0.542106
-0.155066,0.780221,0.126784,0.964029
0.0676847,1.92242,0.387253,3.97288
0.23926,-0.0985596,0.27184,0.2653
0.22537,0.388828,-0.350796,0.436332
0.269314,1.51596,-0.205793,2.6072
0.00930191,0.448882,0.432256,0.481683
-0.30021,-0.0274815,0.138014,0.279128
-0.0366011,0.250828,-0.478688,0.320528
0.2867,0.928969,0.180458,1.18417
-0.132293,-0.0335596,0.0633389,0.295409
-0.0261828,0.828356,-0.449198,0.9582
0.0688937,1.27865,0.181278,1.98685
0.204713,0.63464,-0.245593,0.72512
-0.342346,0.217199,0.350443,0.301078
0.373502,1.33613,-0.13076,2.08742
0.0816402,1.14048,0.0850296,1.67239
0.00946383,0.855171,-0.342563,1.05173
0.194432,1.50706,0.206507,2.59751
0.0141422,1.16585,0.0984951,1.72151
-0.344091,0.17336,-0.298259,0.298405
-0.205735,0.753501,0.317205,0.867193
-0.205688,-0.106757,0.230577,0.270807
0.386782,0.203025,0.0685289,0.330587
-0.0272339,0.0712062,0.197046,0.320749
-0.343874,0.529857,0.097027,0.59032
0.167227,1.88922,-0.452713,3.82399
-0.0195916,0.949371,-0.177663,1.26503
0.390584,1.36343,-0.0388415,2.15877
-0.275372,1.11385,0.111496,1.57767
-0.263168,1.62542,0.110565,2.96914
0.350226,0.89836,-0.269807,1.0847
0.336168,0.528763,0.203274,0.576391
0.187641,-0.0511092,0.286339,0.274413
0.340048,0.439132,-0.314654,0.458139
-0.310174,1.66425,0.0989715,3.08749
0.412833,1.36345,-0.0817622,2.1447
-0.402607,-0.0246396,-0.142447,0.263849
-0.0465959,-0.398428,-0.258045,0.250994
0.115913,1.78798,-0.452115,3.46309
-0.221621,0.662721,-0.0119007,0.787674
-0.243003,0.16883,0.231556,0.330765
-0.408344,1.03431,0.212777,1.33866
-0.161077,0.190422,-0.149857,0.367393
-0.00505469,1.95725,0.224836,4.1296
0.347687,1.59471,-0.315957,2.80395
0.0329628,0.257299,-0.0961737,0.420627
-0.406537,0.733338,-0.261969,0.795504
-0.470812,1.05213,-0.0400338,1.36982
-0.0185994,0.203455,0.199256,0.374187
0.419984,0.0936508,0.266852,0.259633
-0.259418,1.51067,0.0829567,2.61616
-0.0772741,-0.445711,-0.107907,0.25158
-0.38305,1.82188,-0.264368,3.58538
0.0452012,0.118158,-0.230223,0.334933
0.196345,-0.188102,-0.084558,0.267888
-0.0945186,1.6828,0.418645,3.10324
-0.212643,1.77315,0.0729722,3.48883
0.152254,0.825084,0.0492688,1.04014
-0.270042,0.505508,-0.167356,0.574249
0.475839,0.412932,0.0986008,0.426109
-0.102605,1.28928,-0.416412,1.94673
-0.309832,1.28366,0.282344,1.93986
-0.138974,1.83641,0.456831,3.62794
-0.215521,1.96752,0.263994,4.16237
0.0924353,0.780093,0.404627,0.896846
0.44988,1.35589,0.170589,2.0982
0.147782,0.352587,-0.224129,0.454945
0.230655,0.529359,0.337392,0.568687
-0.336655,-0.0538661,0.0514169,0.274606
-0.0276163,0.301728,-0.274508,0.420715
0.395845,0.964832,-0.144455,1.2183
-0.357722,1.552,0.151522,2.71176
-0.223243,0.885872,0.30318,1.0896
-0.144508,1.46701,0.241591,2.491
0.0263895,1.08417,0.130032,1.53737
0.203307,1.49186,-0.396233,2.49993
0.247322,0.922025,-0.0944695,1.19655
0.0178602,1.37503,0.281662,2.22487
0.365502,1.72432,0.0151947,3.27503
0.117857,-0.126961,0.164537,0.277236
-0.0307972,0.545465,0.378169,0.600306
-0.182399,0.947902,0.102577,1.25324
-0.00782562,0.154436,0.241753,0.346727
0.0266136,1.35266,0.200659,2.18043
0.0933875,1.63385,0.357206,2.96421
0.181615,1.47342,0.0559703,2.5216
0.0669119,0.297267,0.192173,0.424428
-0.34212,0.662535,0.307885,0.707193
-0.276726,1.77356,0.286608,3.43378
-0.0444318,1.7298,-0.348113,3.30303
-0.166247,0.515499,-0.433257,0.532595
0.173923,1.14966,0.343866,1.61782
-0.41819,1.23129,-0.0130434,1.80242
-0.173822,0.920017,-0.0292419,1.20245
0.32438,1.79346,0.281971,3.498
0.301759,1.95488,-0.317011,4.08946
0.0532122,0.183096,-0.390345,0.321944
0.0102702,1.5588,0.084075,2.78937
0.206769,0.49433,-0.303554,0.548895
0.24725,1.82999,-0.178584,3.64975
0.172315,1.53874,0.17958,2.7201
-0.376026,1.544,0.0565173,2.68408
0.353893,1.26126,-0.181887,1.89164
0.183216,0.756455,0.0262023,0.931215
-0.0978001,-0.293273,0.140296,0.259296
0.0156964,-0.167451,-0.109953,0.274565
-0.303595,1.97896,-0.166464,4.21559
-0.0366835,0.110245,-0.304236,0.316503
0.439197,0.595859,-0.0278769,0.629028
-0.165364,0.925194,-0.326937,1.16364
0.105173,0.0551191,-0.396711,0.278512
-0.354299,0.239114,0.344288,0.309862
-0.140965,-0.360843,0.132245,0.254534
-0.0598897,1.13963,-0.0249168,1.66594
-0.305566,1.83278,0.0106347,3.6795
0.312424,1.49283,0.356929,2.49006
0.434044,1.40065,-0.228785,2.21881
0.320111,1.96726,0.203116,4.14737
0.00624878,0.0836098,0.060346,0.336291
0.223976,1.55767,-0.223505,2.74732
-0.124697,1.24089,0.109525,1.89366
-0.1126,0.704471,-0.237221,0.831564
0.228102,1.80418,-0.0809218,3.58652
0.11371,1.93162,-0.390479,4.00644
0.313312,1.20054,-0.36586,1.70016
0.482694,1.54245,0.0761865,2.63552
-0.0635716,0.946377,0.0251688,1.26936
0.153429,1.16621,0.315299,1.6771
0.266364,0.00580102,-0.316313,0.269289
-0.354715,0.0863972,-0.154532,0.291753
-0.139959,1.48413,0.154663,2.54329
0.16673,0.263685,-0.0362606,0.415861
-0.0137173,0.757627,-0.294694,0.905485
0.374484,0.819739,0.238688,0.949928
-0.266727,1.90895,-0.135333,3.94341
0.0332011,1.64759,-0.47376,2.97905
0.104584,1.90328,0.241445,3.94082
0.121336,-0.304809,0.283698,0.254256
0.487229,1.21309,0.0750495,1.72648
-0.130055,0.675361,-0.424401,0.730431
-0.422391,1.01966,0.258685,1.29181
0.0276633,1.28328,-0.417752,1.92641
-0.12809,1.8289,-0.278435,3.65868
0.107881,-0.345684,0.140716,0.256588
0.0731745,1.31527,-0.282796,2.06128
-0.217709,0.402842,-0.304183,0.463128
0.4706,0.906016,-0.00234497,1.08677
-0.385776,1.04146,-0.198699,1.36792
0.176952,1.60525,-0.308063,2.8824
0.085004,0.193001,0.359076,0.335679
-0.369729,0.151235,0.200713,0.303286
-0.0729538,0.468948,0.445254,0.493133
-0.216221,1.44303,0.416473,2.34457
0.17501,-0.0806955,-0.255184,0.273885
0.201028,0.332416,0.392204,0.38823
-0.469926,0.553202,-0.0245876,0.570505
-0.378296,1.57007,0.129244,2.75802
0.175658,-0.225811,-0.0232062,0.265131
-0.384234,1.94754,0.277254,4.05434
-0.0667851,-0.0762789,-0.262562,0.278879
-0.376019,1.43281,-0.132991,2.3497
-0.146523,1.97737,0.137033,4.22631
0.109724,-0.140936,0.150414,0.274604
0.319221,1.08543,0.281312,1.46158
-0.463482,1.71546,0.102407,3.20629
0.122324,1.97025,0.414532,4.15791
-0.0872018,1.24807,-0.23655,1.90063
0.242331,0.869654,0.366706,1.04135
0.184863,0.975718,-0.367962,1.24594
0.135911,1.81836,-0.24639,3.63632
-0.395201,0.100283,0.0590656,0.29246
-0.270637,0.0583796,-0.179016,0.298207
-0.458891,1.27732,-0.166615,1.88661
0.296786,-0.323012,-0.232117,0.250215
-0.395054,1.69176,0.12599,3.14833
-0.254496,-0.364905,0.0536211,0.253084
-0.44087,0.808491,0.0414806,0.931981
0.325398,1.5943,-0.146843,2.84048
-0.0643902,0.00572577,-0.0994966,0.310083
-0.0945264,0.596654,0.455519,0.621372
-0.137929,0.175979,0.0341795,0.368765
0.116058,1.96725,-0.18906,4.18202
0.127523,1.65088,0.359902,3.02161
-0.344435,0.915048,0.313065,1.10382
0.060642,1.83464,-0.391594,3.65393
0.211837,1.6039,-0.356354,2.85422
0.340644,0.663942,0.0299494,0.753868
0.488505,1.91617,-0.0904231,3.92073
-0.378907,0.770185,-0.0897834,0.890653
0.0446591,0.115408,0.304556,0.319668
0.111981,0.741774,-0.111988,0.912281
0.465259,0.761494,-0.0760429,0.845506
0.055756,1.67884,-0.347749,3.11782
0.227049,1.88085,0.129971,3.8433
-0.342948,1.88081,0.019068,3.84243
-0.480862,0.718445,-0.034047,0.77535
-0.408563,0.798456,-0.0719743,0.92621
-0.212284,1.42429,0.235638,2.34821
-0.0603663,1.76195,0.466795,3.36068
-0.351925,-0.146733,-0.254563,0.254002
-0.0163787,-0.345243,-0.222802,0.254771
0.125812,0.868403,0.174682,1.1095
-0.299273,1.1998,0.0584217,1.76103
0.0865817,-0.255042,-0.250033,0.259073
-0.1864,0.318435,-0.32644,0.40295
0.466641,1.05622,0.0417567,1.37628
0.151705,0.629316,0.253661,0.725412
0.0822856,1.82716,-0.0473395,3.67674
0.359815,1.40296,-0.214102,2.25662
-0.434974,1.27964,0.11025,1.90918
-0.425198,0.601888,-0.0884975,0.644273
-0.171412,1.13983,-0.336687,1.60496
-0.116688,0.916352,0.169668,1.19493
0.280273,-0.1759,-0.316834,0.253753
-0.223464,1.50526,0.0970215,2.60029
-0.356118,0.682426,-0.0363907,0.774894
0.0450003,1.05323,0.217418,1.45988
-0.137752,-0.0985621,0.295464,0.268972
-0.353194,0.597195,-0.215004,0.643848
0.157241,0.735672,-0.338926,0.844446
-0.328872,1.41639,-0.310156,2.27773
-0.111467,1.93898,-0.478828,4.01262
-0.105971,1.15681,-0.341557,1.64895
0.109376,1.49976,0.203488,2.59187
-0.451735,0.85441,0.0339445,1.0025
0.135667,1.57077,0.287834,2.78285
-0.210971,0.0792104,-0.0665601,0.317987
-0.283592,1.38558,0.309535,2.20322
0.174004,0.744395,-0.367444,0.842073
-0.0718754,0.0379749,-0.0286098,0.319379
0.0941746,0.875347,-0.357132,1.06989
-0.0828076,0.895486,0.284602,1.12769
-0.126763,1.60787,-0.267991,2.91424
-0.101509,1.70537,0.408479,3.18837
-0.248544,1.4656,-0.369027,2.42195
-0.347768,0.280692,0.304762,0.344144
0.318858,1.18306,0.279284,1.68492
-0.226669,1.27112,-0.346449,1.90325
-0.139342,0.267872,-0.415485,0.347323
0.265,1.82822,0.016841,3.66688
0.0778903,1.33185,-0.318564,2.09259
-0.00904759,0.460337,0.154027,0.569762
0.375572,1.3685,0.188633,2.15461
0.28176,0.274377,-0.155487,0.387387
0.417143,0.606028,-0.13152,0.642296
-0.421491,1.58065,-0.0637216,2.78131
-0.121977,1.62381,0.13557,2.97942
0.389526,1.79787,0.300569,3.48593
-0.143921,1.91187,0.225491,3.97463
-0.262514,0.0712846,0.0408978,0.311895
0.0285904,1.38026,0.266118,2.24169
0.156448,1.24658,-0.240758,1.87899
-0.496239,1.52678,-0.0196847,2.5818
0.361087,0.740966,-0.27717,0.819934
-0.340557,1.76809,-0.244102,3.40513
0.339145,1.23846,-0.31768,1.80138
0.0347409,-0.240032,0.248537,0.260778
-0.263212,0.904105,-0.24002,1.12424
-0.195667,0.96948,0.02399,1.28929
0.275439,1.56056,-0.199084,2.7423
0.326079,-0.213263,-0.243333,0.253039
-0.294493,0.501182,0.258623,0.544705
-0.127991,0.540977,-0.220622,0.629833
-0.173192,1.69599,0.459878,3.12897
0.0962055,0.843166,0.484512,0.965467
-0.0734774,0.950098,0.359326,1.20799
-0.0205711,-0.412341,0.241981,0.250921
-0.183691,0.626229,-0.170734,0.734627
-0.440147,0.0677402,-0.224893,0.256705
-0.00883504,0.423072,0.464789,0.445273
0.435813,0.996154,0.183834,1.25764
-0.00812984,1.1628,-0.0404855,1.72017
-0.239732,-0.203489,0.296873,0.254821
-0.199388,0.300753,0.295455,0.392609
0.186377,0.931216,0.0745783,1.21953
-0.358849,1.61718,-0.110406,2.90714
0.0860805,0.844626,-0.0471312,1.0838
-0.0232581,1.32969,-0.491254,2.0227
-0.288087,1.89883,-0.277063,3.88956
0.10243,0.237758,-0.174583,0.390005
-0.348143,-0.243948,-0.258244,0.250094
-0.353917,1.94016,-0.0852707,4.05153
0.255753,0.948076,0.103257,1.23377
-0.193101,1.1697,0.291299,1.68121
-0.376873,0.221094,-0.148741,0.336837
-0.190289,1.7959,0.198944,3.55128
0.327159,0.784526,-0.295341,0.889942
-0.0470426,0.966035,0.335852,1.25127
-0.106279,1.80454,-0.0467957,3.59135
0.0662499,0.849249,0.190716,1.07498
0.272025,1.1007,0.109229,1.53996
-0.297855,0.172959,-0.12844,0.335394
-0.428187,0.32048,0.0555677,0.382268
0.0865241,0.256835,0.294388,0.383538
-0.425639,1.49898,-0.156899,2.52119
-0.390064,-0.213239,0.185458,0.251167
-0.0112797,0.280641,-0.0399415,0.433789
-0.383756,0.774449,0.217554,0.875525
0.126215,0.166469,0.353648,0.318927
0.156713,1.94427,0.0657505,4.09452
-0.268167,1.73028,-0.107223,3.30832
-0.397407,0.929296,0.253373,1.12755
0.112776,0.347789,-0.361139,0.419196
0.20347,-0.167773,-0.0841714,0.2701
0.191259,0.930229,0.059322,1.2231
0.189739,1.602,0.410285,2.83432
0.0124448,0.83708,0.337023,1.01052
0.222623,1.84997,-0.428557,3.67625
-0.100964,0.56863,0.189473,0.672641
-0.392732,0.817868,-0.0624133,0.965598
0.355145,-0.07773,0.329061,0.251217
0.417156,0.259925,-0.0461184,0.34994
0.27453,-0.00798392,0.34339,0.262963
0.281235,0.401249,0.239763,0.464078
0.377003,0.19789,-0.318865,0.292132
0.348851,-0.180845,0.146323,0.257459
-0.0196304,0.418932,-0.0106671,0.538484
0.248917,1.19756,0.428925,1.6872
-0.0739634,1.12225,-0.0267005,1.63164
-0.0422175,1.77036,-0.101411,3.47542
-0.217194,1.89773,-0.436084,3.85325
-0.266828,-0.116045,0.297683,0.260402
0.137913,0.133532,-0.363458,0.303665
-0.456944,0.43684,0.00822325,0.459626
-0.344542,1.63677,0.0582881,2.98808
-0.211111,1.25274,-0.0512198,1.91378
0.161013,-0.233835,0.183134,0.261686
0.149429,-0.0447347,0.400047,0.260648
0.242066,1.74305,0.302807,3.33433
-0.157163,1.41549,-0.183634,2.343
-0.0626878,1.29365,0.409953,1.95732
0.264486,-0.0589835,-0.11609,0.27854
-0.372498,0.56528,0.126935,0.617798
0.192962,0.102714,0.180577,0.320439
0.403065,0.0896059,-0.0511621,0.287989
0.0423132,1.23346,0.390969,1.82002
-0.1774,-0.457752,-0.00550714,0.250421
0.00511225,1.99693,-0.098415,4.29369
0.194784,0.772434,-0.409592,0.871093
0.203626,0.184408,-0.241616,0.343643
-0.290895,0.251169,0.0360005,0.383648
-0.0535748,0.093002,-0.356784,0.299162
0.222882,0.614898,-0.234744,0.701501
0.0545546,-0.275842,-0.282398,0.256226
0.0700007,1.05643,0.193603,1.46906
-0.0193399,0.660794,0.355188,0.749639
-0.129227,0.234108,-0.0328135,0.399579
0.292495,-0.195605,-0.306819,0.252603
0.446401,1.49366,-0.101303,2.50196
-0.0753285,1.57197,-0.0435194,2.84529
0.397023,0.888713,0.301563,1.04021
-0.0458317,-0.0462837,0.281659,0.28067
-0.131186,0.806022,-0.335757,0.955488
-0.12514,-0.320998,-0.138484,0.257926
0.0611149,1.25232,0.325837,1.8888
0.396402,1.8348,0.0651939,3.64476
0.451921,1.75223,0.0593307,3.33692
-0.00233365,1.60554,-0.172922,2.93449
0.20054,1.41422,0.389902,2.27794
0.0373892,0.504941,0.36495,0.558477
-0.016965,-0.457126,0.176101,0.250213
0.199728,-0.0261816,-0.334896,0.269269
-0.227937,0.279851,-0.120064,0.406837
-0.420505,0.955797,0.225758,1.17634
0.230335,1.68909,0.073476,3.17747
0.11496,-0.181242,-0.415417,0.252771
-0.123578,-0.179427,0.0302138,0.272293
0.420765,1.43308,0.226889,2.3177
-0.132225,0.0548552,0.481596,0.253114
0.120476,0.729961,0.259771,0.864881
-0.218396,1.51251,-0.290255,2.59395
0.383969,1.56769,0.299344,2.71492
-0.410677,0.618148,0.122597,0.664064
-0.166342,0.544751,0.247738,0.625992
0.222648,0.82058,-0.0103056,1.02969
-0.331286,1.85865,-0.165923,3.74609
0.119668,-0.443394,-0.101099,0.251102
0.413261,0.926537,0.260748,1.11298
0.425264,0.439874,0.0991037,0.46797
-0.33458,-0.331373,-0.0357558,0.251271
-0.445034,1.98215,0.22484,4.17927
0.268373,0.757156,-0.0109913,0.900832
0.463904,0.761747,-0.156755,0.834903
0.162253,0.0476502,0.181265,0.309441
-0.0762984,-0.0107366,-0.233763,0.293346
0.44039,1.24684,-0.0792013,1.82425
0.212224,-0.329465,0.220745,0.252786
0.0794639,0.24703,0.390465,0.349708
0.383987,0.515425,-0.151156,0.552333
0.120166,1.79918,0.361636,3.53092
0.30316,0.224881,-0.0184374,0.36618
-0.412468,1.29064,-0.151161,1.94292
-0.302367,0.479709,-0.122573,0.54829
0.311166,1.05081,-0.24694,1.40204
0.0306642,-0.117203,-0.306881,0.267755
-0.0353779,0.748306,-0.120291,0.923238
-0.177905,0.984413,-0.199265,1.30516
0.148827,0.798112,-0.207662,0.982764
0.0222027,1.0059,-0.0397225,1.39071
0.282937,-0.124954,0.0766171,0.268927
0.296597,1.54688,-0.303408,2.68408
-0.228378,0.797827,-0.1496,0.970835
-0.427624,-0.158519,0.0377507,0.253555
-0.0330461,-0.274212,0.311062,0.255606
0.420804,0.595344,0.215643,0.617269
0.119608,0.874962,-0.0106653,1.13193
-0.167109,-0.274732,-0.17979,0.258917
-0.392245,1.10638,0.213628,1.49947
-0.258392,1.32905,-0.370774,2.03988
-0.0877553,1.00805,-0.0695622,1.39081
-0.17058,1.32533,-0.430747,2.02586
0.27743,1.19285,0.135046,1.7543
-0.36133,-0.150034,0.136394,0.260225
-0.144653,1.12881,-0.109679,1.62736
-0.200981,1.005,0.0342237,1.36849
-0.280258,1.01227,0.0667258,1.36257
-0.0135446,0.596237,-0.262461,0.685281
0.459537,0.203548,0.0681537,0.305549
-0.0942549,1.64849,0.0913773,3.075
0.0429067,1.02815,-0.341538,1.37725
0.0441894,0.455206,0.466265,0.470442
0.461969,0.405705,0.107554,0.426474
0.267863,0.357338,0.23072,0.436668
0.00287733,-0.137345,-0.133851,0.277572
-0.423969,0.342495,-0.0056575,0.398362
-0.0117977,-0.425739,0.0573306,0.253105
-0.186056,-0.187805,-0.15604,0.267352
0.122253,0.438965,-0.421927,0.470884
0.0567049,0.560614,-0.463291,0.57838
-0.336484,0.773123,0.0555582,0.916681
0.021355,1.83942,0.139906,3.73148
0.418292,-0.0881022,-0.112552,0.257974
0.0820868,1.6164,0.427473,2.89162
0.211607,0.100667,-0.00715719,0.327378
-0.209368,-0.398183,-0.0555154,0.252061
-0.00270332,1.29069,-0.320055,1.98442
0.0173209,0.299628,-0.224295,0.425737
-0.414009,0.456304,0.277313,0.458905
-0.317046,-0.0469337,0.107715,0.275083
0.208632,1.13237,-0.232758,1.6167
0.331899,-0.335174,0.0992995,0.25084
0.172242,1.59349,-0.389493,2.81666
-0.411205,1.25207,0.0465934,1.84938
0.315474,1.51676,-0.353059,2.56264
-0.150369,-0.220114,-0.0302231,0.265727
-0.0502999,1.84645,0.104475,3.73841
0.133843,1.51531,0.426056,2.57151
-0.084698,0.971985,0.155215,1.3015
0.460741,1.39824,-0.153743,2.21226
0.139598,1.71255,0.313346,3.25195
0.00821658,1.35247,-0.237122,2.16481
0.238922,1.14668,0.390903,1.58439
-0.348304,0.227172,-0.209794,0.338037
-0.0217058,1.1605,0.337202,1.67343
-0.300349,0.819276,0.168199,0.990967
0.24427,1.86283,0.0504026,3.793
-0.277079,1.43776,0.0912709,2.39996
0.135772,0.107121,-0.462523,0.268048
0.107132,1.7314,-0.217959,3.32945
-0.223546,0.762277,0.043333,0.930361
-0.454039,0.47573,-0.0518543,0.495292
0.201977,0.36619,-0.118643,0.468713
-0.105215,1.08644,-0.243835,1.52765
0.0960933,1.11394,-0.294666,1.57239
0.148598,1.47245,-0.00784009,2.5217
-0.366609,1.2194,0.0716242,1.79429
-0.181999,0.922013,0.0177146,1.20668
-0.0965918,-0.0120028,-0.267182,0.287594
0.0907345,0.145877,-0.164201,0.348193
0.10645,1.72922,0.246241,3.32345
0.0204954,1.18404,-0.480667,1.6606
0.0576737,1.12113,-0.449472,1.52996
-0.453243,1.7016,-0.0305845,3.16557
-0.29377,1.5462,-0.0668196,2.7198
-0.379875,1.3547,-0.0269329,2.13877
0.327972,0.104487,-0.227307,0.294138
-0.257905,1.63305,0.400847,2.92869
0.141455,0.832799,-0.336132,1.00679
-0.482542,0.934233,0.0724967,1.12858
0.0455813,1.79028,-0.0113953,3.55674
0.290704,0.45333,-0.297335,0.491355
-0.175028,0.657833,0.171744,0.779923
0.0937861,1.3332,-0.379432,2.0713
-0.0285774,1.02527,-0.114356,1.4185
-0.400088,0.00252149,-0.0586763,0.271068
-0.0636219,1.10689,-0.424233,1.50677
0.0745386,0.480117,-0.084686,0.590213
-0.0701381,0.962492,0.0683714,1.28727
-0.178806,0.81707,-0.363537,0.959472
0.258556,0.942504,-0.0285811,1.22097
0.240429,0.251115,0.313021,0.351695
-0.298714,1.61602,-0.376917,2.8688
-0.122798,1.55329,-0.0258017,2.76562
0.450286,1.30186,-0.126278,1.96003
-0.363271,-0.0894107,-0.195764,0.260349
0.321014,1.26081,-0.226791,1.88949
-0.107282,0.38377,-0.173807,0.492537
0.0588212,1.7639,-0.240077,3.43858
0.0634608,1.40405,-0.419626,2.25926
-0.374063,1.52285,0.126874,2.6139
-0.41305,0.431606,0.152422,0.465624
0.0772469,0.25255,0.269459,0.386156
0.114998,-0.0730338,0.324553,0.270568
0.227614,0.132326,-0.439665,0.269311
-0.395291,1.31803,0.089574,2.03104
-0.257017,1.37387,-0.00613743,2.22544
-0.361171,1.13426,-0.112393,1.58737
-0.438901,1.67163,-0.179301,3.05018
0.0471174,0.48262,0.259844,0.569686
-0.169567,0.52408,0.0378904,0.627081
-0.419786,1.71913,-0.25406,3.21032
-0.0220513,1.45657,-0.119817,2.48561
0.10904,0.956203,-0.236195,1.25446
0.160026,0.816671,-0.387859,0.95247
0.0673991,-0.256649,-0.093566,0.263739
-0.0931782,1.01322,-0.40477,1.3161
0.456492,-0.16963,-0.0145549,0.250873
-0.113086,0.652909,0.026602,0.787064
-0.101081,1.39466,0.0621547,2.30391
-0.0491372,0.0248742,0.37968,0.278254
0.181975,0.873267,0.331094,1.06501
0.31245,0.502819,-0.310962,0.529839
-0.479558,1.09937,0.128852,1.4617
0.479099,1.79734,0.088882,3.48605
-0.027774,0.703414,0.223274,0.841385
0.370211,1.80979,-0.156358,3.56922
-0.28549,0.725579,0.189492,0.843152
-0.13282,0.854271,0.298526,1.05117
0.317477,0.358456,0.0599734,0.444229
-0.487459,0.832015,0.018114,0.947273
-0.423414,1.54835,0.127251,2.66991
0.0290796,0.344736,0.38345,0.414095
0.0346135,-0.440614,-0.170257,0.251268
-0.0765951,1.89131,-0.325721,3.87834
0.335317,1.51536,-0.197349,2.59156
-0.196493,1.55723,-0.141117,2.76646
-0.0908168,0.980822,-0.478941,1.21828
-0.292725,0.726362,-0.26336,0.82632
-0.0344346,1.45445,0.212191,2.46639
0.215917,0.404128,0.0561929,0.50653
0.215354,-0.175436,-0.248475,0.260927
-0.0996218,0.160767,0.214136,0.350021
-0.17474,1.72673,0.288352,3.29579
0.254797,1.84606,-0.00794511,3.725
0.270541,1.32046,0.339704,2.02288
-0.165178,1.81595,0.0829143,3.65289
-0.253154,0.676891,0.149734,0.787403
-0.108434,1.74435,-0.23848,3.36167
0.355608,0.369525,0.319263,0.398238
-0.0184817,1.66802,0.408431,3.06766
0.0115669,0.256611,0.0732523,0.41793
0.374761,1.62892,-0.0520966,2.96304
-0.197611,1.34309,-0.0572031,2.15519
-0.17945,0.48706,-0.173678,0.575295
-0.274728,1.51833,0.0497194,2.62791
-0.160976,0.279643,0.370296,0.366454
-0.355455,1.41724,-0.329752,2.26737
-0.266037,0.504718,-0.104275,0.585441
-0.287521,1.89961,0.390331,3.8634
-0.421162,0.158355,0.0659566,0.300578
-0.0909804,1.70048,-0.153333,3.22627
0.177952,0.605466,-0.336475,0.66605
-0.23219,0.175426,0.193422,0.344616
-0.186793,1.38821,-0.416498,2.20007
-0.0973846,0.0328257,0.265983,0.296783
0.220225,1.26622,-0.410925,1.87254
0.159139,0.448649,0.457408,0.45931
0.319737,1.75056,0.225713,3.35648
0.29045,1.16539,-0.201574,1.67318
-0.267712,-0.168778,0.317156,0.255109
-0.173077,0.366743,-0.0195262,0.486541
0.0702958,0.764807,0.160449,0.942661
0.296542,1.93342,-0.270153,4.02316
-0.172432,0.961975,-0.0326373,1.2789
-0.468999,1.11687,-0.00146497,1.50826
0.0182281,1.59809,0.28395,2.89196
-0.268354,0.746627,0.0532563,0.888576
-0.0840966,1.35335,0.0147786,2.19658
-0.122557,0.445264,-0.202963,0.536127
0.168705,0.0615169,-0.0560903,0.321098
-0.0233029,1.45824,-0.319962,2.44188
0.21559,1.47944,-0.295147,2.50067
0.256757,1.74825,-0.0183444,3.38847
0.120653,0.253533,-0.0411658,0.412505
0.103779,0.979972,-0.419825,1.23827
-0.239271,0.467669,0.0319273,0.560979
0.177549,1.71043,-0.378645,3.20723
0.142406,1.6591,0.334544,3.05642
-0.348339,0.67927,-0.0515228,0.775335
0.105031,0.255247,-0.447048,0.333735
0.00659003,1.48223,-0.26507,2.52851
-0.17256,0.254542,-0.414576,0.333946
0.0884119,1.19737,0.0138661,1.80747
-0.219233,1.30838,-0.408327,1.9739
-0.0676472,0.351393,-0.251966,0.449134
-0.449905,0.474269,0.157209,0.485835
0.280691,0.660794,0.218224,0.749463
-0.398879,1.21002,0.152072,1.74428
0.335479,0.162658,0.267678,0.303478
-0.218885,0.67119,-0.389839,0.725912
0.278129,0.258106,-0.184141,0.376423
0.101933,-0.332887,-0.317715,0.251489
0.420804,1.33504,0.227219,2.04193
-0.398738,1.72608,0.221063,3.25058
-0.232403,1.40844,-0.141255,2.30655
0.192723,0.0568883,0.202089,0.304397
-0.147935,-0.139249,-0.192554,0.272032
0.257324,1.17736,0.256202,1.68785
0.280771,0.410697,0.108778,0.495105
-0.333175,0.509675,0.263472,0.543006
0.18301,-0.370224,0.0874263,0.253955
0.341146,0.665251,-0.0290695,0.756369
-0.295144,1.34649,-0.0252319,2.1372
-0.00155209,1.21282,-0.346483,1.78443
0.149587,0.942994,0.389901,1.17749
-0.128515,0.655731,0.049918,0.791981
-0.212929,1.38688,-0.338977,2.20852
-0.323284,0.652721,-0.0773452,0.7415
0.0839899,0.0212208,-0.0030896,0.316813
-0.128806,0.93852,0.114233,1.23793
0.103208,0.0325652,0.399384,0.273975
0.312927,0.0443629,-0.132675,0.292037
0.237817,1.33816,0.423906,2.0457
-0.0223248,-0.181489,0.0059608,0.274715
0.0911694,0.0993137,0.275209,0.316911
0.161988,1.92882,-0.00890533,4.02979
0.0502076,1.35943,0.082573,2.21727
0.214693,0.533583,-0.068683,0.630729
0.0440399,1.16579,0.138214,1.71364
0.223939,1.37495,0.392777,2.15953
0.363563,0.537052,0.299026,0.552256
-0.470475,1.81544,-0.107948,3.55304
-0.182863,1.49929,-0.244641,2.57303
-0.316221,0.957422,-0.113944,1.23437
0.407089,0.0633206,-0.0403784,0.280248
0.134775,0.674762,-0.206933,0.801866
0.185953,0.701665,-0.00154958,0.848997
0.0127423,-0.289542,0.351087,0.25266
0.0616459,0.298456,-0.237177,0.419528
0.166971,0.619572,-0.0459748,0.739391
0.244063,-0.204221,0.0389805,0.263757
0.112843,0.206024,0.234046,0.366711
0.0431759,0.452804,0.433369,0.481259
-0.118186,0.990991,-0.300564,1.31426
-0.253564,-0.0830138,-0.0494321,0.278463
-0.204197,0.0343171,0.306822,0.283949
-0.0966481,1.26843,0.10372,1.98477
-0.293502,1.86843,0.274486,3.78337
-0.373327,-0.159367,0.172714,0.255123
-0.394849,0.637931,-0.262929,0.668705
0.121784,-0.225143,-0.125679,0.265703
-0.253384,0.55346,0.424798,0.558695
0.276989,0.722297,-0.243947,0.830499
-0.0632032,0.638699,-0.450781,0.677853
0.400654,0.12641,-0.098024,0.297365
0.34161,0.969993,-0.241616,1.23021
0.0486287,0.798459,0.00556795,1.01648
0.205682,0.195232,0.0346078,0.367447
0.348739,0.350706,0.262375,0.400391
0.0794684,0.459591,0.196522,0.556013
-0.359687,0.563312,0.156179,0.614642
0.195555,1.12779,-0.330529,1.56982
-0.237298,1.95261,0.125455,4.10693
-0.0211244,1.57048,-0.493868,2.71919
0.228532,1.05752,-0.208763,1.45022
-0.320339,1.33908,-0.306087,2.0691
0.218373,1.00018,-0.42044,1.26569
0.279386,1.95426,0.0363999,4.1176
-0.0248247,0.288035,-0.404708,0.371386
0.0882619,0.72226,-0.291828,0.849287
0.114447,1.83045,-0.144331,3.68838
0.123245,1.86617,-0.21876,3.81065
0.187967,-0.123753,-0.0650826,0.277572
-0.24067,0.826928,-0.315983,0.979493
0.19551,0.505822,0.422191,0.522366
0.293495,0.285401,-0.0911201,0.396054
-0.125922,0.438925,0.196265,0.5327
-0.308694,0.987744,-0.0679847,1.30546
-0.156349,0.733752,-0.0809399,0.897614
0.271646,0.832438,0.403729,0.949402
0.365721,0.771431,-0.158572,0.893282
-0.385926,0.850139,-0.266115,0.989864
0.317496,-0.0677031,0.133225,0.270734
-0.0691522,0.593883,-0.078492,0.717157
-0.282334,1.8915,-0.40754,3.83019
-0.143824,1.77734,0.364319,3.44486
-0.320776,1.92652,-0.337775,3.97284
0.0855611,0.711162,0.341373,0.8171
0.244667,0.851663,0.354204,1.00471
0.146723,1.61012,-0.411732,2.86616
0.0517493,-0.369634,0.223267,0.253393
0.446964,1.30559,-0.0128614,1.97891
-0.0102302,0.0125358,0.234768,0.298536
-0.441235,1.57285,0.139588,2.74701
0.173421,0.603657,-0.454364,0.620763
-0.25861,0.00854665,-0.00208998,0.297851
0.147013,1.88657,0.473772,3.81015
-0.0972943,1.40735,-0.115528,2.33785
-0.36646,1.23218,0.322512,1.77286
-0.0488025,0.296992,-0.0334949,0.441471
-0.216069,1.68032,-0.356341,3.10809
0.472747,0.564724,0.0492334,0.579266
0.160008,0.829643,-0.363623,0.981061
0.0791782,0.517558,-0.372678,0.569663
0.196899,-0.313393,0.114806,0.257208
-0.320467,0.933185,0.353157,1.13212
-0.0177244,-0.351603,-0.2596,0.253118
0.267999,1.94561,0.25193,4.07529
0.116421,-0.267311,-0.0498195,0.263395
0.240687,0.43059,-0.0559808,0.523633
0.276814,0.572815,-0.187203,0.642464
0.296275,0.676733,0.17252,0.772789
0.109121,-0.378716,-0.262461,0.251269
-0.242274,1.29314,0.42621,1.92708
-0.210975,1.64861,-0.379847,2.99306
0.00927612,1.83172,-0.318021,3.66841
0.116002,1.09606,-0.387362,1.49905
-0.283534,-0.0743525,0.341888,0.257358
0.0138148,0.0475071,0.203621,0.312786
0.275254,0.0896564,-0.0170867,0.318758
-0.471606,0.382539,0.154332,0.397468
-0.402351,1.30771,-0.286298,1.96239
-0.403856,1.68642,0.246113,3.10044
-0.0339408,-0.351155,0.219106,0.254267
0.0166121,0.140597,0.349657,0.318626
-0.0240828,1.53612,-0.139161,2.71796
0.137553,0.696454,0.11902,0.842705
0.422535,0.882545,0.262865,1.03017
-0.306006,1.70148,-0.0878863,3.21359
0.409199,1.43659,-0.041988,2.35476
0.00941525,-0.0734338,0.141663,0.291232
0.302644,0.913333,-0.0230322,1.15489
0.13975,-0.00273274,0.0496612,0.305109
0.440849,0.870328,0.210322,1.01308
-0.212364,0.883205,-0.0738125,1.12529
-0.10508,1.03298,-0.401947,1.35445
-0.043052,1.65383,0.278718,3.06857
-0.197666,1.3985,0.127602,2.29885
-0.278609,1.86668,-0.134369,3.78404
0.225616,0.969791,0.297454,1.24535
-0.128508,0.419026,0.294066,0.495572
0.0484423,-0.348876,0.0287679,0.25757
0.395791,0.988993,-0.261715,1.24114
0.312968,0.303945,-0.150928,0.400665
-0.0157786,1.03012,0.43372,1.33681
-0.0974959,1.79277,-0.158836,3.55835
-0.49597,0.0887569,0.00489706,0.259031
-0.111658,-0.254874,0.0792753,0.264697
-0.290684,0.41209,0.284462,0.459205
-0.464649,1.75131,-0.0294716,3.32828
0.261759,-0.120795,-0.152642,0.270107
0.18286,1.26492,-0.246976,1.92819
-0.364082,1.21991,0.186341,1.78266
-0.086649,1.42439,0.297363,2.35121
-0.0907789,0.0393745,-0.136075,0.314347
0.161385,-0.14367,0.0911462,0.27452
-0.014766,0.695696,-0.337899,0.804171
0.236572,-0.0146184,-0.356262,0.264505
0.125952,1.71831,-0.466624,3.20889
-0.253306,-0.0994027,0.103947,0.275027
-0.340847,0.321354,-0.228411,0.388803
0.128061,0.717824,0.384197,0.806368
0.136408,1.90538,0.461948,3.88945
0.246555,1.48842,0.420531,2.46813
0.330062,0.148581,0.0458625,0.323428
0.15545,0.47691,-0.181203,0.565878
0.371574,0.352084,0.273892,0.390548
0.15797,0.626043,0.31121,0.703762
0.442154,1.38885,0.219721,2.18211
-0.258219,1.80699,-0.351598,3.53587
0.331801,1.13352,0.251278,1.57245
-0.236737,0.129554,0.401133,0.278914
-0.481517,1.12903,0.0333322,1.53377
0.190104,0.272654,0.172748,0.399361
0.0467389,-0.370142,-0.110702,0.254638
0.0649078,1.26987,0.136642,1.96736
0.333891,-0.109745,0.336521,0.251477
-0.366715,1.41886,0.0244586,2.31797
0.203109,0.922813,0.223184,1.18702
0.307964,0.418867,0.139305,0.49155
0.0406266,0.928892,0.429277,1.14516
-0.138276,0.516322,0.360282,0.562571
-0.227618,1.72925,0.257968,3.30084
0.227812,1.43184,-0.410359,2.31747
-0.110673,-0.136198,0.446247,0.252023
0.139442,1.91241,0.189929,3.9773
0.267424,1.28669,0.39141,1.91625
0.0632287,1.25199,-0.328573,1.88672
-0.215362,1.13473,0.335492,1.58874
0.092802,0.663642,-0.164285,0.795193
0.219175,0.398004,-0.274136,0.468265
0.336377,-0.128844,-0.322561,0.251688
0.305734,-0.0398215,-0.38818,0.250527
0.191558,1.8597,0.222862,3.7629
-0.134554,0.57417,-0.166976,0.677545
-0.241802,0.330889,0.0571867,0.443976
-0.282104,-0.209054,0.285039,0.253794
0.0516553,-0.378771,0.170105,0.253716
-0.0753106,1.52129,-0.201536,2.66942
-0.300449,-0.000116284,-0.275911,0.270085
0.427173,0.448961,0.227925,0.45814
0.126207,0.338681,0.366582,0.406764
0.102453,1.78889,0.118527,3.52715
-0.0356101,0.718448,-0.414183,0.808468
-0.436488,1.9656,0.00777004,4.13169
-0.0049499,0.668562,0.356193,0.759285
-0.278705,-0.212032,-0.302531,0.253217
0.0845028,0.142233,-0.190817,0.347062
0.0619308,1.64451,0.148748,3.05569
-0.324407,0.629106,-0.262996,0.685978
-0.141822,-0.0584132,-0.213857,0.281843
-0.165081,-0.0489375,0.452336,0.252347
-0.423685,1.80826,-0.256479,3.52005
0.467234,1.01623,-0.156317,1.28603
0.150427,1.69337,-0.292936,3.17876
-0.266035,1.75028,-0.0376879,3.3818
0.366731,1.16459,-0.231765,1.63609
-0.1312,1.82477,0.129619,3.6713
-0.335325,1.25024,0.150977,1.87054
-0.234849,1.36518,0.0094268,2.19834
-0.212416,1.50576,-0.246763,2.58991
-0.202678,1.43658,0.321208,2.35482
0.120777,1.266,-0.207178,1.94853
0.478586,1.35065,0.0186971,2.08475
-0.012311,0.332105,0.31902,0.429802
0.330302,-0.0822264,-0.00257202,0.271365
0.317892,0.521319,-0.0454079,0.595129
-0.263666,0.0823527,0.180201,0.30568
-0.129503,0.709702,0.337229,0.81464
0.348536,0.215845,-0.115203,0.343812
-0.496957,1.70377,0.0319598,3.15377
0.149225,0.468458,0.140772,0.567515
-0.236009,0.0320782,-0.348935,0.272589
-0.0573928,0.597627,0.485743,0.61308
-0.440341,0.306173,0.164152,0.355494
-0.0594664,0.476396,0.176115,0.576153
-0.0259346,0.719177,0.439255,0.797203
-0.257487,-0.121979,0.314777,0.257759
-0.208518,0.935457,0.0752699,1.21611
0.0355446,1.16882,-0.494812,1.61811
-0.354967,1.25402,0.087109,1.87905
0.369701,1.70419,0.242425,3.17664
0.198929,0.16466,0.220368,0.340819
0.138907,0.161568,-0.263631,0.336793
-0.0729622,-0.247227,-0.157914,0.262933
0.444264,0.211899,-0.167909,0.305388
-0.47054,0.0347156,0.0876644,0.257537
-0.29078,1.91104,-0.150414,3.95183
-0.333083,1.48647,-0.0477074,2.53205
-0.0787927,-0.209676,0.421515,0.25165
0.275656,0.112672,-0.30783,0.291403
-0.330109,1.62648,0.0963885,2.95328
-0.135123,0.219097,-0.46856,0.304047
-0.083891,-0.394252,0.13139,0.25384
0.0061483,1.71489,-0.3174,3.2543
-0.14092,0.071392,0.236721,0.310889
-0.0399638,0.816909,0.213673,1.01528
-0.272249,1.46407,-0.35034,2.42178
0.160145,1.25321,-0.0257888,1.93865
-0.0616217,-0.448669,0.0741329,0.251807
0.0441366,1.67113,0.213091,3.12711
0.185673,0.292636,-0.320616,0.38435
-0.377825,0.456269,0.311359,0.463332
0.326564,-0.021604,0.271222,0.263394
0.11231,1.13942,0.487141,1.54821
0.0732466,1.28009,-0.111428,1.99667
-0.177848,1.4782,0.280935,2.5084
-0.106486,-0.198675,-0.0794522,0.269754
-0.269099,1.54976,-0.103932,2.73982
-0.0868604,1.18909,0.262006,1.74664
0.310796,0.486042,0.0906062,0.554934
0.340752,0.333492,-0.299351,0.380954
0.0421651,-0.335029,0.228773,0.254652
0.141879,1.20023,0.358801,1.74131
-0.359715,1.69802,0.104777,3.18591
0.336258,0.722621,0.00573152,0.844045
-0.0414581,-0.160081,0.153973,0.273857
-0.0768335,1.16355,-0.443665,1.6261
-0.196857,-0.205391,-0.0475597,0.267161
-0.151201,1.02833,-0.0354287,1.41894
-0.0539649,-0.320414,0.146859,0.257847
0.226353,0.360051,0.368853,0.411137
0.409818,1.88184,-0.0396539,3.81884
0.159682,0.0751947,0.187847,0.315658
0.395354,0.551389,0.0631666,0.599537
-0.153869,1.74025,0.176656,3.35335
0.396328,0.992285,-0.0856575,1.27421
0.363518,1.10434,0.0666483,1.52735
-0.251733,1.05639,-0.424525,1.36931
-0.106651,1.19832,0.276308,1.76392
0.0153799,1.19817,0.0246931,1.80811
0.0956001,-0.202408,0.083683,0.270402
-0.103722,0.475133,0.168102,0.5747
0.297157,1.02129,-0.175231,1.35768
-0.22821,1.43823,0.277721,2.37247
-0.438195,0.350838,0.236384,0.374035
-0.305356,0.564725,-0.0299475,0.647047
0.135399,0.0719154,0.0223842,0.327383
-0.0163953,0.146197,0.269217,0.33725
-0.0899717,-0.0240183,0.432956,0.26047
0.337334,1.22825,0.13974,1.8015
-0.341862,1.77804,0.189061,3.44975
0.40192,1.30832,0.119179,2.00228
0.202741,1.74099,-0.399251,3.3047
0.00349707,0.145429,-0.413465,0.301948
0.371749,1.31067,-0.134936,2.01191
0.292018,1.97113,0.370753,4.14611
-0.0412941,-0.111722,0.0480401,0.284608
0.180401,0.421745,-0.0245399,0.533902
-0.308069,0.147665,0.110193,0.323875
0.068381,0.686583,0.318734,0.794572
0.109971,1.71857,0.432169,3.23007
0.4188,0.536321,-0.108382,0.567914
-0.399705,1.95232,0.206139,4.07849
0.0695379,0.200512,-0.258624,0.36084
0.342322,1.99007,0.177735,4.23216
-0.132276,-0.406176,0.104654,0.252536
0.00124344,-0.0481251,0.4245,0.262326
0.228521,0.333207,-0.348095,0.39798
-0.103429,0.709617,0.290962,0.82588
0.161388,-0.347573,0.104293,0.255256
0.204182,0.677559,-0.335878,0.753713
0.303251,0.316593,0.154446,0.410663
0.35669,0.513414,-0.10377,0.569042
0.393243,1.41891,-0.211957,2.28576
0.251429,1.69451,0.269683,3.17846
0.134845,1.87751,0.366167,3.81518
-0.370756,1.75427,-0.283995,3.34904
-0.163478,1.06924,-0.428482,1.4135
-0.444817,1.63914,0.215656,2.9383
0.453775,1.16612,-0.0885774,1.6293
0.0304106,1.66916,0.326188,3.0997
-0.0530687,1.36044,-0.0914855,2.21843
0.220299,1.42638,0.312135,2.3274
0.348332,0.605429,0.274669,0.64191
-0.348746,1.09809,0.19917,1.50294
0.0142792,0.891072,0.488934,1.04867
0.306246,-0.186279,-0.00458267,0.262734
-0.0535523,0.143232,-0.280058,0.331541
0.400893,1.40767,-0.0761984,2.27094
-0.280355,0.251038,0.358772,0.332046
-0.271811,1.94353,0.118407,4.07451
-0.371126,1.86061,0.0119206,3.75325
-0.32524,-0.0950283,-0.0843292,0.268588
0.111698,1.79317,-0.388298,3.50259
0.13267,1.61061,-0.0761032,2.9461
-0.318851,0.17688,0.136244,0.331897
-0.396676,-0.198193,-0.0487155,0.254606
-0.20162,1.63567,0.105663,3.01013
-0.0416882,-0.361234,0.0958999,0.256345
0.280708,1.3246,0.137102,2.08607
-0.216935,0.238875,0.377138,0.333737
-0.0105834,1.58801,0.169342,2.87982
-0.338617,1.41767,0.278266,2.29139
-0.336246,1.14638,0.267347,1.59845
-0.21041,-0.10992,0.161875,0.274424
-0.273749,0.819545,-0.373343,0.940491
0.0836855,0.51684,-0.0557841,0.632558
-0.4176,0.0349124,-0.205752,0.260755
-0.193453,0.29196,-0.426622,0.348453
0.162201,-0.337428,-0.0340733,0.256347
0.41975,0.726428,0.113873,0.806675
-0.0597544,1.10908,0.459537,1.49574
0.367302,1.14263,-0.324262,1.5624
0.0327973,0.465128,-0.240525,0.556088
-0.285261,0.347039,0.28723,0.410437
0.0889573,1.27229,-0.279725,1.94278
0.230349,-0.215551,-0.228177,0.257935
-0.284705,1.76398,-0.24899,3.40756
0.278638,1.78705,0.217958,3.49503
0.072863,-0.368217,0.0572136,0.255932
-0.344942,1.34096,0.305878,2.06633
-0.205241,1.10114,-0.272335,1.52454
0.440207,1.52387,0.192858,2.58315
-0.0592556,-0.108021,0.293547,0.27095
-0.168936,1.83845,0.44515,3.63728
-0.42273,-0.0923054,-0.0218614,0.258645
0.384942,-0.302893,0.0571939,0.250232
-0.124899,1.16194,-0.411067,1.63136
0.359073,-0.161947,0.202365,0.254963
0.148929,1.34289,0.29023,2.12106
-0.375251,1.45451,-0.300736,2.37425
-0.365288,0.861293,0.317155,0.997396
0.18431,0.540735,0.0726985,0.639804
-0.0106436,1.88107,-0.351378,3.84041
0.438601,1.89998,0.0448658,3.87596
0.229353,-0.269478,0.176799,0.256186
-0.177756,1.59361,-0.190073,2.8792
0.203067,0.165265,0.328083,0.316611
-0.32476,0.766314,-0.042581,0.910911
-0.0885908,1.65908,-0.40956,3.05011
-0.142904,0.543896,-0.0088399,0.65731
0.198079,-0.258061,-0.213798,0.257613
0.342962,0.65279,0.319243,0.692067
0.362061,1.7703,-0.294978,3.39909
0.243687,1.65799,-0.329004,3.03454
0.108412,1.94635,-0.0141246,4.10278
-0.430194,1.83038,-0.147477,3.62274
0.00641138,1.0142,-0.23669,1.36851
-0.142641,-0.094728,0.0460962,0.284087
0.360538,0.712306,0.176939,0.799078
-0.0586815,1.82254,0.428617,3.59336
-0.188843,1.07214,0.0924225,1.50155
0.071617,0.663003,0.321875,0.758078
0.195387,0.402724,0.174604,0.49313
-0.351708,0.0272445,-0.241026,0.269512
0.27054,0.946249,0.374222,1.16236
0.420799,-0.227975,0.0131638,0.251613
0.019183,1.08251,0.203759,1.53031
0.16265,1.10543,0.303935,1.53365
-0.214299,0.00123531,0.127267,0.294316
0.435234,1.95863,-0.029391,4.10255
0.0914144,1.42264,-0.00654072,2.38817
0.125141,-0.417442,0.229228,0.250357
0.141364,1.79473,0.379073,3.51528
-0.3334,1.31943,-0.0298277,2.05341
0.0278121,-0.0640825,0.162785,0.289058
-0.252944,1.23667,0.274014,1.83361
-0.327963,1.50997,-0.152852,2.57961
-0.143502,1.36884,-0.331878,2.18037
0.161447,1.67569,0.0597584,3.17221
-0.410924,0.454762,0.132361,0.485128
0.383452,1.19649,0.241267,1.70044
-0.179999,1.14442,0.261271,1.63872
-0.04628,0.158461,0.447615,0.294707
-0.439683,1.92086,0.0742015,3.958
0.30342,1.64685,-0.385414,2.96557
0.0903446,0.30769,0.429185,0.371611
-0.424283,1.31107,-0.126268,1.9949
-0.00715519,1.02843,0.116887,1.42829
0.32707,0.874255,-0.330531,1.03092
-0.00897075,0.445241,-0.370959,0.501548
0.344293,-0.268625,-0.0257437,0.25378
-0.323215,0.846268,0.135498,1.03468
0.300398,0.91103,0.136218,1.15152
0.127093,0.383068,-0.343124,0.450506
-0.140769,1.70795,-0.129712,3.25291
-0.0446503,0.522431,-0.131003,0.636217
-0.148081,1.76356,0.16169,3.44585
0.387479,1.98368,-0.0550085,4.21564
-0.0676386,-0.145794,-0.0474515,0.279404
0.26816,0.807571,-0.364145,0.92734
-0.0827335,-0.443991,0.136286,0.250775
0.0862615,-0.0428946,-0.144143,0.293281
-0.0446833,1.55168,-0.0911331,2.77659
0.388896,0.577865,-0.224205,0.608087
-0.08814,0.400658,-0.342747,0.469101
0.251349,0.461788,-0.334744,0.500709
0.25124,1.87913,-0.209547,3.82775
0.151534,0.771227,0.0577827,0.956404
0.105538,0.527125,0.251867,0.613872
0.328987,1.61561,0.108377,2.91626
0.0291681,1.47562,-0.00928749,2.53978
0.113604,0.962384,-0.431328,1.20306
-0.457903,1.98057,-0.0558683,4.18049
0.139628,1.5077,0.110608,2.61515
-0.404063,0.638774,0.217076,0.677706
0.255462,0.435893,-0.245496,0.499605
0.38902,1.2023,0.225615,1.72332
-0.0324172,0.562464,-0.131,0.679754
-0.0151578,1.66746,0.021036,3.14204
-0.132659,1.16453,-0.389474,1.64239
-0.476387,0.24386,0.148152,0.309572
0.0307796,1.88676,-0.420497,3.83337
-0.242935,1.85301,-0.389808,3.70416
-0.30656,0.198223,0.394725,0.289261
0.36278,1.62729,0.140462,2.94551
0.128306,1.24795,0.345854,1.86413
0.444397,1.25665,-0.228425,1.82929
-0.0340677,1.87744,0.477003,3.782
-0.34996,1.39342,0.109249,2.24672
0.0542549,-0.423948,0.143636,0.251879
-0.248897,0.126582,0.255229,0.312495
-0.267181,1.38369,0.330623,2.20349
0.258993,1.58438,0.0158655,2.84661
-0.12572,1.23225,-0.00552557,1.8944
-0.0170759,1.12219,-0.32368,1.57992
0.140418,0.099714,0.227895,0.322487
-0.160664,1.51092,0.231761,2.60909
-0.260349,1.18985,0.196979,1.73449
-0.1866,0.675482,-0.412947,0.727874
-0.487946,0.871977,0.0340381,1.01582
-0.349779,-0.143071,0.164797,0.258167
-0.0323869,1.31432,-0.494195,1.98038
0.109421,1.26162,0.23577,1.92886
0.403698,0.983932,0.203081,1.23872
0.199791,1.86412,0.335856,3.75977
0.0254553,1.46226,-0.270174,2.47397
-0.0576968,-0.253133,-0.36384,0.253825
-0.46929,0.430388,0.0216987,0.448915
-0.0279738,1.9989,0.217718,4.29942
-0.021606,0.244036,0.269002,0.382853
0.294332,1.88133,0.06829,3.835
0.0439486,0.279263,0.470711,0.340133
0.1088,0.399744,-0.47498,0.416039
-0.0773367,1.45178,0.338556,2.42665
0.466089,1.64381,0.0228238,2.96751
0.197029,0.698474,-0.27854,0.804495
0.0548533,0.902091,0.164455,1.16072
-0.000214958,0.226567,-0.217695,0.382077
0.288062,0.572085,0.376831,0.589125
0.229778,-0.357392,-0.26285,0.24996
0.00673067,-0.109235,-0.482807,0.250564
-0.0583491,1.81965,-0.0614298,3.66663
0.0713526,1.55957,0.416081,2.7263
0.341918,0.234818,0.235611,0.338889
-0.392371,1.74032,-0.178055,3.30497
-0.0849878,1.80434,0.487601,3.50807
-0.0382148,0.733694,-0.013985,0.907653
0.0627525,0.900451,-0.476364,1.0689
0.216144,0.0136071,0.199635,0.292882
0.169473,1.98913,0.0649359,4.25933
-0.30224,0.081756,0.191371,0.296405
0.374356,1.39117,-0.133776,2.23519
-0.330673,-0.0353988,0.177828,0.271876
-0.372873,0.926443,0.182903,1.14418
0.103789,-0.37494,0.169213,0.254002
0.186755,0.215714,0.219157,0.363584
-0.342223,-0.163294,0.0633605,0.260883
-0.0746426,1.60193,0.317465,2.88932
-0.00970616,0.275149,-0.0669207,0.427367
0.26313,1.43706,0.225249,2.38242
-0.198381,1.71089,-0.279765,3.23456
-0.469322,0.440332,0.165398,0.445289
0.28234,1.67314,-0.0249158,3.12821
-0.48761,1.41216,-0.0386639,2.2498
0.272572,0.473348,-0.184655,0.540597
0.249065,0.503498,0.16257,0.584664
0.341988,0.192081,-0.249092,0.315711
-0.193136,1.3857,0.0891297,2.2748
-0.28128,1.09147,0.188264,1.51059
-0.155915,0.962494,-0.0945749,1.27617
-0.492904,1.14701,0.0339585,1.56757
-0.0139742,0.334782,-0.252367,0.446516
0.0278976,-0.208645,-0.224157,0.265515
-0.0104307,0.969226,0.0266323,1.30724
-0.0804556,0.822509,0.224646,1.01941
0.119305,0.277466,-0.382101,0.366606
0.171034,1.19755,-0.054883,1.78971
0.0764941,1.16187,0.37448,1.65159
-0.370657,0.26221,-0.239807,0.343902
-0.0950567,1.05791,-0.069219,1.48037
-0.442771,0.379686,0.181649,0.403741
-0.16277,0.376278,-0.164114,0.483194
0.0373728,-0.194771,0.125029,0.270503
-0.210301,1.22879,-0.00662675,1.86331
-0.0580297,-0.0807491,-0.430105,0.257758
0.29792,1.59075,-0.336162,2.8057
-0.393751,1.05634,-0.287239,1.37432
0.0837588,0.800856,0.0600938,1.00832
0.307555,0.38197,0.284944,0.430569
-0.0933867,0.0532771,-0.276896,0.300604
0.382312,1.35144,0.00532767,2.12822
0.297311,-0.131019,-0.187172,0.264367
0.199904,0.0863077,0.284334,0.301703
-0.349522,1.01795,0.0136238,1.34373
-0.393671,1.1621,-0.111577,1.6449
0.216497,0.0353918,0.0423108,0.307528
-0.123816,0.103472,-0.401402,0.287464
-0.256523,-0.422151,-0.018865,0.250412
-0.0210016,1.79005,0.0212569,3.56264
0.279136,0.874877,0.123056,1.09479
0.00116621,1.2307,0.376647,1.81447
0.137504,1.27795,-0.434077,1.91247
-0.164021,1.01642,-0.444345,1.29415
0.220705,1.08936,0.315441,1.48642
-0.0117199,0.435025,0.0745699,0.552104
-0.0864118,1.9908,0.331635,4.24662
0.134377,0.116679,0.0909641,0.342058
0.457577,0.349163,0.0704247,0.387246
-0.0923419,1.13368,-0.113426,1.6532
-0.465098,0.462177,-0.141832,0.469724
0.433224,0.0460528,0.0886472,0.268954
0.0565721,0.440981,-0.440652,0.471122
0.348179,1.21906,0.0848416,1.8013
-0.294324,-0.218459,-0.272743,0.253215
0.315998,-0.0851478,-0.243637,0.261239
0.115482,1.24005,-0.399118,1.826
-0.262444,0.943254,-0.403365,1.14885
-0.113979,0.36213,0.192135,0.476428
-0.121368,0.683101,0.258728,0.805562
0.327885,1.53201,0.00354132,2.67317
0.025057,1.90797,-0.459795,3.9036
0.325716,0.983768,0.244072,1.25999
0.398403,1.76741,0.236335,3.39336
0.255097,0.475325,-0.355002,0.5052
0.333913,1.45543,0.03401,2.44628
0.124524,0.244887,-0.115277,0.398906
-0.227562,1.07581,0.086013,1.50054
-0.166849,0.723398,0.372361,0.810205
-0.206672,0.715709,-0.0323109,0.868732
-0.0914822,0.585445,0.0256852,0.713298
0.117261,-0.0996748,-0.122981,0.281361
-0.144065,0.675978,0.18471,0.800473
0.280927,-0.282153,-0.0148871,0.256385
0.207294,0.01668,-0.170807,0.295079
-0.255679,1.74256,-0.156644,3.3572
0.472447,0.8165,-0.0241147,0.926774
0.240299,-0.113136,-0.122062,0.273234
0.146367,1.84102,-0.113769,3.70193
0.168829,0.798007,0.359329,0.932658
-0.0370982,1.72768,-0.466067,3.24807
0.103692,1.14926,-0.470629,1.57837
0.245403,-0.101324,0.353047,0.256939
0.238783,1.33719,-0.39666,2.05638
-0.144616,1.38527,-0.473062,2.17089
-0.133048,0.700022,-0.199021,0.839091
-0.445999,1.92317,-0.214052,3.95008
-0.306564,1.26409,-0.337516,1.86264
-0.307923,-0.289308,-0.140305,0.25342
0.190549,1.1018,-0.177785,1.56063
0.164733,1.60228,0.410934,2.84472
0.288108,0.510787,-0.0639864,0.588478
-0.193609,-0.287722,-0.288493,0.252837
0.198795,0.159823,-0.0397264,0.352539
0.343134,0.485077,-0.222703,0.523556
0.34847,0.880054,-0.249275,1.05727
-0.454525,1.48328,-0.0969926,2.46676
0.17322,0.770227,-0.22213,0.9236
-0.14136,0.434016,0.271518,0.508261
-0.24272,0.971435,-0.0782851,1.2899
-0.0414381,1.96494,0.224087,4.16079
0.104245,0.512932,-0.427352,0.540433
0.140708,0.589339,0.0917372,0.706412
-0.126277,1.95368,-0.111229,4.12951
0.399418,1.7766,-0.232073,3.41832
0.195143,-0.30548,0.27647,0.252692
-0.00417027,0.100215,-0.377047,0.298122
0.0762553,0.952791,-0.233574,1.25139
0.352054,0.0373337,0.127142,0.281734
0.310097,-0.107799,-0.202033,0.263417
-0.217149,0.175123,-0.439774,0.284817
0.45242,0.978875,-0.156971,1.21448
-0.340956,0.835326,0.361465,0.94859
0.367456,0.229908,-0.141841,0.344276
-0.171157,1.04702,0.274386,1.41756
-0.0729299,0.225418,0.131108,0.390158
-0.343912,1.85904,-0.126294,3.74414
-0.0292574,1.04587,0.0381973,1.45958
0.241151,1.51295,0.178512,2.62224
-0.132826,0.564727,0.244035,0.656671
0.386128,0.749187,-0.038243,0.859288
-0.0494564,1.39781,0.424012,2.23533
-0.0904765,1.27535,0.156086,1.99139
-0.342244,0.701082,-0.264474,0.770969
-0.363336,-0.0850374,-0.220769,0.258204
0.014482,-0.297563,0.196346,0.258685
-0.400792,1.81835,-0.0346809,3.58957
0.464327,1.84015,-0.0425862,3.64524
-0.147923,0.859587,-0.300578,1.0539
-0.195817,1.04448,-0.182034,1.42269
-0.122801,0.59393,0.413524,0.633967
0.190415,0.853845,0.00955761,1.08792
-0.283717,0.441894,-0.0764367,0.522524
-0.307421,0.91085,0.153012,1.14097
-0.0802537,1.17044,-0.36877,1.68352
0.320343,-0.344754,-0.0710846,0.25157
-0.373814,0.174158,0.230221,0.303463
0.418139,0.809169,-0.163051,0.925753
0.164993,1.81002,0.054564,3.60668
-0.0711865,1.49985,0.264336,2.58018
0.050236,0.681656,-0.250817,0.799648
-0.0454198,-0.299044,-0.279327,0.255586
0.410468,0.561316,0.21014,0.581732
0.311375,1.11069,-0.328336,1.50376
-0.198279,1.33469,-0.304902,2.08496
0.115624,0.574328,-0.336097,0.642503
-0.377106,0.959343,-0.281874,1.18482
0.187649,1.01649,-0.187878,1.3674
0.0840278,0.660325,0.0806147,0.798573
-0.276854,1.24122,0.38752,1.79989
-0.252243,1.95123,0.365931,4.07303
0.0892422,1.78135,-0.367779,3.45837
0.289756,0.369282,-0.320192,0.414898
0.215953,1.16223,0.362544,1.6338
-0.13652,1.30842,-0.288228,2.0394
-0.364453,0.410193,0.292724,0.435487
-0.00884701,-0.1893,0.16609,0.26965
0.10832,0.804193,0.358259,0.957077
0.200147,0.326033,-0.222026,0.428691
0.436751,1.20825,-0.0953018,1.7398
0.0180581,0.866015,-0.227485,1.09507
-0.070202,1.48356,0.46745,2.46435
-0.297306,0.940382,0.148655,1.2027
-0.413262,0.173195,-0.156794,0.303073
0.228699,0.103969,0.262265,0.305721
0.134626,1.97167,-0.236312,4.19654
0.161604,1.47342,0.388365,2.46185
0.164989,-0.337465,0.163706,0.254804
-0.265834,1.42533,0.0976886,2.35582
0.111418,0.896824,0.328337,1.11301
-0.109493,0.958551,-0.0542234,1.27821
0.462203,0.411449,0.167526,0.423081
0.219134,0.996393,-0.170251,1.33267
-0.122851,0.473654,-0.327332,0.534667
0.404144,0.632991,0.163178,0.680512
-0.406009,0.0220135,-0.266628,0.25425
-0.284897,1.34991,-0.339749,2.10105
-0.284823,0.946648,0.391306,1.15397
0.487102,0.317408,-0.111371,0.350876
-0.128468,-0.290675,0.370586,0.250648
0.0859212,0.562489,0.335676,0.629074
-0.311645,-0.224009,0.0302348,0.259027
0.0383932,0.294114,0.0184286,0.443413
-0.272478,-0.0864184,-0.0697567,0.275256
0.0972635,0.620036,0.274308,0.715711
-0.0750279,0.258265,-0.428953,0.343362
0.00987858,1.11823,-0.386409,1.54647
-0.353581,0.428806,-0.314551,0.445992
0.305692,1.40711,-0.319403,2.25179
0.225505,1.19411,0.0984765,1.76765
-0.477695,-0.038095,-0.139265,0.250148
-0.0360954,0.876238,-0.258598,1.10599
0.0701279,-0.407039,0.218698,0.251287
-0.430205,1.28522,-0.188361,1.91588
0.249331,-0.370745,0.064796,0.252091
-0.0834325,0.652925,0.407954,0.712222
-0.463715,1.54914,-0.121813,2.65665
-0.164472,0.561315,-0.38945,0.601985
-0.259873,1.98773,-0.0496621,4.24508
-0.101558,0.882087,0.414764,1.06631
-0.0108924,1.65986,-0.388509,3.04467
0.403504,0.822554,-0.214621,0.946755
-0.00707726,0.999224,0.102283,1.36511
-0.00264641,-0.121054,0.469191,0.251462
0.287792,0.586807,-0.281169,0.636303
-0.0536096,0.897446,0.151285,1.17174
-0.175696,1.31381,0.374604,2.02072
0.32357,1.33601,0.143289,2.09507
-0.0168005,1.70718,0.424751,3.19556
-0.327787,0.630579,0.130129,0.704978
-0.121173,-0.0725359,0.381745,0.263315
0.182744,-0.12623,0.409106,0.253574
-0.401549,-0.238807,0.129934,0.251477
-0.345825,0.326461,-0.24427,0.387567
-0.445152,1.30157,-0.00609508,1.97106
0.209092,0.266212,0.287171,0.373328
-0.0330834,1.03693,0.136967,1.44002
-0.0520786,-0.174665,0.23173,0.267128
-0.383825,-0.23678,-0.177104,0.251037
0.109008,0.922142,-0.110754,1.20899
0.207714,1.88941,0.0801862,3.89793
0.178662,1.01639,-0.322833,1.34068
0.249805,-0.183531,0.0978897,0.264086
-0.140853,1.92137,0.466918,3.94714
-0.227944,1.30333,0.294771,2.00389
0.17083,1.88146,-0.039632,3.88083
0.0693062,1.05486,-0.0421105,1.47514
0.12639,1.83728,0.472953,3.62949
0.392652,0.44543,-0.0506929,0.493936
0.307955,1.2374,-0.322608,1.80535
-0.0127539,0.000951246,0.384231,0.273979
-0.301381,1.67149,-0.0879197,3.10759
-0.235771,1.79677,-0.249515,3.53407
-0.198445,1.78309,0.383059,3.46491
0.369277,0.286439,0.332584,0.33351
0.479003,1.65037,-0.062983,2.98154
-0.268379,0.284091,-0.144933,0.39922
0.30406,0.0304315,-0.14881,0.288833
-0.444428,1.06948,0.0417167,1.4181
-0.477926,1.611,-0.0563116,2.85513
0.15666,1.68146,-0.0486151,3.17599
-0.299837,0.747057,-0.109011,0.879357
0.0831898,0.136296,0.261459,0.330389
-0.340942,0.56645,0.284666,0.597168
-0.151762,0.203066,0.199927,0.366102
0.422989,1.33415,0.228526,2.03702
-0.178005,-0.311182,-0.256057,0.253673
-0.0351834,0.281852,-0.142497,0.430719
-0.0564958,1.39762,0.264034,2.29006
-0.381793,1.88113,-0.12735,3.81207
-0.0820163,1.02528,0.186965,1.40578
-0.206062,-0.0603289,0.293213,0.270362
-0.0552975,0.459425,-0.00020072,0.573102
-0.222603,-0.271798,0.175806,0.257927
-0.116752,1.74607,0.44868,3.3152
0.00892338,0.127419,0.260941,0.332657
-0.246786,0.144986,0.390611,0.28483
-0.140247,1.62309,-0.380468,2.92349
-0.153114,0.22621,0.278426,0.362117
0.210754,1.37124,0.313504,2.18313
-0.455906,0.721894,0.187038,0.774527
-0.0531656,1.32399,-0.217798,2.10289
0.214095,-0.087365,0.349912,0.260659
-0.00230953,-0.139422,-0.314267,0.266632
-0.283659,1.71155,0.274354,3.21855
0.149649,0.856107,0.335783,1.03917
-0.306222,1.10288,0.301982,1.49604
0.178237,0.401466,0.165285,0.499791
-0.373355,0.479076,0.211379,0.51287
-0.0793257,0.968301,0.187126,1.28532
0.0834003,0.237852,-0.411054,0.337563
0.292964,1.86621,-0.171714,3.78593
0.0978006,1.55523,0.0297703,2.77596
-0.184224,1.98367,-0.067282,4.23222
0.109776,1.74092,0.244902,3.35532
-0.212989,1.13571,-0.230011,1.61719
-0.463329,0.366997,0.0413573,0.400953
-0.127319,1.61629,-0.164194,2.96125
-0.152898,0.861654,0.261785,1.06788
-0.230285,0.519564,-0.365255,0.550654
-0.251347,1.68325,0.211603,3.15424
0.365058,0.168974,0.167102,0.312988
-0.0241456,0.836933,-0.382615,0.999543
-0.324662,1.78063,0.374901,3.42225
-0.331167,-0.251551,0.124978,0.2541
-0.422133,-0.172254,-0.142419,0.251962
-0.281675,0.229631,0.0341587,0.37439
0.107698,0.636423,-0.240837,0.747802
-0.133391,-0.374155,-0.156695,0.253097
0.266448,1.62926,-0.157576,2.98337
-0.18429,1.47884,-0.030057,2.52932
0.0727347,-0.258319,0.0659452,0.264794
-0.0865151,1.96359,0.0887018,4.18629
-0.0192201,0.621015,0.125777,0.751276
0.193145,1.8579,-0.211601,3.75975
-0.280176,0.975623,0.182942,1.26505
0.097831,0.178841,0.0942669,0.372735
0.0758149,-0.409756,-0.139202,0.252905
-0.111462,0.490459,-0.3302,0.552393
-0.0517329,1.18238,-0.344124,1.70937
0.269334,0.0861715,-0.221067,0.302078
0.415777,-0.131225,-0.169016,0.252904
0.140825,0.045833,-0.347335,0.285704
0.124238,1.28869,0.19501,2.01173
0.041558,0.0740985,-0.0238075,0.330818
0.0479593,0.197137,0.28376,0.356172
-0.250715,0.412104,0.116201,0.498538
0.429401,0.143285,-0.012537,0.295855
-0.0562928,1.79606,0.012933,3.56294
0.456785,1.59136,0.193817,2.784
0.322385,0.746583,-0.231803,0.850493
-0.0788082,0.03046,0.475009,0.255825
-0.472472,1.3873,-0.141561,2.17658
-0.356643,-0.236208,0.0682937,0.255165
-0.33283,1.84092,0.0692274,3.69154
0.0335148,-0.00486029,-0.449611,0.260195
0.454338,0.922007,0.0382126,1.1225
-0.209793,-0.286119,0.207541,0.255903
-0.216255,-0.184683,-0.0436973,0.267995
-0.458307,0.00171423,0.113504,0.25683
0.162836,1.1828,-0.180068,1.73657
-0.191832,1.54226,-0.183825,2.70845
0.468054,1.5294,-0.0495564,2.5996
0.00506396,1.90444,-0.327825,3.928
0.116677,1.02923,0.473008,1.31422
0.145149,1.86406,-0.0397138,3.81519
0.111355,0.0970938,0.355903,0.299234
0.15157,-0.176718,-0.358622,0.256511
0.254929,0.223892,-0.309645,0.338854
-0.0777663,-0.463521,-0.10531,0.251132
-0.123033,0.0383334,-0.0177756,0.316941
0.0790007,-0.0118719,-0.315402,0.282118
-0.00535038,1.59194,0.415252,2.8227
-0.435941,0.512229,0.155524,0.529538
-0.141381,1.55981,0.401487,2.72015
-0.37945,-0.321845,-0.0207249,0.250043
0.0831854,0.207128,0.484824,0.295724
-0.488705,0.0913244,-0.0529839,0.261262
-0.432259,1.10734,-0.0463142,1.50291
-0.212736,1.32454,0.297282,2.0672
-0.155953,-0.0705394,-0.152323,0.285126
-0.285508,0.714753,-0.146515,0.832331
0.0863289,0.964879,0.247503,1.27647
0.206934,1.74339,-0.123289,3.36897
0.290169,0.0991893,0.269928,0.292719
-0.296801,0.781125,-0.0975906,0.937838
-0.184213,-0.0649122,-0.309964,0.268474
-0.304762,1.86487,0.135962,3.7637
-0.0270983,1.21709,-0.398083,1.77176
-0.021178,0.678739,-0.100461,0.833066
-0.0254149,0.0496161,-0.213358,0.312359
0.125713,0.851448,0.331236,1.03597
0.343203,0.309037,-0.347472,0.350028
0.311896,-0.0928112,-0.221363,0.262676
-0.278739,0.240231,-0.18247,0.366481
0.330524,1.46119,-0.351954,2.39217
-0.415264,0.617658,-0.113061,0.663957
-0.341948,1.46151,-0.364138,2.38601
-0.219727,0.0751029,0.217499,0.304984
0.00492956,1.49748,0.174748,2.60163
0.465587,1.02782,-0.0839175,1.31715
-0.333919,1.92354,0.108875,3.99283
0.376643,-0.246174,-0.0127483,0.253228
-0.152079,0.0317396,0.294215,0.288718
-0.0587135,1.04745,0.217036,1.45406
-0.407071,1.91996,-0.268377,3.94035
-0.178047,0.378597,-0.432371,0.407866
-0.0795354,0.819753,0.378025,0.977557
0.00573708,1.10675,-0.351842,1.54148
0.103515,1.44627,-0.0683295,2.45098
-0.255474,0.0852381,-0.368463,0.274721
-0.313984,1.21241,0.303384,1.74913
-0.048989,1.88531,-0.14335,3.88114
-0.274136,1.25475,-0.142905,1.90617
0.228383,1.66564,0.0953628,3.108
-0.174108,0.056914,0.0534047,0.320482
-0.172295,-0.145031,0.0209544,0.274728
0.302063,-0.2944,0.0407,0.254718
0.433479,0.174222,-0.196548,0.290694
0.0299971,1.87327,-0.155226,3.84045
-0.144237,1.95958,0.422579,4.10743
-0.239504,0.832099,0.324711,0.989129
-0.0826998,1.00053,-0.354396,1.3071
0.370695,1.24949,0.20188,1.84569
0.448651,0.882334,-0.103938,1.04513
-0.477078,1.53328,0.132569,2.60364
0.206658,0.37704,0.255943,0.460049
-0.0908793,0.405555,-0.447763,0.435224
0.22651,1.85088,0.120605,3.7488
-0.00103191,0.480014,0.0743646,0.595486
0.205023,1.19441,0.128179,1.76461
-0.441242,-0.213057,-0.0177643,0.250759
-0.173799,1.39812,0.0811352,2.31028
-0.415559,0.370626,0.120978,0.416421
-0.283081,0.730856,0.124603,0.855471
-0.106146,-0.458314,0.0966654,0.250656
0.317408,0.425598,0.306992,0.45842
-0.0394332,1.0727,-0.204059,1.50747
0.0756423,0.678288,0.128744,0.818632
0.198875,1.11957,-0.113433,1.6001
-0.013897,1.75072,0.437339,3.33992
-0.243205,1.16746,-0.0300794,1.70669
-0.00690527,-0.0255522,-0.11757,0.299756
-0.289314,-0.000987333,0.00346287,0.28863
0.345951,0.442574,-0.193453,0.490378
0.136868,0.720717,-0.480468,0.769717
0.335992,1.34982,-0.104613,2.13108
0.0367953,-0.340658,0.322304,0.251522
0.12067,1.93964,-0.325082,4.05671
-0.0124092,1.93091,-0.00672757,4.057
0.180555,1.13283,0.333798,1.58361
0.312972,0.919293,0.0837437,1.17373
0.19375,1.63296,0.136037,2.99926
0.201953,-0.264468,0.362553,0.25051
-0.265431,0.360565,-0.373689,0.399048
-0.491301,0.573167,-0.0623295,0.580371
0.307092,0.0243139,-0.0198466,0.293288
0.0938927,1.47758,0.181084,2.5255
-0.271003,1.05991,-0.222526,1.4339
0.379401,1.79441,0.323061,3.47027
-0.23036,-0.255357,0.14269,0.259431
-0.103304,-0.0957903,0.445341,0.254289
-0.273798,-0.136146,-0.275651,0.258866
0.238448,-0.0278101,0.106227,0.288222
0.302091,0.0745837,0.31698,0.274314
-0.169468,-0.0915737,0.0836175,0.282404
0.0407684,0.406654,-0.262173,0.498717
0.0988632,-0.0795178,-0.0944762,0.286529
0.161001,0.901911,0.14021,1.16478
-0.100745,1.8266,-0.0232683,3.67538
-0.0748973,0.951257,0.383955,1.20324
0.151272,1.11623,0.435792,1.51405
0.185415,1.39496,-0.110598,2.29705
0.467862,0.266055,-0.0490803,0.333188
-0.327599,0.765837,-0.158182,0.894998
0.0221507,1.0678,0.484448,1.39766
0.139735,0.74913,0.368002,0.858891
-0.291965,0.0469996,-0.0624757,0.299476
-0.354747,-0.152255,0.132365,0.258848
-0.404623,1.16165,0.0655903,1.63903
-0.331842,-0.219433,0.209037,0.253926
0.319234,-0.0770643,-0.157805,0.269087
0.16151,0.57111,-0.470547,0.577053
-0.196814,0.0604136,0.261182,0.298863
0.151952,1.13113,-0.20476,1.62567
0.146592,1.17554,-0.275525,1.70231
-0.356045,1.5307,-0.1623,2.64226
-0.0383436,-0.00187548,0.379839,0.273785
-0.323037,1.73858,-0.359815,3.28078
-0.281857,0.41526,0.019068,0.499221
0.124662,1.88998,-0.153007,3.89647
0.331463,1.30459,-0.312403,1.97683
-0.240917,0.32604,-0.131079,0.43313
0.184004,0.636706,-0.28725,0.721445
-0.30205,0.448203,0.289571,0.487193
0.10395,0.37062,0.469979,0.39602
0.155746,0.491634,-0.334893,0.544188
-0.307152,0.732423,0.342297,0.804739
-0.150479,0.500727,0.323947,0.558223
0.332853,0.0391646,0.252958,0.274356
-0.346715,1.45093,0.31217,2.37185
0.0381644,-0.230279,0.100423,0.266324
0.17919,0.831545,0.116652,1.03697
-0.227194,0.929598,0.298575,1.17184
0.330993,0.608626,-0.0982383,0.680817
-0.352814,0.325804,0.30407,0.371264
0.201184,1.53516,0.0855916,2.70496
-0.173854,1.80478,0.270326,3.5769
-0.194595,0.228883,0.291305,0.35731
-0.291866,-0.294044,-0.238973,0.251266
-0.301049,1.4611,-0.10238,2.44928
0.249061,0.691095,0.185493,0.805636
0.223539,0.663229,-0.156525,0.769438
0.15336,0.412523,-0.434951,0.438199
-0.162001,1.45168,0.422043,2.37994
-0.0425379,1.52363,0.161974,2.67913
-0.372103,0.116722,-0.31251,0.26914
-0.338798,0.0583563,0.25623,0.276232
0.139371,1.09002,0.250608,1.51643
-0.0451662,0.0525573,0.313234,0.300143
-0.229944,-0.00546139,0.443861,0.249916
-0.189844,1.2889,-0.36226,1.95031
-0.37953,1.26432,-0.217659,1.87137
0.311475,1.92744,-0.054334,4.01809
-0.0128093,0.512534,0.419926,0.549727
-0.104606,1.29655,0.279877,2.01139
0.0202836,-0.272225,0.0615673,0.263895
0.0640405,1.74932,0.446124,3.33071
0.164363,0.507966,0.404476,0.537407
-0.409671,1.52159,-0.22741,2.57824
-0.0255282,0.0525735,0.0630029,0.325784
-0.195154,0.422643,-0.298363,0.484783
-0.178388,0.626829,0.17681,0.734867
-0.215905,1.85462,-0.147757,3.7533
-0.118945,1.89713,0.0130311,3.93864
0.278054,0.368554,-0.16366,0.456575
-0.169237,1.46529,0.0555928,2.50527
0.020156,0.18022,-0.42881,0.307727
-0.00346981,1.03785,-0.19625,1.43362
-0.210237,0.233157,-0.0508589,0.389632
0.433227,1.02174,-0.0980172,1.32041
-0.339728,0.516735,-0.228717,0.556614
0.158538,-0.281303,0.099229,0.26112
-0.167679,1.14595,0.460777,1.56605
0.439291,1.05707,0.015133,1.40042
0.0947524,0.735957,-0.00182383,0.913394
-0.314509,-0.114414,-0.148681,0.266399
0.0206965,1.13587,-0.495603,1.54224
-0.236835,1.824,-0.422893,3.58529
0.375031,1.23499,0.225725,1.80031
-0.236702,-0.0102826,-0.134622,0.290846
0.0579421,1.55489,-0.42342,2.69528
-0.236668,-0.0689411,-0.169415,0.276802
-0.116262,1.38565,0.121179,2.27572
0.279722,1.29534,0.374554,1.94215
0.237217,0.197216,0.330974,0.323559
-0.159686,0.590703,-0.405196,0.629986
0.219311,0.0673889,0.187783,0.307822
-0.113557,1.17446,-0.0287708,1.74787
-0.35404,0.331742,0.300325,0.375477
-0.0891655,0.767896,0.0184092,0.946679
-0.0421155,0.784102,0.219404,0.971782
-0.427469,0.59607,0.0298068,0.635056
0.0235887,0.424618,0.0129324,0.548228
-0.0472283,1.28892,-0.201649,2.01095
-0.0402865,-0.152022,0.466394,0.250737
0.490579,0.182047,0.0613965,0.285355
0.31062,1.14072,-0.34435,1.56534
-0.08205,-0.415158,-0.0761093,0.253213
0.314357,1.429,-0.282429,2.32647
-0.204183,1.00147,0.0649146,1.35217
-0.340723,1.90809,-0.175067,3.92623
-0.430203,0.707981,0.0313262,0.786093
0.0293769,0.454556,-0.311344,0.528917
-0.161988,0.969416,0.0143743,1.3028
0.0996601,1.29035,-0.449965,1.93362
-0.00115385,-0.212087,-0.25027,0.264017
-0.257793,1.73025,-0.15447,3.31443
-0.241813,-0.368218,-0.163786,0.25139
-0.192364,0.895243,-0.378447,1.08682
0.427079,1.73181,0.139737,3.27258
-0.0734845,1.63562,0.277232,3.00088
-0.208437,1.72867,0.0333375,3.31588
-0.188188,0.661413,0.380834,0.723668
-0.236923,1.74445,0.197029,3.3596
-0.134477,1.00729,-0.0207875,1.38596
0.0491514,0.595526,-0.150019,0.710123
-0.0349877,0.525518,0.202183,0.621716
0.206455,1.06376,0.212533,1.46138
0.0445133,0.123905,-0.371989,0.306789
-0.347216,0.482047,0.130259,0.535473
0.348558,1.23715,-0.157901,1.82881
0.0274205,0.106651,0.255843,0.323295
0.299327,0.363704,-0.325738,0.407734
-0.139953,0.88071,0.0278574,1.13651
-0.0560267,-0.464094,-0.131023,0.250738
0.134154,1.68585,0.115798,3.20243
0.150442,0.284998,-0.102667,0.425891
0.0247178,1.60939,-0.131671,2.94436
0.386141,0.438136,0.0642105,0.487567
-0.483346,1.89809,0.0038631,3.85902
-0.055834,0.973958,0.164886,1.30725
-0.169294,1.25931,0.442366,1.84814
0.0589501,1.95175,-0.0467834,4.12182
0.171743,0.0628735,0.224165,0.307119
-0.137105,1.27635,-0.437732,1.89835
0.0206043,1.19756,-0.174228,1.78535
-0.332222,1.34754,-0.18332,2.12212
0.100523,0.285219,0.185276,0.418531
-0.234975,0.842626,-0.168128,1.0471
-0.125216,1.55495,0.164371,2.78074
0.196886,1.6535,0.414833,3.00479
-0.207791,1.56387,0.181488,2.77349
-0.222297,0.253042,0.0164559,0.400255
-0.169057,0.113584,0.197703,0.326297
0.392417,1.62532,-0.0635634,2.93329
-0.244375,-0.319302,0.291411,0.250142
-0.441827,1.10886,0.157095,1.49696
-0.32908,1.06691,-0.275935,1.41905
0.495205,1.80255,0.0438242,3.50136
0.290444,1.91451,-0.349013,3.93321
-0.211192,1.03439,-0.283923,1.38022
0.116519,-0.176181,0.352383,0.257938
0.240606,0.387347,-0.127513,0.482491
-0.0689587,1.45104,0.0413618,2.48547
-0.21849,0.141252,0.22426,0.325016
0.25117,0.0700575,-0.0801064,0.312149
0.121461,0.322247,-0.47279,0.359633
-0.0825731,1.6639,0.225225,3.1036
-0.285157,-0.0855056,0.374286,0.252772
-0.287769,-0.129809,0.164474,0.266926
0.00252962,1.18752,-0.0426328,1.77435
-0.0729114,1.63971,-0.421122,2.97118
-0.37358,0.242868,-0.19232,0.33971
0.188506,0.43814,0.0410747,0.541896
-0.363459,0.434402,-0.0805824,0.493777
0.253932,1.57264,0.0528212,2.82668
-0.231763,1.23763,0.0443099,1.8647
-0.0133632,0.528262,0.0762931,0.650064
-0.133427,1.51068,-0.267635,2.61448
0.0664053,-0.25825,-0.0418945,0.264796
0.0955395,1.55525,0.144022,2.76566
0.247423,0.877874,-0.0787634,1.11711
-0.448144,1.09864,-0.102461,1.4769
0.0662735,1.61616,-0.428595,2.89006
-0.482913,0.82644,-0.0826881,0.93797
0.345594,1.04387,0.351811,1.34483
0.291806,1.41647,0.0116823,2.33584
-0.264289,0.429626,0.0196296,0.519752
0.341187,1.40885,0.264715,2.26454
0.0340081,0.797527,0.371112,0.945654
-0.101127,0.786078,-0.2908,0.94519
-0.410349,1.88934,-0.0611357,3.85337
-0.135717,1.83711,-0.455781,3.63389
-0.00129615,1.12483,-0.0235447,1.63696
0.0104221,0.334012,-0.282398,0.439451
0.0354691,0.292355,-0.148315,0.43458
-0.480108,1.44021,0.0816164,2.3327
-0.0251451,-0.0354697,0.344008,0.276009
-0.45241,1.6337,-0.0886099,2.93924
0.155033,1.74053,0.285484,3.3478
0.419616,1.56243,-0.0020471,2.72412
-0.179208,0.775047,-0.382447,0.887122
-0.0254868,0.803737,-0.15913,1.01023
0.0559864,-0.0489938,0.183471,0.290112
-0.104419,-0.0983918,0.261694,0.274558
-0.140709,0.159529,-0.176304,0.352764
-0.138244,0.262733,-0.259712,0.390255
0.17661,0.768704,-0.185437,0.926973
0.114851,1.60301,-0.4498,2.83121
0.00218114,0.254531,0.360706,0.366046
0.259966,0.383673,0.220353,0.458714
0.0248297,1.34753,0.0249781,2.17301
-0.443145,0.432908,-0.125636,0.456326
0.260245,1.48876,0.383213,2.48396
0.148014,0.994574,-0.294318,1.29832
-0.480788,0.580754,-0.10181,0.592146
0.47978,1.1953,0.0394372,1.68829
-0.198083,1.68771,-0.367152,3.13585
-0.0614214,0.615445,-0.290973,0.710725
-0.29361,0.746403,-0.354794,0.824532
-0.252391,0.279097,-0.250993,0.382493
0.0516826,0.454147,0.00606068,0.572687
0.388022,1.13055,-0.0484514,1.57988
-0.0813911,0.189871,-0.00763299,0.38134
-0.196,0.782695,-0.0647184,0.963482
-0.112133,1.75031,0.0643253,3.40528
-0.111134,1.35599,0.0851354,2.19955
-0.0840134,1.65849,0.168397,3.09868
-0.0278393,1.12371,-0.261666,1.59047
0.0305181,1.71163,-0.0518367,3.28775
0.453917,0.411477,-0.0564034,0.438484
-0.176597,0.113329,0.221699,0.323596
0.0259679,-0.474073,-0.0909559,0.250595
0.0422366,0.80968,0.478893,0.914575
0.0653085,0.467413,0.286106,0.549924
0.361712,1.69239,0.205936,3.1502
0.152162,0.259064,0.153565,0.404072
0.0591893,0.236223,-0.148718,0.401542
-0.46342,0.392122,-0.0210259,0.420585
-0.180189,0.0699494,0.216653,0.309361
0.261539,1.57952,0.00129358,2.82561
0.173282,1.37391,0.00438572,2.23719
0.0314157,0.801364,0.401872,0.934605
0.093225,0.503012,-0.317615,0.564793
0.437703,1.21834,0.182386,1.74609
0.0487219,1.25439,-0.00871152,1.93996
0.436555,0.582066,0.0055163,0.620162
-0.0897554,-0.325267,-0.292393,0.252681
0.0373488,1.85616,0.0917342,3.78501
0.283111,1.34052,0.278308,2.09341
-0.331126,-0.298108,-0.00460113,0.253373
0.108356,0.433106,0.448899,0.454329
0.216821,1.06011,-0.29995,1.42804
0.19124,1.1989,0.0629126,1.78676
-0.00229514,0.676219,-0.0928132,0.821106
0.282521,0.412471,-0.250442,0.467989
-0.13427,1.78144,-0.0629885,3.50484
0.0192556,1.16208,0.319844,1.67088
0.101825,0.510606,-0.226454,0.596444
0.191989,1.38289,0.392319,2.19038
-0.107297,1.32007,-0.16288,2.09797
-0.201392,1.64542,-0.117955,3.05342
0.362913,1.30432,0.0218685,2.01406
-0.304874,0.418229,0.389801,0.426808
0.124618,0.569317,-0.134418,0.677934
0.0112518,0.281963,-0.492247,0.332883
-0.0807278,0.85128,-0.0835345,1.09406
0.0457998,-0.471091,0.0122484,0.250982
0.385653,1.74422,-0.30713,3.29709
0.135146,0.145388,-0.0246283,0.356991
0.108172,0.542574,0.265825,0.626145
-0.244967,0.578245,0.091005,0.666787
-0.311528,1.34172,0.19341,2.10326
-0.0311378,1.46469,0.273785,2.47865
-0.225227,1.73654,0.259075,3.32165
-0.330503,1.87934,-0.207766,3.8331
-0.468299,0.0325194,-0.147944,0.253619
0.255146,1.37907,-0.0575567,2.24083
0.158861,1.32487,-0.317653,2.06538
0.185439,1.28779,-0.207979,1.98107
0.441253,1.55311,0.0916056,2.68387
-0.355894,0.535006,-0.0884498,0.594564
0.285636,0.484214,-0.308085,0.522545
-0.0470767,-0.0893243,0.397556,0.262323
0.164811,1.7197,0.15837,3.28912
0.202567,0.794816,0.3888,0.908571
-0.00620743,0.351981,0.138059,0.476168
0.064105,0.446281,-0.400304,0.491288
-0.392724,-0.202194,-0.0199151,0.254736
-0.232193,1.79909,-0.038481,3.56983
-0.175113,-0.0838487,-0.446832,0.251458
0.239625,0.745805,0.38457,0.829123
-0.0469046,-0.399305,-0.0464232,0.254572
0.0621746,1.06902,0.166548,1.49551
-0.0546634,0.493211,0.360593,0.549777
0.278168,0.460292,0.395133,0.470778
-0.236877,-0.304485,-0.0969987,0.256645
0.151682,1.72576,-0.175998,3.2997
-0.118303,1.66195,-0.255974,3.09295
0.0733271,0.246432,-0.0658583,0.410748
-0.0435517,1.06882,0.238633,1.48311
0.408523,0.945176,0.174611,1.16921
-0.316309,0.244398,-0.0929716,0.371957
-0.0334483,1.52203,0.442868,2.59138
-0.329213,-0.304645,0.0198467,0.253137
0.152563,-0.00900083,0.296668,0.280461
-0.125906,1.4515,-0.350496,2.40979
0.280859,0.157316,0.0840289,0.336845
-0.216489,0.845728,-0.430632,0.974916
0.317914,1.24813,0.111864,1.8753
-0.382641,1.4083,0.00765024,2.28286
-0.200873,1.37461,0.104944,2.23658
0.450569,1.59149,-0.135537,2.79913
-0.107438,1.70296,0.455854,3.16501
0.208924,1.01539,0.215541,1.36597
0.01631,0.978245,-0.409012,1.25217
-0.132306,1.85941,-0.0129188,3.79167
0.0139264,-0.104884,-0.334686,0.266447
0.0458879,0.97724,-0.314773,1.2815
-0.0745,1.01867,-0.353534,1.34414
0.06104,0.10595,-0.0203199,0.343641
-0.325035,1.49167,0.118837,2.53838
0.234038,0.602969,0.156524,0.692824
0.375023,0.364669,0.201707,0.414794
-0.0740439,-0.158028,-0.120141,0.275478
-0.41548,0.0437784,0.0410814,0.275422
-0.207251,1.68463,-0.24463,3.164
0.330818,0.390531,0.219795,0.446391
-0.232147,0.750458,0.253463,0.882548
-0.42505,0.681823,-0.188828,0.731502
0.117221,0.0554825,0.357921,0.286361
0.130237,1.82303,0.293508,3.63234
0.0879286,0.85629,0.487925,0.986191
-0.40183,0.322012,0.0863713,0.390182
0.11305,-0.0526936,0.224373,0.283677
-0.0737525,1.23283,-0.442345,1.79594
-0.0112043,0.380572,0.34978,0.45551
0.283662,0.480937,0.104859,0.559078
0.31682,1.4471,-0.368843,2.35114
0.257685,1.48747,0.0578366,2.55689
-0.393155,0.462966,-0.0458958,0.506492
-0.180656,0.995185,0.287572,1.30306
0.178149,1.6597,-0.17014,3.08579
-0.372777,0.47291,0.104548,0.521492
0.0192942,0.166308,-0.423494,0.305232
-0.0210914,1.23874,-0.0664862,1.91157
-0.0401859,1.32128,-0.279299,2.08087
-0.289356,1.60386,0.135756,2.88635
0.0351657,-0.0492202,-0.414581,0.263631
0.0700303,1.19601,0.396162,1.72433
0.0643432,0.837338,-0.251681,1.03939
0.144287,0.208806,0.316476,0.346743
-0.441926,0.439972,0.00544299,0.469392
0.413365,1.65873,-0.119779,3.02617
-0.00424814,0.960555,-0.0673551,1.29126
-0.307756,1.6187,-0.383536,2.87213
-0.0234703,1.63052,-0.418857,2.93703
0.0979518,0.622232,0.0537373,0.753108
-0.129503,0.979428,0.379811,1.25768
-0.300364,1.09978,-0.0317209,1.53699
-0.118506,1.02864,0.181578,1.39943
0.148446,0.438,-0.432207,0.461576
-0.167139,-0.243074,-0.0384409,0.264751
0.0232689,0.646069,0.376385,0.722968
0.378225,0.30812,0.130989,0.383308
0.175854,0.74004,0.0640552,0.90009
-0.396166,0.756793,-0.01695,0.869607
0.138788,0.237094,-0.282369,0.371899
-0.0541038,-0.264726,0.324577,0.255177
-0.144818,1.29477,-0.143482,2.03618
0.145573,1.63744,0.27335,3.00727
0.112992,1.25366,0.409087,1.85311
-0.294959,1.19216,0.0143906,1.74793
0.239055,1.21644,-0.148605,1.81548
-0.0166399,0.909243,-0.0358931,1.1951
0.182796,0.096167,0.279037,0.308172
0.239823,1.71816,0.123855,3.27253
-0.227565,0.874565,0.307713,1.06333
-0.141238,-0.419851,-0.0937263,0.252254
0.0889385,1.11021,-0.273866,1.56835
-0.286046,0.53533,0.374239,0.551301
-0.19161,1.3399,-0.169237,2.14063
-0.329957,1.47218,0.330478,2.43069
-0.294754,1.75781,-0.0481505,3.41246
-0.118642,0.409397,0.29784,0.486765
0.211717,1.0517,-0.284679,1.41779
0.131276,1.92149,0.381272,3.97071
0.195455,1.6046,0.198284,2.91836
-0.063821,1.65474,-0.217326,3.07172
0.217815,0.514188,0.376028,0.542184
0.353484,0.189492,-0.267151,0.308089
-0.189312,1.05759,0.34845,1.41455
-0.336737,0.971765,-0.232623,1.23763
0.193498,-0.158259,-0.39011,0.253155
-0.462212,-0.0199755,-0.175678,0.251018
-0.34866,0.6453,0.0538934,0.725092
-0.362291,0.633867,-0.0300385,0.705869
-0.13287,1.83356,0.296312,3.67976
0.124041,1.38803,0.328162,2.24032
0.335393,1.13692,0.0142607,1.61278
0.248703,1.53419,0.149871,2.67174
0.0993142,-0.221325,0.200888,0.264425
-0.310994,0.929237,-0.197213,1.17726
0.02998,1.02024,0.153152,1.39756
-0.185121,-0.375607,0.119075,0.253213
-0.279183,0.424765,-0.333904,0.457765
-0.228365,1.28846,-0.0163618,2.00241
0.105782,1.92466,-0.366612,3.98933
-0.124673,-0.427087,-0.117184,0.251806
0.120558,0.021825,-0.398336,0.271355
0.285343,0.444238,-0.272936,0.490802
-0.258192,0.663975,0.397339,0.702196
0.0797232,1.66102,0.067179,3.11123
0.377571,0.841626,-0.250906,0.983379
0.255136,1.21807,-0.235057,1.80547
-0.135903,-0.0186,-0.0561479,0.300206
0.406894,1.41822,-0.0429803,2.29593
-0.0174806,-0.32721,-0.106579,0.258495
-0.0209359,0.180929,0.17959,0.369171
-0.418798,-0.0842942,-0.245567,0.250964
0.198828,0.947115,0.0354511,1.25127
-0.409697,1.85731,-0.143146,3.71921
-0.147294,-0.106255,0.332293,0.263573
0.027401,1.26174,-0.279325,1.92263
0.124104,0.550366,-0.446426,0.569872
-0.40459,1.33857,0.0654866,2.07872
0.167097,0.962962,0.177936,1.25734
0.211556,0.87252,0.0390684,1.1122
0.104415,0.387414,0.151652,0.498664
0.463594,1.76477,-0.0121258,3.37906
0.202294,1.1254,-0.371152,1.55725
-0.411869,1.95483,-0.0581177,4.0934
-0.305912,0.0950973,-0.0422959,0.310646
-0.269689,0.858345,0.367188,1.00923
0.103823,-0.372534,0.219136,0.252267
0.186835,0.944068,0.3192,1.19982
-0.247556,-0.226941,0.135567,0.260071
-0.100546,-0.0714009,-0.0408741,0.291307
-0.147323,1.11698,0.388681,1.53342
0.428635,-0.0681937,-0.211696,0.252351
-0.0843039,-0.113742,0.260696,0.272055
0.442118,0.533743,-0.0766967,0.559391
-0.0107959,0.276855,-0.0409149,0.427777
0.294399,0.216168,0.139907,0.356649
0.30215,1.30689,0.257845,1.99649
-0.12238,0.450244,-0.0627606,0.56409
0.163993,0.123824,0.170462,0.334166
-0.205508,0.0784645,-0.342228,0.287228
0.203837,0.685404,-0.0145019,0.817836
-0.158411,0.863761,0.428539,1.01566
-0.0885749,0.243244,-0.0697627,0.408803
0.289001,0.127216,-0.250615,0.304567
-0.097091,-0.0328874,-0.111548,0.297426
-0.237559,1.74234,0.1448,3.35187
-0.304138,1.92773,-0.280412,3.99395
-0.244066,1.64613,0.0772353,3.05425
-0.317691,1.51091,0.158419,2.5873
-0.302838,1.2545,0.281929,1.86207
-0.464899,1.62419,-0.0248946,2.90606
0.165883,-0.0684197,0.439553,0.253203
-0.0598386,1.21478,-0.268499,1.80447
-0.071006,1.50658,-0.178252,2.62415
-0.0846865,0.881223,0.10983,1.14861
0.17755,1.91065,-0.215364,3.95778
-0.00417871,-0.246193,0.360225,0.253896
-0.10655,-0.058853,-0.342333,0.270357
-0.11568,1.97352,0.433442,4.16047
0.428918,1.31797,0.0102213,2.01983
-0.335936,0.614528,0.147569,0.68239
0.213856,0.434269,0.402083,0.457575
0.196153,0.996557,0.421054,1.2611
-0.307471,0.549321,-0.210364,0.603856
0.168442,0.747549,0.00297847,0.916444
0.387835,0.836359,-0.0334239,0.998538
-0.138903,-0.151449,0.424402,0.252575
-0.0843166,1.57884,-0.0285813,2.8602
-0.332537,0.372363,0.169686,0.441139
-0.185177,-0.159647,0.175849,0.266812
-0.113112,1.6142,-0.122342,2.95774
-0.00530746,1.43874,-0.113105,2.43667
0.140082,0.814311,-0.0692558,1.02005
0.279861,1.54367,0.0967736,2.71105
0.332906,1.83889,0.162496,3.68748
-0.279535,0.219502,0.271185,0.339128
0.11877,0.828692,-0.385997,0.978272
-0.454261,0.939324,0.0112722,1.15288
0.10082,0.444584,-0.0521885,0.559323
0.0500466,0.0201082,-0.319032,0.28929
0.38759,1.91243,-0.215027,3.92648
0.419904,-0.211185,-0.016766,0.252245
0.160472,1.68639,-0.272133,3.15813
0.0295713,-0.0634411,-0.00223182,0.29578
0.393434,-0.0669832,0.0186461,0.264798
-0.17834,1.89909,0.162228,3.9234
-0.0884958,1.29803,0.0829951,2.05445
0.393105,0.0966959,-0.265559,0.268523
0.153134,-0.315465,0.0489676,0.257295
0.400707,-0.127736,0.228189,0.252147
0.265504,1.37847,-0.0962765,2.22703
-0.3712,0.983183,-0.310554,1.22373
-0.217802,0.798841,-0.143656,0.972943
0.283497,0.476321,0.265294,0.522613
0.048687,1.13822,-0.226614,1.64389
0.0916993,0.972992,-0.0220655,1.31627
-0.333604,1.70181,0.217782,3.18987
0.309228,-0.25113,-0.0701344,0.257208
-0.21835,1.66966,0.445762,3.04105
-0.238953,0.173785,0.303656,0.319163
-0.295753,1.03331,-0.0918231,1.39186
-0.0470674,0.235722,0.170429,0.397189
0.145577,1.10695,0.329855,1.53901
-0.0737479,0.839431,0.441093,0.98011
-0.485024,0.471916,-0.119463,0.472671
0.396193,1.3232,-0.298208,2.00358
0.360881,1.54503,-0.0477494,2.69352
0.17592,1.84551,0.0965533,3.74128
0.136295,0.890865,0.324731,1.10336
0.10968,0.492513,-0.0780482,0.599743
-0.100768,0.402821,-0.0941438,0.515812
-0.132077,1.10213,-0.336586,1.52725
0.167459,0.998922,0.241971,1.32924
-0.141569,0.252777,-0.17787,0.397336
-0.226308,1.05932,-0.0641534,1.46882
0.286171,-0.346574,0.0496525,0.252266
-0.312883,1.08583,-0.204359,1.48713
-0.151249,0.657268,-0.112503,0.785178
0.0561281,1.53822,0.468798,2.62571
0.0254437,1.89937,0.298682,3.91073
0.0432151,1.50975,0.0351834,2.63931
-0.0771234,0.61773,0.0178974,0.747901
0.240649,0.860938,0.280803,1.04802
0.342896,0.763451,-0.192876,0.880225
-0.315884,0.693274,-0.211219,0.784636
-0.301284,1.25708,0.111554,1.90212
-0.153912,1.40106,0.44485,2.22407
-0.0887341,0.954054,-0.329406,1.21822
0.0734702,1.0586,0.348135,1.43642
-0.327249,0.157697,0.126891,0.32336
-0.239316,0.568739,0.360061,0.604341
-0.314183,0.981458,-0.00560241,1.29252
0.0911891,1.89745,-0.212383,3.93051
0.157634,-0.163827,0.0917563,0.272438
0.351761,1.52297,-0.127753,2.62894
-0.179987,0.549653,0.157941,0.643543
-0.139142,-0.386822,0.275033,0.250109
-0.293808,-0.0507986,-0.216572,0.269374
-0.0787157,-0.0239648,-0.136911,0.297977
-0.177211,0.373434,-0.21767,0.471747
-0.123942,0.205757,-0.371117,0.332588
0.425041,1.43343,0.2465,2.3088
-0.339541,0.106679,0.0197436,0.30899
-0.212166,1.66739,0.396228,3.04511
0.269063,0.566739,-0.163046,0.644616
-0.0678085,0.0908575,0.326173,0.304174
-0.287114,0.45851,-0.262733,0.505932
0.336368,0.654518,0.295429,0.701302
0.132568,0.689977,-0.165222,0.829285
0.0469561,1.29491,0.0123238,2.04015
0.172556,-0.168614,0.432177,0.250417
0.0111322,0.617647,-0.187842,0.734879
-0.220661,0.800881,-0.2466,0.962638
-0.314096,1.19482,-0.34298,1.68879
-0.162031,1.41777,-0.141591,2.36257
-0.0910559,0.745117,0.437135,0.828148
-0.0721824,1.52138,-0.287561,2.64472
0.190501,1.80627,-0.141517,3.58518
-0.166338,1.58614,-0.399634,2.79245
0.0701472,-0.461494,0.0351792,0.250971
-0.35377,1.02699,-0.0742272,1.36518
-0.164409,0.180473,-0.109348,0.364219
-0.282313,0.637265,0.0541512,0.737372
-0.2702,0.925411,-0.21302,1.17293
0.0184508,1.79463,-0.338236,3.52816
-0.432164,0.972385,0.124212,1.21873
-0.0846827,0.325193,0.481375,0.360472
-0.122966,1.88964,0.0548563,3.89686
-0.148025,0.260483,-0.0787629,0.411486
-0.162442,1.47863,-0.23946,2.5116
-0.295759,0.0596193,0.123419,0.30093
-0.130824,1.78858,-0.130041,3.53741
-0.0765885,1.32984,-0.0485233,2.14015
0.0582344,1.82817,-0.349004,3.63959
-0.34533,1.95488,0.292051,4.08705
0.421121,1.50887,-0.10009,2.55725
0.165855,1.94491,-0.407737,4.04909
-0.306364,0.0844161,0.125766,0.304551
0.108762,-0.428942,-0.197869,0.250535
0.290144,1.10929,-0.182408,1.54648
0.0571934,0.204435,0.076524,0.387236
-0.00944777,0.537637,-0.406214,0.578151
-0.101439,0.173179,-0.18182,0.360149
0.2667,1.63413,0.21467,2.98277
0.0548265,-0.132018,-0.374819,0.260014
-0.0326028,1.08652,0.246323,1.52716
0.218953,0.895043,-0.442105,1.05346
-0.136099,1.55369,-0.204876,2.74274
-0.298056,-0.108171,0.327329,0.255442
0.140806,0.640706,0.0929898,0.764364
0.364402,0.536735,-0.00572351,0.592517
0.402067,-0.134391,0.00491428,0.257315
-0.424452,-0.132637,0.166143,0.252656
-0.438834,0.433505,-0.128817,0.455316
0.2838,0.73134,-0.0332231,0.866701
0.186283,0.549938,-0.111467,0.648131
0.256716,-0.0263627,-0.180415,0.282093
0.103661,-0.21741,-0.289846,0.260498
0.300689,0.889056,0.206199,1.09646
0.0840964,1.13815,-0.185196,1.64348
0.28136,0.951523,-0.401539,1.16032
0.454598,0.134278,-0.0976007,0.281077
-0.293294,1.74001,-0.170641,3.32362
-0.0539855,0.255854,-0.404397,0.350923
0.304465,0.622036,0.198022,0.691111
-0.370659,0.603815,-0.14932,0.658155
0.0460447,0.07941,-0.207833,0.32171
-0.267887,0.467894,0.142668,0.536776
-0.18837,-0.22416,-0.337364,0.253761
-0.284742,1.09743,0.0361692,1.54302
0.43202,1.72533,0.0329538,3.26024
0.0638385,1.43827,0.465474,2.32895
-0.00853182,0.626806,0.130656,0.752044
-0.153654,1.25913,-0.179619,1.92932
0.0092879,0.371777,-0.456836,0.406108
0.323664,1.9466,0.0226909,4.08052
0.163506,0.175146,-0.342441,0.32419
-0.0176434,0.847271,-0.412672,1.00343
-0.238041,0.576526,0.131847,0.665209
0.0834585,0.0852209,-0.470689,0.264799
0.250642,1.44058,0.330101,2.36246
-0.130318,1.36058,-0.249241,2.17773
0.0102141,0.900849,-0.342267,1.12597
0.230807,1.75333,-0.251842,3.39137
-0.143161,1.4554,0.0093887,2.47675
0.356653,1.69082,0.215165,3.14474
-0.0144516,-0.46998,-0.0639928,0.250949
0.303845,0.874726,-0.180196,1.07845
0.0091849,0.505724,-0.0484772,0.621909
-0.147769,0.82563,0.232495,1.01897
-0.0661786,0.358123,0.378985,0.424848
-0.342462,0.17866,-0.333031,0.2904
0.175241,0.9239,-0.353828,1.15133
0.038278,0.415565,0.137221,0.52817
0.102323,1.33411,0.0813439,2.13028
0.148333,1.74841,0.0275929,3.3806
-0.30493,-0.0922897,-0.0685133,0.270566
0.349423,-0.173062,0.101409,0.258965
-0.0171991,0.291329,0.478572,0.343785
-0.29489,0.690941,0.382196,0.735381
0.484104,0.142709,-0.0713043,0.274571
-0.143962,0.0950929,-0.19322,0.32384
-0.328628,1.53621,-0.327543,2.62652
-0.314853,1.63031,-0.169055,2.96491
0.00573018,0.526968,0.15513,0.633582
-0.425682,1.70811,0.0318508,3.20325
-0.134127,0.212673,-0.123185,0.378304
0.0679634,0.844841,-0.45946,0.981083
0.234139,0.989391,0.256466,1.29536
0.152026,1.52195,-0.423979,2.58768
0.395402,1.2873,0.0452667,1.95338
0.0893589,0.462175,-0.0245442,0.5764
-0.17861,0.429288,0.118764,0.527123
-0.0018099,0.585439,0.0898005,0.705201
0.36274,1.86155,0.0590465,3.76632
-0.17994,1.61967,0.273077,2.93892
0.460333,0.647148,-0.150423,0.676223
0.403337,0.187059,0.163512,0.309038
0.373515,-0.195949,0.263236,0.250382
0.196536,-0.0694782,0.162015,0.281235
-0.118732,-0.261165,-0.368928,0.252324
0.195937,1.50633,0.0688684,2.62113
0.0313141,1.42035,0.0489747,2.39766
0.27883,1.06071,-0.0447337,1.4638
-0.444834,-0.0232361,-0.050329,0.259559
-0.208583,0.983842,0.0304176,1.32337
-0.116066,1.47361,-0.157862,2.52019
-0.0707102,0.861051,0.410578,1.02563
-0.0304796,1.37977,0.225079,2.26262
-0.188922,1.09955,-0.368751,1.50222
0.465868,0.874289,0.0725973,1.02822
-0.240098,0.89107,-0.256342,1.10386
-0.0631639,1.2989,0.119085,2.04905
-0.176583,0.867886,-0.205561,1.09367
-0.305672,0.806829,-0.215248,0.95884
0.0242694,1.405,0.269934,2.31452
0.170074,1.02919,-0.0335876,1.41749
-0.429258,0.238423,0.255002,0.30714
-0.201183,1.51621,-0.235256,2.62209
0.263304,1.40959,-0.346064,2.26819
-0.234106,1.05525,0.0292692,1.45871
-0.0569006,-0.213927,-0.0848317,0.26893
0.0572147,1.13355,-0.0560092,1.66058
-0.342856,-0.0129987,0.204379,0.269242
0.186315,1.44788,-0.350647,2.39698
-0.358522,0.280485,-0.0189235,0.380611
0.0232924,0.0372358,-0.182052,0.313289
-0.102171,0.758181,-0.206065,0.917355
-0.412323,0.446047,-0.183164,0.471219
0.413282,0.57981,-0.0316757,0.622498
-0.479162,0.289378,0.0455259,0.342128
-0.249764,-0.121489,-0.0235846,0.273466
0.0623693,-0.0041161,-0.340896,0.281672
0.208893,0.451937,-0.0575355,0.550016
0.488734,-0.0856733,0.0262518,0.250216
0.270399,0.143822,0.299857,0.303728
-0.0429688,1.71129,0.0725521,3.27823
-0.0233886,0.758986,0.0673677,0.94473
0.251666,1.67981,-0.198064,3.13629
0.0655034,0.532462,0.330765,0.599238
0.153214,1.4769,-0.156403,2.53651
0.243151,-0.0328284,-0.375084,0.258838
0.116137,-0.32591,0.130471,0.256898
-0.050098,0.216239,-0.184328,0.383733
0.110673,1.78391,0.280952,3.50013
0.0504698,1.36189,-0.489519,2.10771
-0.00183647,0.430993,-0.494527,0.439176
-0.054821,1.55609,-0.361243,2.73061
-0.260365,0.291402,-0.41036,0.340769
-0.104732,0.679918,0.453139,0.731274
0.0112605,1.0864,0.288205,1.51307
0.0683858,1.42637,0.419618,2.31776
-0.130818,0.649608,0.0241052,0.782913
0.106872,1.97259,-0.228853,4.1996
0.0215838,1.88996,-0.38022,3.85977
-0.00815918,1.94828,0.154486,4.11485
0.341064,0.137029,-0.2579,0.29546
0.0559658,-0.238144,-0.186298,0.262692
0.0254951,1.16476,0.375556,1.66144
-0.438859,1.4776,0.0526803,2.46638
-0.288856,1.69552,0.213306,3.17772
0.133054,0.108281,0.244123,0.32454
0.225903,1.63493,-0.19253,2.98983
-0.40349,-0.252188,-0.0338003,0.251998
-0.152105,-0.324644,-0.297232,0.251528
0.265202,1.78408,-0.286659,3.46801
0.390624,0.807641,-0.098213,0.945652
-0.240008,1.93483,0.209395,4.03024
0.126931,1.67887,-0.110754,3.16363
-0.399645,0.17209,0.181128,0.304525
-0.203538,0.174966,-0.0140632,0.357494
0.137454,0.0179929,0.294744,0.288672
0.238211,1.55681,-0.437645,2.67396
0.175437,-0.265405,-0.20284,0.257741
-0.285376,1.82159,0.347366,3.58584
0.00264187,1.65357,0.127644,3.08671
-0.0184312,0.612299,0.296299,0.707026
-0.145938,1.86961,0.00913722,3.83347
0.24267,0.844384,0.017301,1.05176
0.017912,0.551547,-0.00521187,0.677779
0.342577,1.27589,0.136473,1.93715
0.317963,1.0565,0.0589983,1.43541
0.250106,0.0197526,0.218279,0.287831
-0.3891,1.79954,-0.00857866,3.53018
0.146961,1.17287,0.397252,1.65685
0.250536,1.94515,0.323396,4.06121
0.0286228,0.492555,0.476726,0.50297
0.301012,1.61395,-0.394392,2.85666
-0.353321,1.18566,0.226568,1.69312
0.133959,0.151673,-0.473669,0.276462
-0.415641,0.127551,0.0620368,0.29416
-0.0418208,1.73174,-0.00411183,3.351
0.0627444,0.387764,0.397545,0.440171
0.0580066,1.25724,0.452554,1.84817
0.00277578,1.02619,-0.138739,1.41835
-0.116086,-0.22209,-0.401906,0.251613
0.334592,0.605235,0.240055,0.653666
0.390682,0.209065,0.0989453,0.330018
0.052868,1.09374,0.419835,1.48401
-0.371029,1.6963,-0.114762,3.16741
-0.27892,1.24286,-0.120351,1.87772
0.281124,0.0580669,0.206991,0.290925
0.0250925,-0.0930498,-0.405057,0.26017
-0.119822,1.60584,0.200303,2.91577
0.313334,1.79283,-0.19073,3.50498
0.00543175,1.73199,0.369231,3.31219
-0.399803,1.20493,-0.206656,1.7285
-0.144563,0.856311,0.23463,1.0718
-0.194163,-0.430242,0.124737,0.250557
0.0657174,1.53516,-0.447529,2.62432
-0.486717,0.422799,0.0850873,0.431103
-0.0721278,1.03153,-0.326978,1.37567
0.220233,0.722377,-0.0714982,0.864882
-0.0803708,0.164491,0.283104,0.341118
0.069922,0.95298,0.279009,1.23833
0.352364,0.41491,0.0957473,0.476251
-0.0965874,1.72323,0.102577,3.32144
-0.420889,1.99983,0.117538,4.26247
0.321264,0.358074,-0.238353,0.419047
0.432968,1.22283,0.10843,1.77072
-0.0166597,0.0950445,0.205194,0.32977
0.207939,1.94742,0.0276768,4.10191
0.367387,0.116276,-0.20037,0.291126
0.320174,0.572989,-0.365333,0.583897
-0.0364138,-0.177171,-0.167733,0.270253
-6.88186e-05,-0.185804,-0.0194418,0.275633
0.132853,0.343651,0.22565,0.449721
0.451058,1.64996,0.0293088,2.99597
-0.38765,-0.0297188,0.29318,0.252373
0.0823625,1.80369,0.443231,3.51966
-0.47154,0.996287,-0.000363155,1.25767
0.417793,1.1305,-0.0412343,1.56462
0.468367,0.0641922,0.0358463,0.263736
0.125329,0.967196,-0.424203,1.21353
0.403618,0.714326,0.165277,0.787077
-0.317771,1.84179,-0.348846,3.65299
-0.383983,0.169287,0.0251107,0.31848
0.230268,-0.00912267,-0.387551,0.260947
-0.133679,0.544806,-0.459746,0.556717
0.254992,1.23177,0.226952,1.8294
0.343965,0.371305,0.307742,0.40552
-0.168573,0.0934405,-0.439447,0.26892
0.457635,1.62774,-0.168709,2.90546
-0.0228954,1.75214,-0.224284,3.41434
0.214988,-0.0666909,0.159011,0.280176
0.211325,-0.28941,0.137846,0.25694
-0.364667,-0.135026,0.220339,0.255857
-0.0834379,1.25423,0.03379,1.93797
-0.340565,1.67947,0.256589,3.10449
0.178848,0.0902042,-0.298543,0.299593
-0.347232,0.530073,0.206681,0.575201
0.350629,1.4686,0.0219897,2.46304
-0.223315,0.261988,0.0607825,0.403537
0.161377,0.546285,-0.167629,0.640479
-0.326329,-0.322348,0.145068,0.250966
-0.204659,-0.0656133,0.182054,0.278193
-0.158986,-0.0471778,0.165767,0.286643
0.150771,1.11821,0.418649,1.52366
0.176282,-0.0339042,0.357042,0.266866
-0.00245805,0.358823,0.260287,0.463194
-0.367491,1.22075,-0.307451,1.74727
-0.0322143,0.0196037,0.0681839,0.316033
-0.0894232,0.444364,-0.463734,0.460467
0.319236,1.75179,0.12649,3.37498
-0.0507701,1.14185,0.0399526,1.68115
0.153928,0.64563,-0.0646006,0.771483
0.0887915,1.79581,0.222173,3.5681
-0.0217941,0.404046,0.226232,0.505932
-0.0850146,-0.438815,0.182421,0.250545
-0.164336,1.9661,0.0338272,4.17613
-0.068671,1.98092,-0.484751,4.17536
-0.264726,1.48762,0.0884273,2.54731
0.259976,1.14401,0.279507,1.61486
0.265734,1.43328,0.386271,2.32189
-0.046907,0.164894,-0.0216418,0.373046
0.0806209,0.104923,0.166968,0.332839
0.203507,0.320136,0.363527,0.387426
-0.223589,0.527969,0.375248,0.5571
-0.138267,0.832782,-0.0390193,1.04306
0.269081,0.6342,0.2855,0.697681
-0.0388826,0.380831,0.0987284,0.504836
-0.100753,0.0562849,0.241005,0.309083
-0.251755,0.623799,0.0598332,0.729056
-0.105906,0.432076,-0.426722,0.462781
-0.0696689,0.611129,-0.479832,0.629758
-0.0166852,1.50711,-0.166115,2.64094
0.465916,-0.0071453,-0.181103,0.249928
-0.110574,0.402407,-0.125701,0.513751
-0.301311,1.22521,-0.259596,1.79774
0.0232131,0.935468,0.239888,1.22611
-0.00603486,0.965697,0.37516,1.23423
-0.316175,1.26035,-0.128645,1.8998
-0.40573,0.370911,-0.0280225,0.427359
-0.364343,-0.0304661,-0.0545364,0.272416
-0.228659,1.67427,-0.318576,3.09609
0.288394,-0.177138,0.102492,0.263134
-0.340446,1.70119,0.173565,3.19431
-0.154652,0.0219619,-0.470409,0.251888
-0.359168,0.69134,0.320893,0.736904
0.1264,0.664194,0.423268,0.719387
0.0188037,0.0666016,0.231631,0.314573
0.357302,0.943421,0.0307066,1.20318
-0.251928,0.318739,0.0756781,0.430905
0.107782,0.338005,-0.249232,0.445573
-0.010228,1.92746,0.118322,4.03773
-0.0451156,1.97524,0.313118,4.18812
0.124478,1.73654,-0.123693,3.37177
-0.00566334,0.481814,-0.257473,0.574611
0.19672,1.31701,0.386094,2.00974
0.289783,1.96988,-0.322107,4.14823
-0.0899719,0.980347,-0.417704,1.24381
-0.456418,0.654735,0.031788,0.697316
-0.115588,0.0798295,-0.144085,0.323756
0.335819,0.541522,0.197475,0.590312
0.34806,1.30455,-0.324652,1.96768
0.389062,1.68331,-0.307762,3.08536
0.238877,1.33908,0.0311791,2.14003
0.204354,0.41451,0.0293811,0.521084
0.18452,-0.314201,-0.165173,0.255848
-0.137669,-0.238758,0.203059,0.261286
0.22906,1.65359,0.123721,3.04926
-0.115674,1.48206,-0.126585,2.55397
-0.282061,0.134572,0.149898,0.322396
0.414432,-0.0180603,0.0889964,0.263961
-0.0459094,0.741941,0.204781,0.899184
-0.00801498,1.4037,0.37493,2.27113
-0.183341,1.12452,0.123286,1.61504
-0.426344,1.4586,0.201594,2.39245
-0.0843002,-0.182463,-0.312239,0.260562
0.229132,1.30972,-0.309396,2.0133
0.0404781,1.18784,-0.244455,1.76334
0.0421453,0.943472,-0.497098,1.14063
0.265723,1.45401,0.26816,2.40888
0.136065,1.1731,-0.29585,1.70066
0.238234,1.43327,0.00451526,2.38753
0.0304707,1.38077,0.272927,2.23461
0.279713,1.92868,-0.346099,3.98852
0.429285,1.5776,-0.00963164,2.7595
0.0493443,1.58904,0.200236,2.86686
-0.112253,0.897977,-0.00572485,1.17677
-0.119224,0.537389,-0.0798682,0.647332
0.223616,0.316846,0.293515,0.400881
-0.12727,0.494585,0.0986582,0.598576
-0.27432,-0.324727,0.033856,0.2539
0.0792098,1.99528,0.239508,4.26425
0.317497,1.82746,-0.194347,3.63663
0.108303,0.919215,0.476792,1.10004
-0.292084,0.932183,0.301683,1.15474
-0.059059,0.134914,-0.285526,0.329605
0.334839,-0.134119,-0.178211,0.261058
-0.422195,0.286933,0.0850707,0.36029
0.168131,0.132684,0.467761,0.268771
-0.171206,-0.437975,0.0443069,0.25126
0.214338,0.589958,-0.100009,0.692291
-0.336545,1.3332,-0.355716,2.03123
-0.285049,1.62802,-0.289382,2.94284
-0.457855,0.314662,-0.188,0.351106
0.161882,1.60443,0.0502813,2.92747
-0.38908,0.302389,-0.170802,0.372642
0.195833,0.962662,-0.13662,1.27401
0.292052,-0.336078,0.0835096,0.252387
-0.0217831,0.0388597,0.114687,0.316681
-0.159296,1.57779,-0.0350291,2.83524
0.105079,1.16023,-0.193699,1.6958
-0.233366,1.22734,-0.378296,1.78475
0.24144,-0.0230857,0.111942,0.287722
0.100247,0.984499,0.210506,1.31078
0.287314,1.19698,-0.313257,1.71876
0.207837,1.13583,0.229871,1.61659
-0.467972,0.513728,0.0487787,0.52846
0.385288,0.912924,0.0325406,1.13454
-0.21107,1.65038,-0.116933,3.0597
-0.284044,1.96285,-0.394543,4.10714
-0.161878,-0.331403,-0.256945,0.25248
-0.305336,-0.125326,0.261892,0.258536
-0.458473,0.885202,0.020312,1.05363
0.282094,1.75111,-0.241564,3.35858
-0.248857,1.49074,0.000887708,2.5643
-0.0899117,0.973471,-0.337617,1.26587
-0.0462032,0.272712,-0.494456,0.325593
0.39587,0.311454,0.128674,0.381246
-0.0305846,1.45069,-0.143924,2.46947
0.373598,1.40895,-0.068589,2.28407
-0.136241,-0.374222,-0.115657,0.253978
-0.43526,1.4794,0.211881,2.44758
0.40514,0.39342,0.0709626,0.442533
0.061702,1.51425,0.107152,2.63745
-0.110808,1.19813,-0.0919772,1.79459
0.357736,1.54952,0.269736,2.67905
0.00720883,1.94575,-0.24348,4.08243
0.0428312,1.31123,0.107486,2.09798
0.312689,-0.279078,-0.0938991,0.254175
0.492991,0.663509,-0.0472971,0.692593
-0.329102,0.980262,0.0718933,1.28042
-0.126215,0.234142,0.176744,0.388889
-0.394831,-0.0546083,-0.253146,0.254087
-0.329368,0.977853,-0.355267,1.21463
-0.218485,0.399269,-0.0802802,0.500072
0.400674,1.33284,0.137676,2.06608
-0.27634,1.38332,-0.349884,2.1876
0.0954425,1.57895,0.447035,2.75925
-0.463094,1.68018,0.139643,3.08071
0.100714,1.07284,-0.244794,1.49417
-0.318137,1.75953,-0.150671,3.39657
0.32166,1.31475,-0.320914,1.99749
-0.391653,1.48119,-0.0890075,2.48187
0.0879532,-0.330613,-0.349518,0.250473
0.020144,0.345274,0.458948,0.387886
0.224101,0.685082,-0.0859103,0.810685
-0.0368113,-0.251326,0.333718,0.255073
-0.205475,1.13198,-0.0827656,1.62786
-0.391121,0.846658,-0.187757,0.999452
-0.171724,0.644451,0.344353,0.712715
-0.0499149,1.47519,0.146679,2.53904
-0.305116,0.0433366,-0.145215,0.291983
-0.313032,1.36427,-0.283951,2.15215
0.071519,-0.437309,-0.0598602,0.252005
-0.15864,1.90269,0.472892,3.87087
-0.139685,0.668256,-0.330885,0.757902
0.163799,1.98158,-0.436009,4.18953
-0.184221,0.931207,-0.0694786,1.22529
0.153065,0.375625,0.0236493,0.49433
-0.0842235,0.0844996,-0.405544,0.285224
-0.25469,0.35177,-0.234448,0.430856
0.217028,0.503676,-0.449295,0.50403
0.474684,0.823524,0.0982417,0.937188
0.308822,1.71662,0.0741834,3.26589
0.0341407,0.220875,0.0401272,0.396676
0.476217,0.901752,-0.0670265,1.07159
-0.390636,1.19766,0.230131,1.70998
-0.141387,0.177618,0.421519,0.303157
0.0218854,1.51569,0.268742,2.64113
-0.253293,-0.0541022,-0.339944,0.261983
-0.0574965,0.364425,0.212626,0.472582
0.0415922,0.633195,0.14,0.760418
-0.052189,0.190519,-0.10663,0.379601
0.394758,0.973994,0.0703021,1.24044
0.0826174,0.00476196,0.40251,0.270271
-0.462395,0.654151,-0.00276884,0.696028
0.152518,1.38569,-0.141607,2.26259
-0.32112,0.244059,-0.194986,0.35512
-0.165875,0.735382,0.301541,0.856508
-0.140306,1.04215,-0.23248,1.42632
-0.00105154,1.05082,0.375631,1.40939
0.192831,0.642795,-0.0772185,0.763571
-0.152477,0.116703,-0.437437,0.277571
-0.287047,0.931935,0.387562,1.12681
0.273303,-0.381279,0.0535911,0.25108
0.193673,0.599439,-0.457318,0.610373
0.152318,-0.10716,-0.0670231,0.283544
-0.166082,1.14711,-0.418403,1.58808
0.222668,0.917837,0.347433,1.13504
-0.175088,0.372246,-0.271786,0.457129
0.000127266,1.84676,-0.0239905,3.73889
-0.373,0.608296,0.127752,0.667888
0.145535,1.59372,0.192298,2.88743
-0.267098,-0.0927298,0.241534,0.266132
0.169348,0.196839,-0.403083,0.312685
-0.113099,1.71066,-0.265199,3.24393
0.369265,0.940001,-0.137147,1.17987
0.0697895,-0.0112378,-0.0423911,0.306428
0.0362706,-0.289858,0.333515,0.253497
0.265386,0.974908,0.348989,1.22223
-0.207483,1.21061,-0.0925151,1.81066
-0.234485,1.8894,0.315637,3.86062
-0.0999207,0.715632,0.219921,0.856575
-0.0498845,0.984149,0.0139682,1.33413
0.124931,0.518377,-0.129185,0.62553
0.213263,0.896159,-0.143037,1.1412
0.0728157,1.92885,-0.210334,4.0247
-0.259669,0.76799,-0.0174064,0.931002
-0.107174,1.13734,-0.268425,1.62955
-0.00137583,-0.275368,0.14803,0.26119
-0.455811,1.91469,0.0396828,3.93379
-0.235999,0.143339,-0.245239,0.321279
-0.00411217,0.358197,0.204065,0.476017
-0.0910207,1.22322,0.453847,1.76082
0.299577,1.65394,-0.0794086,3.06098
-0.0790907,1.18756,0.00158221,1.78387
-0.207877,-0.145123,0.158346,0.268935
0.00822617,1.13915,-0.420084,1.5818
0.361513,-0.138653,0.175089,0.257852
0.163416,1.86151,0.186869,3.78268
-0.033716,1.5228,-0.254316,2.65073
0.334856,1.59863,0.106829,2.85444
0.384693,0.796042,0.0434859,0.932395
0.126218,-0.203745,-0.302746,0.259344
-0.391193,1.96372,0.274957,4.11297
-0.0356292,0.680946,-0.431107,0.744136
-0.27361,0.506728,0.395266,0.517307
-0.183154,1.33965,-0.138448,2.13581
0.00475463,1.52928,0.293694,2.66591
-0.250126,1.47691,0.0621809,2.51912
0.0948077,1.6726,-0.370682,3.10407
0.234123,0.142448,0.390388,0.286926
0.179297,-0.243418,0.0144475,0.263456
0.120065,1.73186,0.292772,3.30399
-0.360141,-0.134495,-0.305407,0.250841
-0.281481,0.2606,-0.287794,0.356206
0.0998736,1.82155,-0.431431,3.59037
0.249538,-0.0767,0.174196,0.273556
0.341055,-0.0329541,0.189715,0.27057
0.468731,1.51254,-0.059751,2.54788
-0.383824,0.244442,-0.134943,0.347175
0.0689773,0.11073,0.237586,0.327045
-0.323031,1.80386,0.0631206,3.56246
0.149378,-0.29356,-0.140202,0.258933
0.186306,0.220359,-0.150631,0.378867
0.276612,0.0200727,0.28261,0.275116
-0.459872,1.85173,0.0814195,3.69174
0.0634662,0.548204,-0.0108953,0.668929
-0.153772,1.72075,0.466725,3.21368
0.168928,0.245284,0.153159,0.394714
-0.118929,1.70607,0.273737,3.22811
0.0614098,0.164987,0.327983,0.331916
-0.032549,-0.00562916,0.055563,0.307808
0.324037,0.0914865,0.0593146,0.306652
-0.154245,1.93312,-0.0341678,4.05796
0.232235,1.23371,-0.23687,1.84347
0.102704,0.85083,0.422219,1.00423
0.316306,0.408627,-0.174742,0.470544
-0.36119,1.01896,-0.0306655,1.34745
-0.233626,0.0318187,0.28655,0.282886
0.050188,1.64253,-0.0557601,3.05979
0.206824,1.32354,-0.411087,2.01925
0.187443,0.303837,0.346309,0.382378
0.322732,0.803543,-0.113575,0.95909
0.161288,0.089692,0.415409,0.275514
-0.320597,1.48691,-0.137765,2.53044
-0.405213,0.264046,-0.0812316,0.353235
0.267416,0.841156,0.313515,1.00082
-0.130323,0.761913,-0.270763,0.909464
-0.11128,0.105879,0.0389562,0.338982
0.00130956,1.6724,-0.263322,3.12819
0.329323,1.73095,-0.303143,3.27124
-0.150225,0.56601,-0.450419,0.581029
0.193944,0.88243,-0.242228,1.10992
0.397648,1.78097,0.174577,3.45017
0.112283,-0.120313,-0.0962601,0.281194
-0.146531,1.3092,-0.0834188,2.06492
0.308343,0.661432,-0.269902,0.730578
-0.382158,0.967421,-0.0993736,1.23381
0.140054,-0.446717,-0.165539,0.250112
-0.156872,0.0854946,-0.0614525,0.328798
0.316759,-0.191934,0.28015,0.253139
-0.290174,-0.131354,0.339999,0.253911
0.0954421,1.56361,0.133752,2.79907
0.323298,0.0135642,0.277865,0.268303
-0.329863,0.0365799,-0.375581,0.2513
0.11294,1.85207,-0.120439,3.76202
-0.147625,1.04376,-0.350432,1.38805
-0.362329,0.44062,0.30882,0.454719
-0.381775,0.518512,0.0366964,0.56754
0.0128584,-0.367196,-0.296102,0.251802
-0.0738007,1.67387,0.343818,3.10567
-0.0756479,-0.170668,-0.370282,0.257645
0.365311,0.460815,-0.221081,0.493368
0.152846,0.154229,0.445177,0.284701
0.285215,1.43302,-0.24321,2.36191
0.377226,0.918225,0.0836742,1.15138
0.335019,0.658211,-0.120632,0.743251
0.0201438,0.434479,0.313116,0.508814
0.17009,0.435114,-0.465029,0.441267
0.0123645,0.903081,-0.358651,1.12453
-0.316629,1.41697,-0.306366,2.28802
0.00142412,0.888496,-0.346913,1.10587
-0.321685,1.91286,-0.0725581,3.95846
-0.0616947,-0.292862,-0.186482,0.260228
0.306239,0.0120664,-0.269823,0.272022
-0.308472,1.5288,0.213189,2.6405
-0.058797,0.663033,-0.432258,0.717236
0.266474,0.856313,0.402677,0.990284
-0.160172,1.68179,-0.189332,3.16324
0.0561692,1.87934,0.0567087,3.87335
-0.381098,1.12262,-0.289376,1.52151
0.286025,0.596557,0.143886,0.676062
-0.328775,-0.0711772,-0.0534383,0.271047
-0.207534,1.73033,0.411445,3.25918
0.398583,1.19624,-0.0962381,1.71666
0.143172,-0.265111,-0.390653,0.250271
0.0729549,0.169176,-0.217766,0.353852
0.273963,1.64274,-0.219403,3.00686
0.325953,0.914316,-0.114266,1.1512
-0.336265,1.75885,0.298979,3.36716
-0.144102,1.3422,0.327032,2.11275
0.203276,-0.131684,-0.172843,0.271394
-0.192055,0.507866,0.055264,0.605683
0.418992,1.05501,0.113323,1.39952
0.354554,0.194378,0.0783673,0.33639
0.182089,0.669832,0.230688,0.776146
-0.377759,0.357005,0.119362,0.418487
-0.12115,0.332471,-0.389019,0.398274
-0.33342,1.99109,-0.21268,4.23626
0.199989,0.680476,-0.00330855,0.819909
0.416704,0.100589,-0.185323,0.275043
0.0223387,1.32213,0.194858,2.10502
-0.0921537,0.52659,-0.253011,0.610656
-0.0835273,1.45125,-0.298521,2.43219
-0.017945,1.72621,0.237629,3.30945
0.0941546,-0.0930408,0.451674,0.25322
-0.176341,1.58944,0.260729,2.84554
-0.375868,1.0794,-0.227924,1.44108
-0.0537658,0.842707,0.0345987,1.08295
-0.076478,1.94536,-0.489709,4.03677
-0.410296,-0.0981232,0.21426,0.252885
-0.0886712,-0.377811,-0.314544,0.249992
-0.2308,1.73547,-0.0984636,3.34943
-0.105062,1.55799,-0.414395,2.70736
-0.224404,0.855165,0.12041,1.0686
0.240524,0.0478896,-0.364371,0.270587
0.12541,0.199996,-0.44124,0.306603
-0.125089,1.29187,-0.379472,1.96189
-0.222263,0.189875,-0.146785,0.359127
0.0170107,-0.255913,0.193546,0.261493
0.172191,0.0722412,0.24064,0.305473
-0.109384,0.554369,0.412982,0.591153
-0.295855,0.719586,-0.374642,0.776967
-0.114348,0.701224,0.137039,0.849432
-0.204606,-0.366165,0.198083,0.251537
0.272778,1.1176,-0.274643,1.54829
-0.419913,0.729479,-0.236151,0.790675
-0.27141,-0.176982,0.313242,0.254248
-0.0463573,1.73335,0.000414517,3.34959
-0.181913,-0.352385,0.127652,0.254286
-0.271049,1.88157,-0.0479705,3.85961
0.353879,1.16253,0.252873,1.62274
0.425325,0.20677,-0.145033,0.313225
-0.0786003,0.844625,0.330191,1.02757
0.456553,1.73328,-0.160589,3.26494
0.341367,0.356976,0.256181,0.409135
-0.0419118,0.0671099,0.173747,0.321307
-0.133861,-0.198042,-0.200744,0.265126
-0.369565,1.06274,0.156804,1.41991
-0.112327,-0.187636,-0.382497,0.254758
-0.0640491,-0.0489354,0.013789,0.296206
0.483992,1.24266,0.0998538,1.79536
0.0126118,0.194704,-0.40992,0.322508
-0.18594,0.441721,-0.0677008,0.542286
0.185947,0.184546,-0.238315,0.346483
0.194949,1.82334,-0.29235,3.63267
0.218047,0.460035,0.0416916,0.556394
-0.311941,-0.0864896,0.303621,0.257514
0.403149,0.826381,0.00368477,0.974838
-0.067857,1.53144,-0.0218967,2.7135
-0.0590673,-0.136737,-0.458023,0.251776
0.26709,1.43968,-0.0916719,2.39664
0.446904,0.956844,0.078103,1.18503
-0.28523,1.19834,-0.265376,1.74031
-0.378823,1.98761,-0.270253,4.21178
-0.0795237,0.973733,-0.443318,1.22164
-0.341077,0.727843,-0.052856,0.844721
-0.153535,0.275831,-0.153262,0.413576
0.208387,0.258651,0.00458115,0.401956
-0.0806361,-0.429837,-0.118741,0.252113
-0.116419,-0.109331,-0.434223,0.254517
-0.376751,1.2178,0.207539,1.76512
-0.0609897,-0.236667,0.211856,0.262405
0.203886,1.96596,0.0737434,4.16155
-0.0933328,1.12072,-0.301488,1.57416
-0.351925,0.359883,0.205629,0.418969
-0.114214,1.07224,-0.144229,1.50504
0.216458,1.79585,0.0223657,3.55114
-0.433336,0.861182,-0.226088,0.995943
0.18018,1.59631,-0.179044,2.88472
0.149201,0.681907,0.0755358,0.82858
-0.257642,0.752486,-0.387171,0.832245
-0.0662197,1.0964,0.175314,1.56105
0.271588,0.746925,-0.221458,0.866994
0.202672,1.3717,0.0843806,2.22899
-0.216442,0.91251,-0.294125,1.14163
-0.113236,-0.0406018,-0.152102,0.291397
-0.0179785,0.215997,-0.175666,0.385344
0.355712,0.734298,0.139761,0.83732
-0.0688078,0.653905,-0.419462,0.71132
0.391323,1.93793,0.0412349,4.03986
0.0777112,0.655203,0.252947,0.766714
-0.274249,1.98621,-0.0245956,4.23769
-0.000382087,0.792837,0.47797,0.889373
-0.026019,0.798782,0.432375,0.918128
0.179688,1.20324,-0.294308,1.76319
-0.374208,0.0966831,0.240851,0.277896
-0.344372,1.47061,0.00242105,2.48161
0.0405698,0.193203,-0.183071,0.372493
-0.180044,0.925917,-0.0807709,1.2063
-0.102743,-0.417113,0.207956,0.251189
0.00920649,-0.27452,0.171814,0.261421
-0.120072,1.71727,0.233277,3.28011
0.0847673,0.951557,-0.10318,1.27036
-0.435994,1.89415,0.0500228,3.8585
-0.0560294,1.28674,0.224267,1.99332
0.0885107,0.174587,-0.313424,0.337123
-0.379308,1.5549,-0.247475,2.68978
-0.435579,0.735987,0.0618962,0.818598
-0.118388,-0.124638,-0.438548,0.252967
0.488439,-0.0124982,-0.00966954,0.252046
-0.127876,-0.101435,0.0825346,0.283113
0.253921,0.616902,-0.127647,0.714889
-0.246726,1.38608,-0.26503,2.23063
0.124864,1.68242,0.0506905,3.17029
0.403846,1.02083,-0.141663,1.32325
0.125158,1.36257,0.0640826,2.21503
-0.17702,1.52949,-0.424882,2.60833
0.0945281,0.692062,-0.428848,0.75567
-0.134002,-0.449873,0.168352,0.250001
-0.201058,0.252005,0.325396,0.35925
-0.00253397,0.0755666,-0.0621622,0.33309
-0.0368863,0.851609,0.05379,1.0953
0.265341,0.754539,-0.387474,0.834764
0.238476,0.499612,-0.251193,0.565413
0.128034,1.21993,-0.320377,1.80193
0.144164,1.01942,0.471187,1.29141
-0.342634,0.313522,0.0952791,0.402364
-0.306149,0.598196,0.342145,0.629693
-0.093012,1.5386,0.0718866,2.73306
0.262504,0.108309,0.188638,0.313029
-0.219228,0.0528498,-0.219371,0.299834
0.116549,1.30385,0.0634363,2.06132
0.196048,1.40252,0.413177,2.23815
0.0757036,-0.0418292,-0.161693,0.293121
0.285116,1.53198,0.262823,2.64229
-0.259856,0.493224,0.28584,0.539731
0.339414,0.476516,-0.103213,0.536773
-0.18433,1.05788,0.193861,1.45859
-0.238627,0.275657,-0.137846,0.401269
-0.352332,0.350472,-0.0651576,0.427108
0.0913799,0.339408,-0.167323,0.459705
0.197097,1.35064,0.129205,2.17281
0.0865745,0.521673,-0.425395,0.551515
0.300569,0.504798,0.179501,0.566235
-0.0251748,0.955828,-0.245362,1.25737
-0.119522,0.766654,0.256807,0.918646
-0.0165696,-0.166773,0.0239994,0.276887
0.316808,-0.0368789,0.220539,0.269665
-0.0991636,0.41766,-0.198184,0.515106
0.0891724,1.30612,0.394634,1.99505
0.228245,0.61967,0.347609,0.671988
0.193623,0.719098,0.117179,0.866606
-0.372443,0.312008,0.273304,0.36482
0.438921,0.555764,0.231449,0.560603
-0.0629926,0.988939,0.43443,1.25722
-0.325572,0.930295,0.0954205,1.1802
0.0346223,1.06603,0.393803,1.43505
-0.24601,0.0622099,-0.0275396,0.309258
0.113848,0.167833,-0.481104,0.28018
0.142305,1.17506,-0.202045,1.71794
-0.439904,-0.104921,0.135748,0.252767
-0.196753,0.334555,-0.425934,0.374848
0.155718,0.874042,-0.0340399,1.11843
-0.212446,1.59359,0.258002,2.84485
-0.387664,1.42364,-0.232317,2.29282
-0.262732,0.483909,-0.157799,0.558653
0.0373209,1.25136,0.498336,1.8159
0.138189,0.791683,-0.172938,0.975495
-0.324797,-0.208696,0.0442512,0.258951
-0.19441,1.79042,0.321647,3.50004
-0.028457,1.94932,-0.150218,4.11569
0.237601,0.344444,-0.0179225,0.456229
0.00040499,1.15025,0.11368,1.69149
-0.184051,0.479285,0.419222,0.499367
-0.452412,1.8203,-0.143621,3.56831
0.218745,0.144366,-0.195432,0.334295
-0.0660212,-0.279181,-0.104613,0.262098
0.292228,1.97012,0.184476,4.1662
0.388625,-0.13119,-0.0727455,0.258368
0.244664,0.375089,0.230429,0.454304
0.25224,1.86917,-0.377117,3.76114
0.279919,1.4588,0.252345,2.43354
0.389093,0.139529,-0.207378,0.290236
0.145945,1.71342,0.23608,3.27073
-0.32435,-0.135877,-0.218218,0.259185
0.0717027,0.364378,-0.176172,0.481419
0.0399742,1.09576,0.319683,1.53
0.267816,0.0492402,0.125292,0.300677
0.0439553,0.471053,0.0980398,0.590357
-0.367836,1.26472,-0.162134,1.89632
0.264148,1.27255,0.273413,1.92267
0.0685819,-0.240437,-0.168014,0.264076
-0.431986,-0.213722,-0.0807646,0.250864
-0.211324,-0.234921,-0.354905,0.251648
-0.21898,1.42921,0.174213,2.37596
0.224145,0.706412,0.347975,0.789502
-0.304822,1.74405,0.223868,3.3367
0.282783,0.13543,-0.188679,0.318755
-0.268079,1.09234,-0.284558,1.49743
-0.255854,0.38406,0.193395,0.464864
-0.0794529,1.91093,0.414216,3.92528
0.38026,1.30024,-0.0767772,1.99207
-0.362569,1.37382,0.162123,2.18761
0.207632,1.2902,0.0080831,2.01472
0.0036375,0.899692,-0.211075,1.16261
0.175318,-0.216569,-0.109871,0.266431
-0.416398,0.106831,-0.0826152,0.286757
0.216977,1.63618,0.440402,2.93196
0.360549,1.50592,0.210981,2.55761
0.23228,-0.0605402,-0.369399,0.25951
-0.120434,0.040283,-0.12673,0.313455
0.0878608,0.50117,-0.453229,0.520826
0.1725,0.271247,0.23043,0.397076
-0.320868,-0.058369,-0.256799,0.262276
-0.0456816,1.12918,0.427968,1.55687
0.0454491,0.828424,-0.116895,1.05436
-0.225268,1.14981,-0.0626531,1.67301
-0.315781,1.09082,-0.017877,1.51656
-0.124337,1.41202,-0.31616,2.30527
0.232834,0.23541,0.120355,0.379068
0.250016,0.152177,-0.320556,0.305955
-0.261447,-0.303942,-0.288541,0.250248
-0.0479243,0.633512,0.311049,0.727335
-0.0544966,1.76797,-0.220195,3.45959
0.357771,0.761243,0.00273087,0.890855
0.364441,1.51889,0.0991692,2.61158
0.241592,1.97857,-0.429985,4.16791
-0.241606,0.839411,-0.176741,1.03361
-0.0427077,-0.376585,-0.181719,0.254083
-0.225902,-0.188607,0.0119915,0.265858
-0.0623225,0.622507,0.358662,0.697645
0.18909,0.590489,-0.0934933,0.699054
0.0800709,1.66023,-0.00764126,3.11569
0.263643,-0.225878,-0.203863,0.257616
-0.0581682,0.570873,0.0463119,0.693858
-0.280332,1.49738,-0.238067,2.53614
-0.0473636,1.00569,0.111248,1.38281
-0.0899014,0.573182,0.293107,0.655725
0.413214,1.13915,-0.00453717,1.58797
0.216654,0.247591,0.0920175,0.390691
0.0467585,-0.10586,0.0404186,0.28604
-0.273415,0.776005,0.0784349,0.93006
0.0624031,-0.0172847,0.229115,0.292889
-0.0118832,0.74145,0.158881,0.914649
-0.409657,0.312568,-0.13017,0.378283
0.272393,-0.0512812,0.225473,0.27203
0.172082,1.9354,-0.355478,4.0274
0.114558,0.739215,0.397617,0.838262
0.176726,1.48615,0.388684,2.48978
-0.213108,1.20803,-0.343641,1.74849
0.287231,1.8376,0.054686,3.69191
0.258728,1.92311,-0.112052,4.00748
-0.246291,0.144927,-0.170123,0.331315
-0.0252645,1.65302,-0.471626,2.99548
0.445323,0.314123,0.104425,0.367037
-0.433126,0.170524,-0.0984343,0.29991
0.1516,1.56897,0.0125935,2.81833
-0.323883,-0.0962022,-0.148616,0.266264
0.258636,1.57175,-0.0262157,2.80523
0.307702,1.06662,-0.0333919,1.46267
0.225565,0.690189,-0.228346,0.802001
-0.261454,-0.0187333,-0.0698669,0.288472
0.310395,1.03368,-0.25902,1.35619
0.143519,1.64491,0.361076,2.99346
-0.283433,0.40754,-0.0102386,0.493668
0.0386722,1.1068,0.38859,1.53022
0.0308483,0.985013,0.159206,1.33295
-0.345553,1.23478,0.193611,1.81833
0.181145,0.452298,-0.372007,0.493142
-0.266014,1.5497,-0.01433,2.74655
-0.0404429,0.816302,0.365192,0.972414
0.12653,0.348388,0.199117,0.459933
-0.364198,-0.00806754,0.177642,0.268798
0.228993,0.381913,-0.291193,0.446264
-0.0278069,1.93198,-0.435829,3.99972
0.37819,1.34584,-0.146433,2.10279
-0.247024,1.38846,0.108811,2.27506
0.339047,-0.0683634,0.340132,0.251932
-0.424811,0.673829,0.0628514,0.738634
-0.0363324,0.734073,-0.446402,0.81585
-0.238841,0.709871,-0.310907,0.801404
-0.122498,0.114847,0.113623,0.340322
0.270198,-0.188699,-0.118789,0.26201
0.048727,0.54728,0.127742,0.659363
-0.226249,0.344977,0.208817,0.440041
0.283955,0.869553,-0.0784099,1.08225
-0.10338,0.61266,-0.137111,0.736141
-0.166554,0.0529395,0.468033,0.253989
-0.33159,1.03163,0.354002,1.32184
-0.0594674,0.812654,0.112531,1.02624
0.232708,-0.164857,-0.184758,0.264756
-0.332459,1.65738,0.342349,3.00556
-0.0397473,0.0257634,-0.38251,0.278031
-0.158951,0.83898,0.0541969,1.05703
-0.113441,1.8075,0.40638,3.5513
0.22157,-0.0329077,0.331531,0.267063
0.0220738,0.0215404,-0.171673,0.308701
0.457692,0.432001,-0.00814455,0.455193
0.33306,1.52917,-0.277887,2.61787
0.0690662,1.95717,0.301362,4.12101
-0.339382,-0.151021,0.303103,0.252329
-0.0881378,1.31931,-0.122284,2.10033
-0.0200833,0.101882,-0.258266,0.323894
0.365963,1.41725,-0.0472839,2.30843
0.431096,1.02376,0.0181531,1.33793
0.33864,0.996419,-0.146494,1.29486
0.118486,1.56788,-0.343971,2.76955
0.190605,1.63612,-0.077562,3.02151
0.0666825,0.15841,0.0327644,0.368738
-0.0426678,0.841622,0.0259716,1.07791
-0.319029,-0.324711,0.0343168,0.252363
-0.438352,1.03646,-0.198556,1.33043
0.201613,-0.0929741,0.404518,0.254789
0.232093,1.78516,-0.216939,3.4974
0.375045,0.396525,0.243344,0.431493
-0.316416,0.541408,0.3482,0.557383
-0.466617,0.870291,0.102451,1.01741
0.0344935,0.237687,-0.15877,0.399071
-0.222848,1.12987,0.232649,1.59115
-0.151575,1.60884,0.0215523,2.93201
-0.351693,0.0694753,-0.297186,0.268558
0.167502,-0.209341,0.282058,0.259033
0.0475674,-0.088835,0.358953,0.266049
-0.106197,-0.133214,0.0510589,0.28081
0.354783,1.37402,-0.161521,2.18809
0.0514773,-0.212776,-0.120033,0.267963
-0.0384124,1.06058,-0.0463852,1.49204
0.436743,1.58911,-0.155134,2.79048
-0.0384369,-0.206238,-0.10913,0.269581
0.204418,1.73015,0.343752,3.2929
-0.294586,1.9705,-0.261595,4.16937
-0.230758,0.490287,-0.131556,0.575177
0.291229,-0.241772,-0.0356217,0.258419
-0.25608,-0.212192,-0.326088,0.252539
-0.294292,0.975011,0.128241,1.27143
0.0270663,0.0304981,-0.00830577,0.319712
-0.0635306,0.126346,-0.186674,0.340317
-0.154543,0.755991,0.225756,0.909859
0.316997,1.94007,-0.15498,4.04869
-0.34959,-0.0145851,0.0996198,0.277069
-0.00901711,1.6842,0.216214,3.166
-0.218487,0.941321,0.172816,1.2284
-0.0681894,1.0706,-0.375335,1.44654
0.283075,0.512152,-0.362384,0.530087
0.268799,1.79643,-0.126021,3.55229
-0.0787541,0.0970887,0.0174902,0.341082
-0.455653,0.8184,-0.203875,0.920282
0.0954562,-0.306356,0.203295,0.257473
0.467996,0.648703,0.158352,0.673836
0.110131,1.34036,-0.277547,2.11951
-0.013307,1.35661,-0.0502068,2.21242
-0.294734,-0.0713623,0.143579,0.272488
0.479342,0.807266,-0.0874251,0.906965
-0.254527,1.1887,-0.364054,1.6868
0.0929318,0.761882,0.266132,0.920472
0.268534,1.61717,0.02555,2.94603
0.206277,1.82321,0.335871,3.61339
-0.0267018,-0.202683,-0.0694721,0.271001
-0.307642,1.81939,-0.0440299,3.61838
-0.0697176,1.6818,-0.222637,3.17074
-0.274604,-0.328071,0.0556483,0.253917
0.274612,0.598812,0.331102,0.639582
-0.162275,1.41376,0.27994,2.31728
-0.128023,-0.199214,0.358145,0.255478
0.0943189,1.75067,-0.325952,3.37404
0.0862767,1.76751,-0.411174,3.40075
-0.258404,0.0684088,-0.292528,0.288509
0.342804,0.132546,-0.181441,0.304958
-0.0391692,0.811549,0.0439305,1.03335
0.368544,0.281474,0.121374,0.372469
0.0287786,0.660338,-0.236355,0.783132
-0.190695,1.84144,0.142559,3.7091
-0.0765749,0.834252,0.225639,1.0409
-0.37316,1.75641,0.307638,3.34645
0.32229,0.394146,0.0130999,0.472321
-0.389335,0.726937,-0.0487854,0.827878
-0.245914,0.423528,-0.261257,0.486551
0.0114692,1.48045,0.198999,2.54371
-0.345604,-0.146087,-0.192897,0.258159
0.058682,1.37112,-0.168149,2.22705
0.182627,1.61456,0.325757,2.91799
0.159065,0.844956,-0.335376,1.02225
0.037406,1.9662,-0.137324,4.1799
0.0421262,-0.294651,0.0454734,0.261933
-0.0824505,-0.133946,-0.472261,0.25011
-0.117287,0.140651,0.0468955,0.356891
0.425593,1.67951,-0.196893,3.08662
0.0170907,0.0470587,0.323524,0.295671
0.0826721,0.948448,0.354844,1.20373
-0.298336,1.56371,-0.0794908,2.78473
-0.363419,0.512523,-0.308378,0.52309
-0.0042095,1.11251,0.436667,1.5202
0.0874359,-0.407543,-0.261836,0.250494
-0.102492,1.80444,0.0647447,3.59437
-0.144548,0.149139,0.230316,0.337505
-0.313678,1.84718,-0.284491,3.68807
0.175194,1.48516,-0.0905661,2.55757
0.160345,0.365798,0.262755,0.455401
0.475033,-0.133498,-0.0312872,0.25044
0.0985061,0.736263,0.103275,0.902469
0.172553,1.93874,0.360472,4.03937
-0.0820213,1.50995,-0.473165,2.53886
0.302743,-0.362307,-0.161079,0.249967
0.226753,-0.222971,-0.225608,0.258214
-0.219137,0.603879,0.207311,0.693029
0.207287,1.46372,-0.169878,2.47554
-0.120104,0.177482,-0.0757723,0.370243
-0.412746,1.15741,0.0296497,1.62885
0.305255,0.722617,0.0420626,0.855871
-0.0541863,1.86479,0.46163,3.74262
0.229379,0.961312,0.0208035,1.27478
-0.17589,1.47219,0.153753,2.52198
0.20861,-0.363959,-0.18943,0.251999
-0.0388832,1.1684,0.448359,1.63764
-0.320966,0.754949,0.378926,0.821258
0.197684,0.156416,-0.277998,0.326994
-0.234038,0.836188,0.0658006,1.04598
-0.397225,0.465426,-0.094713,0.505699
-0.167844,1.77531,0.426187,3.42259
-0.28087,0.115192,0.281649,0.297213
-0.233005,0.670165,-0.0572432,0.790615
-0.0612392,0.654326,0.0137368,0.792787
-0.342568,-0.0898072,0.0288261,0.269612
-0.0293699,0.182413,-0.0400683,0.376847
0.0182622,0.68187,-0.0977283,0.828403
-0.318737,1.12921,0.124338,1.59412
0.0471419,0.843431,-0.166428,1.06696
0.0541208,0.454392,0.151621,0.562694
0.397392,1.8401,0.0102023,3.65802
-0.369686,1.69529,0.228988,3.15697
-0.325781,0.279162,0.258558,0.362651
0.252326,1.00776,0.302628,1.31027
-0.330053,-0.23549,0.011479,0.256766
-0.378202,1.997,0.0585614,4.26254
0.196786,1.77788,0.13887,3.49566
-0.0737887,0.999335,0.29845,1.32726
0.208624,1.14373,-0.325792,1.60512
0.101192,1.67725,-0.417732,3.09523
-0.471862,1.15088,-0.071081,1.58502
0.0590579,1.25721,-0.328941,1.88913
0.123379,0.0195591,-0.0498787,0.311461
0.435095,0.836301,0.0386997,0.977671
-0.284938,0.87505,-0.155452,1.08257
-0.127861,0.190961,-0.190435,0.364137
0.313508,0.768428,-0.244184,0.887778
-0.0650685,0.301623,0.17232,0.433339
-0.213727,1.38815,-0.365486,2.21237
0.350929,1.28019,-0.354178,1.89006
-0.486729,0.676838,0.0421482,0.711887
0.216778,1.86519,-0.0553464,3.80952
-0.259887,1.72943,0.277674,3.29224
-0.0277522,-0.344464,-0.182555,0.255779
-0.277978,0.0837313,-0.185562,0.303737
-0.357255,1.47357,0.141101,2.46462
0.421971,1.94424,0.187646,4.04437
0.159056,0.179989,-0.247306,0.345744
-0.212314,1.49103,-0.447654,2.47645
-0.463298,0.357908,0.0679118,0.392579
-0.0115117,0.436575,-0.310948,0.508541
-0.235663,0.474241,0.0309793,0.564218
0.0732553,1.80695,0.194067,3.59793
-0.314539,1.58959,0.0765139,2.84935
-0.355054,0.930423,-0.0299159,1.17416
0.468762,0.979112,0.138776,1.21453
0.137303,0.496926,-0.0499031,0.60737
0.3843,1.4864,-0.236721,2.47711
0.282649,0.00484897,-0.264624,0.274692
0.23298,-0.244137,0.278433,0.254051
0.247418,1.59685,-0.321256,2.83772
0.109632,1.67161,0.144338,3.14916
-0.105869,1.22397,-0.354271,1.80387
0.0784908,0.305812,-0.308374,0.408138
-0.196135,1.98202,-0.15295,4.23387
-0.21842,1.83983,0.0748653,3.71703
0.138431,0.30061,0.0354935,0.443479
-0.270143,1.71497,-0.379893,3.20528
0.205974,1.57646,0.179492,2.81784
0.0253381,0.588104,0.27876,0.679182
-0.290877,1.70196,-0.244131,3.19669
-0.181884,-0.240842,-0.186919,0.259743
0.0284849,-0.0641055,0.381674,0.265839
0.222241,1.73976,-0.244914,3.33953
-0.015249,0.403926,-0.481493,0.421165
-0.194281,-0.0617158,0.109249,0.285054
-0.283424,1.08346,-0.30722,1.45683
-0.142346,0.601814,0.163606,0.712914
-0.230731,-0.22042,0.253384,0.257654
-0.147985,0.364917,0.398451,0.416607
-0.122619,1.89956,-0.410216,3.87845
0.247192,-0.280288,-0.204138,0.254506
-0.313926,-0.304363,0.136437,0.252319
0.0160657,1.47009,-0.368362,2.46457
-0.0706029,1.07548,-0.354971,1.46443
-0.228029,1.89494,-0.0852567,3.90122
0.436498,1.68588,-0.127655,3.11304
-0.0702251,0.373325,0.080291,0.502749
0.0667795,1.4763,-0.410123,2.46826
-0.434963,-0.0191044,0.182547,0.25504
0.112754,0.602497,0.0840739,0.728792
0.279944,0.720786,-0.188223,0.83679
0.366506,1.27967,-0.144138,1.93475
-0.297069,0.339988,0.281476,0.403316
-0.0535638,0.34258,0.206876,0.456831
-0.266549,-0.0385918,0.189846,0.277351
0.114599,0.362488,-0.463096,0.391111
-0.190518,1.25008,-0.200219,1.90167
0.0321113,0.152276,0.307446,0.331484
-0.204773,-0.207418,0.0743109,0.266143
0.126135,1.50417,-0.138532,2.61638
0.420451,0.924605,0.00796279,1.14424
0.450882,1.70976,-0.131743,3.18749
0.264947,0.878053,-0.0445098,1.10797
0.0187981,1.71611,0.48396,3.19918
-0.319869,1.96828,0.341048,4.13347
-0.346646,1.06258,0.0623176,1.43854
0.195368,1.07012,0.15884,1.48244
0.20721,0.354349,-0.172329,0.457645
0.265594,1.74805,0.403056,3.31285
0.18003,0.741593,-0.104334,0.902384
-0.110571,1.30645,0.38901,1.99926
-0.0617428,0.22883,-0.0859899,0.39542
0.294637,-0.290826,0.0114534,0.255115
-0.226598,1.27297,0.23449,1.94008
-0.00282449,-0.326903,-0.120252,0.258166
0.00614534,1.31916,-0.364276,2.04718
0.370813,1.07469,0.0607051,1.46087
0.312664,0.398025,-0.190919,0.465233
0.0187764,0.876687,-0.354851,1.08527
-0.166179,1.22732,-0.144185,1.85716
-0.213115,0.335234,0.017741,0.450561
0.265296,-0.0736105,-0.0884179,0.277401
0.326036,-0.2416,-0.0179924,0.256506
-0.207879,0.423196,0.206837,0.507148
-0.13171,1.21044,0.258601,1.79562
0.233746,1.80013,0.239488,3.54085
-0.0633039,1.35932,-0.185864,2.18779
0.0576363,0.678418,-0.218212,0.80501
0.0564929,0.678515,0.037992,0.827695
0.074881,0.929172,-0.261374,1.20367
0.165726,0.286319,-0.0713222,0.426541
0.236912,1.3347,0.0401956,2.12242
0.0592451,0.636598,-0.060034,0.769692
0.3602,0.972822,0.288299,1.2119
0.279481,1.46017,0.304576,2.42235
-0.204089,1.58221,-0.0046721,2.84977
-0.270272,-0.312086,0.174892,0.252972
-0.166575,-0.305937,0.0790419,0.258418
-0.361363,1.82228,0.0943885,3.60943
0.270305,-0.219699,0.235136,0.256614
-0.0327878,1.14532,-0.426924,1.59054
-0.0491183,0.0871812,0.107176,0.333689
-0.0806244,1.7984,-0.380643,3.52668
0.353269,0.386011,-0.314666,0.41103
0.144792,0.423487,0.274759,0.503581
-0.215192,1.93055,-0.381205,3.99422
-0.332508,1.22269,0.0244925,1.80572
0.272087,1.24583,-0.183113,1.87292
-0.258747,0.212479,0.355666,0.320202
0.138643,1.72017,-0.425158,3.23321
0.345166,1.24969,0.285767,1.83411
-0.434201,1.91018,-0.172151,3.90927
0.360496,1.88626,-0.0915131,3.84852
-0.0462607,-0.343519,0.344337,0.250488
-0.160648,0.290385,-0.383636,0.36855
0.00624883,1.28925,-0.044625,2.02991
-0.336098,-0.18372,-0.0991159,0.259596
-0.196705,0.926424,-0.117044,1.19878
-0.362176,0.071934,-0.195725,0.281906
0.105745,1.70079,0.182204,3.23951
-0.478039,1.18521,0.0144059,1.66232
0.303607,1.66067,-0.190717,3.06669
-0.484313,1.68681,0.0484726,3.10423
-0.0360572,0.513145,-0.433048,0.541172
-0.416634,0.0502763,-0.238521,0.258479
0.138373,1.27811,-0.247492,1.9658
0.475023,1.77695,-0.126846,3.41031
0.249621,0.492011,-0.26583,0.549035
0.325773,1.87636,-0.198148,3.8092
-0.32058,0.260431,-0.234196,0.357943
0.086924,1.05556,0.296555,1.43519
0.386679,-0.0742803,-0.216323,0.256885
-0.227323,1.2498,0.310689,1.86665
0.0804545,0.413085,0.178018,0.516037
0.021812,1.70357,-0.302017,3.23064
-0.321468,0.882526,-0.207101,1.08309
0.489857,0.988942,-0.0530524,1.23136
0.0342811,0.751169,-0.334156,0.880386
-0.323439,1.15502,-0.187122,1.64022
0.464228,-0.169075,0.0406172,0.250356
0.320166,1.62537,-0.371155,2.89761
0.120334,0.521569,0.168555,0.626559
0.0661547,0.853001,-0.484023,0.983009
0.445894,0.942471,-0.220402,1.13934
0.000536197,1.7972,0.0722496,3.57311
0.333935,0.964022,-0.0746758,1.24246
0.230744,1.12849,-0.34368,1.56108
-0.32364,0.67881,-0.358749,0.719438
-0.065421,1.63604,-0.471396,2.9385
-0.318577,1.68533,-0.03377,3.1618
0.172724,1.66671,0.315166,3.07617
-0.254883,1.78364,-0.308554,3.46906
0.117736,0.347423,0.115005,0.46953
-0.296879,1.05388,0.376449,1.37147
-0.245639,1.96289,0.348049,4.1232
-0.33357,0.790372,-0.214108,0.921099
-0.322521,1.05309,0.271166,1.40073
-0.32217,0.787379,0.162922,0.929469
0.376088,1.18911,-0.243805,1.69317
-0.0434553,1.54834,0.452116,2.6716
0.217138,1.07566,-0.445557,1.4082
-0.0342731,1.86488,-0.322,3.78893
-0.377079,1.41801,0.0943403,2.30852
-0.0677875,0.757924,-0.0428463,0.949831
-0.210793,1.88414,0.0561855,3.87208
0.24874,-0.174011,-0.202392,0.262385
-0.246137,1.39634,0.381111,2.22334
0.181621,1.30517,0.159121,2.05231
0.144918,1.94769,-0.166159,4.101
-0.0964816,0.569892,-0.0138337,0.689428
0.400484,1.61836,-0.102629,2.91122
0.209831,1.92462,0.345764,3.97391
0.340882,1.40982,0.105896,2.29752
-0.0418236,1.7749,-0.376094,3.44058
0.185895,0.998461,-0.125511,1.34743
-0.167941,-0.086273,0.180542,0.279545
-0.418251,1.65516,0.0267279,3.02581
0.161363,1.97037,-0.315257,4.17251
0.224163,0.725477,-0.158323,0.871962
-0.248896,0.236196,0.292171,0.351236
-0.37143,-0.0764993,0.247063,0.257187
0.0582953,0.235772,-0.315959,0.369134
-0.213003,1.91637,-0.0129711,3.9913
0.278152,1.53259,-0.115126,2.67446
0.126118,1.05892,0.4483,1.38712
-0.268889,0.0797924,0.157528,0.307059
-0.359475,0.418943,-0.215063,0.460533
0.0355229,-0.379897,0.031219,0.255914
0.34196,0.730298,-0.356087,0.786524
-0.437102,-0.120995,-0.148931,0.252449
-0.215461,0.112768,0.302985,0.301851
-0.475755,0.208441,0.116591,0.297434
0.113075,1.02911,0.0451914,1.42668
-0.00800872,1.48018,0.0179779,2.56797
-0.394234,1.01218,-0.11479,1.31402
0.0377001,0.942827,0.105747,1.26218
-0.348465,1.87673,0.200403,3.80703
0.352289,1.33938,-0.0899751,2.10737
-0.458355,0.887296,0.0814372,1.05383
0.0973629,1.34097,-0.198859,2.15451
0.0496916,1.27566,0.0886992,2.00062
-0.370726,0.892036,0.308925,1.05425
-0.0188177,-0.456673,-0.0765394,0.251381
0.18366,0.922406,-0.0420869,1.2103
0.279117,1.40122,-0.158276,2.28712
0.356355,1.75274,-0.0171214,3.38786
-0.22237,0.431553,-0.426464,0.443929
0.0818885,1.13007,-0.38795,1.57031
0.179667,0.155807,-0.0544735,0.356518
0.282779,0.903777,0.202154,1.13589
-0.299108,0.890127,-0.183117,1.10408
0.444475,0.882976,0.142047,1.04215
-0.411459,1.93988,0.096381,4.0369
-0.0991926,1.01345,-0.361398,1.33492
0.44202,0.522833,-0.101762,0.545336
-0.240571,-0.352288,-0.155581,0.252425
-0.154485,-0.0708148,0.0335328,0.287175
0.157989,1.63514,-0.0637834,3.02826
-0.335103,0.748114,-0.191137,0.858423
-0.214723,0.646826,0.44199,0.67258
-0.31829,-0.201411,0.240983,0.254078
-0.191257,1.46545,-0.2957,2.45679
0.119664,1.49529,0.0620893,2.5904
-0.123478,-0.10875,-0.0888784,0.281678
-0.195614,0.908096,-0.0804412,1.18082
0.20443,1.05448,0.0369374,1.46822
-0.395164,1.72443,-0.162398,3.25729
-0.223323,1.37728,-0.117671,2.2333
-0.0519037,1.69772,0.107853,3.23782
0.290956,1.90766,-0.0478974,3.94024
0.0606116,1.03322,-0.472314,1.32862
-0.318646,0.360142,0.145133,0.440041
-0.126429,0.975013,-0.198259,1.29343
-0.188371,-0.0093437,-0.18402,0.290527
-0.144467,0.935657,-0.14648,1.23625
0.429041,1.95476,0.0827033,4.09294
0.105893,0.272796,-0.166177,0.413578
-0.0963425,1.36104,0.376089,2.14694
-0.20679,0.42039,-0.212857,0.505917
-0.0749403,0.755372,-0.455808,0.837796
0.349408,1.50746,0.0128245,2.58656
0.0382105,0.443471,-0.00590747,0.560439
-0.308321,1.42654,-0.290541,2.32053
0.103257,1.011,-0.484932,1.2737
-0.208963,0.902454,-0.40097,1.08541
0.0383067,0.263297,-0.475078,0.32966
-0.17638,0.260646,-0.234751,0.389281
0.32445,0.0651113,0.0522568,0.299987
-0.401522,0.424501,0.146117,0.462646
0.318493,-0.228963,0.265993,0.251637
-0.317981,0.567504,0.263876,0.611303
0.0371265,1.46214,0.242641,2.48018
-0.287107,-0.198183,0.119776,0.260892
0.117375,1.51098,0.344172,2.5949
0.190382,0.746623,-0.121281,0.906581
-0.178779,0.13846,0.144052,0.342779
-0.243904,0.212976,-0.0740546,0.369247
0.384616,1.53518,0.0430079,2.65272
-0.201613,1.75623,-0.414155,3.35499
0.231927,1.26037,-0.261818,1.89972
0.383466,1.49588,-0.0692734,2.52322
0.250765,0.227969,-0.0315002,0.377294
-0.301269,0.389727,0.216026,0.453799
0.00423441,0.20756,0.204687,0.378871
0.0503048,1.48597,0.294586,2.53517
-0.181164,0.62542,0.382718,0.675972
-0.0303834,-0.129385,0.288248,0.269874
-0.0318623,-0.364894,-0.0568585,0.255714
-0.255543,1.27988,-0.257722,1.94737
0.0783564,1.09129,-0.270587,1.52194
0.29864,1.73888,0.00381311,3.34968
0.282124,1.85341,0.05518,3.74891
0.267743,1.67968,0.241597,3.12793
0.0334086,1.34708,-8.68477e-05,2.1936
0.235496,0.261729,-0.0737779,0.399501
0.00725644,0.91083,0.209452,1.18258
-0.149746,0.940999,-0.0966817,1.24857
-0.326625,-0.219176,-0.0119501,0.257639
0.188285,0.110419,-0.0633817,0.335255
0.127986,1.85573,0.148842,3.78263
0.394958,1.23832,0.294061,1.78825
0.245388,-0.0518722,-0.0460888,0.286233
0.245549,1.78574,0.422762,3.442
0.346754,0.628564,0.22533,0.680169
-0.112673,1.85587,-0.401619,3.72171
-0.0771385,1.28422,0.475467,1.91059
-0.190388,0.899947,-0.260545,1.12716
-0.0777371,-0.101046,-0.0181859,0.285795
0.0583057,1.61047,-0.208328,2.94698
0.103911,-0.273773,0.327143,0.253677
0.385851,0.31732,-0.303671,0.355428
-0.21519,1.06474,-0.326527,1.43396
0.438342,0.185609,-0.0278182,0.308533
-0.0349469,-0.374576,-0.150429,0.254668
0.119801,1.9299,-0.408893,3.99699
-0.0635038,-0.00548296,0.482471,0.252449
-0.209635,0.884842,0.353494,1.07243
-0.12442,1.0143,-0.188782,1.37228
-0.38395,0.110362,-0.282708,0.270617
0.373518,0.234487,-0.328791,0.305965
-0.271313,0.496898,0.221306,0.557657
-0.442443,0.589813,-0.21601,0.601581
-0.243201,-0.100994,0.260972,0.265967
-0.0222817,0.312727,-0.315101,0.411087
0.141181,1.09369,0.367857,1.49113
-0.242895,-0.309613,0.0985886,0.255919
0.0742409,0.863215,0.228045,1.09678
0.00337138,1.97741,0.0669212,4.2258
-0.0167183,0.412202,0.118912,0.53033
0.0124607,0.666663,0.107758,0.808104
-0.296122,1.03246,-0.054816,1.39668
-0.308714,1.24399,-0.218883,1.84682
0.447892,0.818119,-0.201262,0.924717
0.235956,1.50293,0.188453,2.58311
0.264155,1.61733,0.0197128,2.9468
-0.385836,1.35713,-0.180701,2.12597
0.115518,0.560685,-0.13823,0.666467
0.134063,0.19463,0.391697,0.320505
0.116726,-0.369445,-0.19077,0.253396
-0.0959959,0.690379,-0.304549,0.795913
0.102295,1.19561,-0.426234,1.70289
-0.283646,0.196936,-0.143686,0.350147
0.175089,0.155323,-0.426702,0.288892
-0.15576,-0.151708,-0.201361,0.269248
0.414822,0.284413,0.0901842,0.362133
-0.0782391,1.65112,0.457298,2.99185
0.325187,0.189648,0.028844,0.341605
0.0180349,1.07328,-0.285949,1.48808
0.280443,1.30059,-0.0834675,2.02456
-0.306728,0.420985,-0.190936,0.484609
0.0439846,1.20641,0.387046,1.75335
-0.177153,1.47024,-0.280945,2.48517
0.225427,0.300495,0.394428,0.358776
-0.449034,-0.00848794,-0.181015,0.253126
-0.0272045,-0.254503,-0.158476,0.263148
0.0890923,1.86803,-0.197378,3.81525
0.279333,0.827079,0.341632,0.960062
-0.145366,0.655197,-0.338374,0.734471
0.083649,1.66215,-0.417617,3.04739
-0.306105,0.847908,0.271258,1.01165
0.0168103,-0.314372,-0.360372,0.251094
0.371964,1.08008,-0.312472,1.42462
0.250377,0.305819,0.138995,0.419745
0.0167283,-0.167021,-0.048349,0.275886
-0.236102,0.600639,0.439361,0.611463
-0.01993,0.774552,-0.406926,0.890387
0.0342727,0.97404,0.379694,1.24819
-0.37506,-0.0637396,-0.0386687,0.266931
-0.0709365,0.578919,0.171085,0.687134
-0.324509,1.96271,-0.357734,4.10982
-0.303334,0.221835,0.306103,0.326111
-0.230274,0.762918,-0.107241,0.928796
0.485616,0.666308,-0.0981886,0.696191
-0.027785,1.76733,-0.350713,3.42148
-0.153753,-0.0281047,0.0738633,0.295378
0.364825,1.26947,0.0607436,1.92021
-0.28029,1.80031,-0.278885,3.53577
-0.363744,1.26929,0.0813963,1.9082
0.173979,0.300589,-0.0797641,0.437489
0.17047,1.10071,-0.115828,1.56919
0.126063,1.27156,0.378669,1.9115
-0.450934,0.321552,-0.169773,0.361615
0.0956492,1.89218,-0.446236,3.84802
-0.308195,0.519914,0.0180126,0.59481
-0.394411,1.62928,-0.229056,2.91893
-0.0711487,1.46174,0.162257,2.49056
-0.432626,0.870581,0.153463,1.02575
0.000478097,1.46518,0.23194,2.48667
-0.0797466,0.0611354,0.0113573,0.327565
-0.386544,0.910358,-0.110007,1.12285
-0.00124847,1.61644,0.373192,2.92332
-0.188964,0.718945,0.254581,0.841774
-0.0179141,1.00854,-0.2964,1.34431
-0.00919189,-0.0794075,-0.071431,0.290614
-0.390278,0.164933,0.283712,0.283722
-0.07107,-0.083911,-0.0914434,0.287656
0.104878,-0.0150168,0.39785,0.267531
0.457347,1.39251,-0.0843472,2.20252
0.242283,0.39127,-0.115222,0.482088
-0.239007,1.28737,-0.259915,1.96698
0.165044,1.79074,0.298664,3.51788
-0.00784391,1.2709,0.212949,1.96947
-0.113068,0.304465,0.296209,0.408508
-0.279881,1.7107,0.220116,3.23109
0.272105,1.28196,0.257534,1.93507
-0.460774,1.88734,0.141592,3.81786
-0.139814,0.660914,-0.0588854,0.795791
-0.161499,-0.253954,-0.337556,0.253208
0.0370469,1.51522,-0.322337,2.61454
0.226944,0.787556,0.275399,0.925198
0.204007,0.629298,-0.128979,0.739001
0.271093,-0.0589051,0.215491,0.271191
-0.478079,0.616555,0.0432742,0.639876
-0.12759,1.23935,-0.149398,1.89615
-0.155565,0.418224,0.297175,0.488949
0.30839,1.10668,0.223987,1.52608
-0.0650456,0.0842287,-0.391736,0.288913
0.359784,1.87675,0.203256,3.80051
-0.224946,1.74941,-0.258673,3.37564
-0.0927819,-0.300312,-0.248427,0.256008
-0.249124,-0.000960375,-0.403711,0.255237
-0.0433747,-0.399816,0.229641,0.251965
-0.145161,1.51382,0.159733,2.63391
0.0372863,1.21754,0.227656,1.82936
-0.0238688,-0.320967,-0.339923,0.251708
0.204581,1.12564,0.10318,1.62022
0.334994,0.990564,-0.174931,1.28496
-0.125297,0.412901,0.36194,0.466346
-0.430629,0.810192,0.226273,0.914734
0.206353,0.858741,-0.408728,1.01101
0.400205,1.18541,-0.00599527,1.69734
0.327412,0.791041,-0.191852,0.925463
0.37346,1.11476,0.317399,1.49787
0.180227,-0.0947474,-0.0727785,0.280874
-0.0350108,0.696414,-0.285493,0.8127
0.459646,1.28608,0.0868361,1.91735
-0.42404,1.56237,0.170517,2.71471
-0.212909,1.92902,0.394419,3.99036
0.185395,0.774333,0.142275,0.949142
-0.0633596,0.152597,-0.419475,0.301371
0.0641423,0.302285,0.0404279,0.446193
0.0247769,1.18775,0.471195,1.6747
0.109127,-0.179563,-0.17893,0.268299
0.331922,0.5481,0.00348889,0.613998
-0.318193,1.8046,-0.208858,3.55316
-0.336095,0.154149,0.146831,0.318369
-0.125943,0.16617,-0.398226,0.307219
-0.120609,0.450573,0.097523,0.561721
0.142302,-0.0391784,0.0152622,0.295342
-0.386832,1.52798,-0.263491,2.60196
0.0491622,0.377169,-0.161718,0.491475
0.330451,0.318214,-0.330186,0.367675
0.101384,1.84617,-0.361959,3.69624
-0.26186,1.15849,-0.13429,1.66366
0.0879328,1.21747,0.485974,1.73515
-0.363671,0.984372,0.145529,1.26639
-0.326881,1.60765,-0.0497962,2.89466
-0.0901973,1.19209,-0.366934,1.7302
-0.218843,0.161366,0.261771,0.328873
-0.319096,0.871282,0.333301,1.02814
0.0614789,0.521403,-0.393918,0.565561
0.202201,0.137075,-0.150491,0.337729
-0.360087,1.2573,0.0458149,1.88449
-0.231237,1.80169,-0.161069,3.56581
0.263844,1.31646,-0.239424,2.03933
-0.342338,0.0974501,-0.200279,0.291641
0.35655,1.2946,-0.302089,1.9379
-0.2242,0.615497,-0.276181,0.684555
-0.116933,0.645883,-0.0329253,0.783809
0.283602,1.85826,-0.120788,3.75428
0.0412056,0.821946,-0.0160107,1.04682
-0.299791,1.7672,0.151373,3.43341
-0.215631,1.76171,-0.133047,3.42129
0.0716103,1.9635,-0.237952,4.17053
-0.0762961,0.297683,0.399108,0.375458
0.0603881,-0.00982601,0.428285,0.265086
0.235957,0.163489,0.0653644,0.350388
0.370045,1.04733,0.219986,1.37492
0.0381413,1.70472,-0.35157,3.19944
-0.28059,1.54083,-0.190041,2.69879
-0.091552,1.15063,-0.303238,1.64492
0.331451,0.287829,0.165531,0.384526
0.327399,0.942032,0.0218624,1.21264
0.00514985,0.221341,0.0544878,0.396895
-0.445939,-0.217082,0.034421,0.250132
-0.165707,0.930366,0.112325,1.21604
0.288095,1.79168,-0.378521,3.47266
0.0034611,1.37206,-0.153153,2.25159
0.112492,1.07829,-0.240266,1.50023
-0.321337,1.43488,-0.290778,2.34288
-0.261453,1.44738,0.146617,2.41422
-0.0999575,1.35381,0.132647,2.18363
-0.296582,0.815449,-0.166921,0.981306
-0.155022,1.02519,0.4329,1.31872
0.160926,0.332931,0.341237,0.409167
-0.271441,0.0248031,0.317191,0.272469
-0.191889,0.960296,0.426079,1.18973
0.254803,0.982331,-0.230201,1.28441
0.361911,-0.283424,-0.106781,0.251496
-0.155249,1.9741,-0.240691,4.19208
-0.174204,0.291539,0.0617016,0.42695
0.102679,0.549545,0.305772,0.623782
0.0556641,1.50715,-0.209066,2.62728
0.117633,0.35173,-0.173261,0.463207
0.182009,-0.189533,0.00389849,0.268533
-0.249832,-0.0685017,-0.211641,0.272869
0.0883387,0.737398,0.411788,0.831002
-0.274807,0.890335,-0.100434,1.12334
0.0303353,-0.0885106,0.419706,0.259279
-0.365608,1.14097,-0.00412915,1.60798
-0.243154,0.752995,-0.170893,0.894276
0.0244577,0.159576,0.099458,0.363171
-0.17594,1.5737,-0.239951,2.79438
0.166509,0.605741,0.310987,0.677837
-0.360284,-0.0622541,0.323235,0.251458
0.203223,1.19008,-0.21755,1.74672
0.35442,1.11572,-0.123913,1.55679
-0.371543,1.36244,-0.31657,2.11359
0.260769,1.27278,-0.185782,1.93525
0.0889614,0.232619,-0.303442,0.367345
-0.28387,1.87072,0.332037,3.77434
0.0869652,-0.153155,0.203328,0.272803
-0.0589262,-0.376855,-0.31453,0.250167
0.0441084,0.708477,-0.497305,0.752255
0.0871373,1.67467,0.0317214,3.169
0.161471,0.757141,0.278357,0.893294
0.0891777,0.0755864,-0.0361612,0.333806
0.107545,1.15486,0.182491,1.68309
-0.0632569,-0.359028,-0.123108,0.255791
-0.0537665,0.567023,-0.107644,0.680507
0.165413,1.76261,0.224796,3.42263
0.263393,-0.0529214,-0.288111,0.266566
0.048574,1.08155,0.152587,1.53261
0.286788,1.75558,0.132508,3.39314
0.0648288,-0.109108,0.328666,0.267808
0.0356057,0.214514,0.299747,0.362002
-0.0842307,0.0256868,-0.486837,0.252098
0.261108,1.44387,-0.213723,2.40232
0.417226,0.142701,0.0922782,0.295287
-0.220016,0.0501569,-0.220144,0.297246
-0.224468,0.714911,-0.0973348,0.858264
0.227321,0.986869,-0.268304,1.28885
0.238124,1.8317,0.081335,3.67475
-0.285112,0.379607,0.00619875,0.46978
-0.339891,1.55088,0.228555,2.69093
0.0347647,0.23875,0.352444,0.362309
-0.323719,1.0627,-0.228736,1.42405
0.246164,0.623852,0.430005,0.641947
-0.216667,1.45069,0.0871701,2.45566
0.336324,0.712061,-0.130033,0.811861
0.0360317,1.96638,0.323831,4.15677
-0.258027,1.06989,-0.0522549,1.48204
-0.0462849,1.45923,-0.241894,2.47058
0.0294642,0.105796,0.370681,0.302018
0.232624,-0.115566,-0.0408165,0.276956
0.409265,-0.196877,-0.0903152,0.252953
0.119739,0.444671,-0.0720087,0.556994
-0.0220976,1.83812,0.445806,3.65109
0.124338,1.00165,0.0377544,1.36577
-0.307142,0.428672,-0.107953,0.502056
0.110245,1.25954,-0.420922,1.86662
-0.0836913,0.321448,-0.442886,0.374908
-0.0968721,1.06249,0.0778739,1.49854
-0.322238,1.12413,0.294618,1.53641
0.194576,1.81354,0.0939432,3.6115
0.331711,1.72135,-0.0559825,3.27604
0.310608,1.38795,-0.160092,2.2451
0.211996,0.772927,-0.327443,0.896991
0.362048,0.0351451,-0.184948,0.276821
-0.304901,0.624414,-0.187254,0.698579
0.351669,0.362936,0.320171,0.393278
0.067887,1.42667,-0.48118,2.29444
-0.32662,0.253282,0.0523693,0.37376
0.368295,1.62861,0.0983611,2.95466
0.164539,0.754447,0.177612,0.915156
-0.216854,1.76442,0.108587,3.45341
0.0529538,0.21793,0.303499,0.362512
0.455086,1.89778,-0.0345387,3.86597
0.308372,1.43291,-0.0288319,2.3754
-0.361491,0.995517,-0.0559719,1.29963
-0.238571,0.316593,0.264128,0.406267
-0.418896,1.99742,0.228052,4.24433
0.165911,1.98191,-0.240256,4.22673
-0.16559,-0.304059,0.135853,0.257165
-0.470765,1.43459,-0.0646792,2.31452
-0.0331598,-0.19697,-0.0304535,0.271794
-0.359805,0.471885,-0.215868,0.511333
-0.0715064,-0.103643,-0.0837903,0.284235
-0.444336,0.283132,-0.224446,0.330811
-0.179396,1.00986,0.0406002,1.38067
0.407665,0.0718892,0.0563013,0.280565
0.404663,0.644028,-0.184889,0.689754
0.169895,1.21455,-0.309493,1.78347
-0.151095,0.0191219,0.247954,0.293369
0.278446,0.964982,0.183589,1.24601
0.324963,-0.227613,-0.132434,0.255878
-0.172126,-0.0804869,0.0452385,0.285644
0.165037,1.48944,0.435519,2.48626
0.339182,0.219896,0.0106271,0.356266
-0.0166808,0.960029,0.380399,1.2262
-0.0404387,0.412694,-0.418408,0.454243
0.0900934,0.20876,-0.034075,0.391958
0.246366,0.768719,0.385706,0.863496
-0.0798055,0.466086,-0.127788,0.573617
-0.313575,-0.0975778,0.351583,0.25186
-0.122054,-0.00172318,0.358251,0.274801
-0.0940762,0.355292,-0.291292,0.446223
-0.359758,0.149719,-0.142108,0.310101
-0.246931,0.971675,0.336193,1.2346
-0.338879,1.59702,-0.117912,2.85674
0.342431,1.25966,-0.207442,1.88804
-0.14491,0.185833,0.320838,0.337662
-0.0629058,-0.467844,0.108803,0.250689
-0.0577922,0.791542,0.133706,0.993843
-0.0151189,1.38928,-0.404335,2.22314
0.114746,-0.165152,0.219893,0.268028
-0.215979,0.522465,0.228042,0.595567
-0.00040124,1.62011,-0.219704,2.96576
-0.0250474,0.466976,0.0731919,0.584595
0.11926,1.67203,-0.477014,3.04966
-0.348507,1.56955,0.202118,2.75434
-0.247741,0.77721,-0.0120388,0.939622
-0.433941,1.24744,0.179163,1.82173
-0.398394,0.169976,0.179211,0.304138
-0.184511,1.21198,-0.278832,1.79099
-0.0776621,0.924821,-0.0746866,1.22178
0.429447,-0.0325948,0.0485964,0.261924
0.265988,1.77855,0.140357,3.47839
0.177345,1.73574,-0.359185,3.30159
0.096563,1.43769,0.356702,2.36003
0.188433,-0.237794,-0.165168,0.261949
0.328145,1.1888,0.226754,1.70875
-0.129377,1.75104,0.28152,3.38442
-0.0917986,0.656649,0.189318,0.77488
-0.0583252,1.53546,-0.489809,2.61213
0.12499,1.19931,-0.444873,1.70739
0.30415,-0.370743,0.138167,0.250005
0.132721,-0.243391,-0.182438,0.262192
0.441226,1.57549,0.0321748,2.75653
0.0521313,0.813895,0.389314,0.962431
0.242267,1.37644,-0.00199215,2.23643
-0.102093,1.42476,-0.265291,2.35497
0.122276,0.04823,0.33538,0.289263
-0.168337,1.02189,-0.432461,1.31324
-0.251754,1.41812,-0.298629,2.30303
0.0701925,1.49799,-0.0575292,2.60733
0.35454,1.56205,-0.277102,2.71425
-0.443098,0.0511205,-0.00918776,0.268929
-0.195586,1.48035,0.0971062,2.54374
0.0454748,1.44852,-0.397887,2.38824
0.00965035,0.677196,-0.489004,0.714413
-0.125883,0.908941,0.361387,1.13337
-0.0832706,1.40261,-0.342758,2.27348
-0.120233,0.7202,-0.154574,0.875802
0.0372048,0.890135,-0.0115233,1.15408
-0.16669,1.54119,0.197065,2.72082
-0.323457,1.53975,0.373033,2.62286
-0.314608,1.18985,-0.167084,1.72898
0.353503,1.16562,0.328015,1.61749
-0.351743,1.81418,0.13122,3.58787
0.358247,0.211377,-0.101162,0.341629
0.418096,1.3181,0.0656797,2.02211
-0.304515,0.0930509,-0.265878,0.289629
0.0523815,1.25958,0.257077,1.93362
-0.229071,0.92119,-0.316396,1.15024
-0.449088,0.921544,-0.178755,1.10769
0.200887,-0.0229126,0.202265,0.286766
0.381095,-0.122826,-0.288285,0.250707
-0.287025,1.82276,-0.131617,3.62727
0.322153,0.506812,0.328654,0.524797
-0.3082,1.63477,-0.0514943,2.99391
-0.0649194,-0.177718,0.0978559,0.273374
0.332959,-0.287832,0.223926,0.250225
0.312406,1.58042,-0.116338,2.80832
0.190098,0.941831,-0.251951,1.20906
-0.475046,0.982196,0.0604115,1.2233
0.0246771,0.904966,-0.0570996,1.19557
0.0348175,0.894899,0.29661,1.12898
0.0938301,0.391735,-0.151983,0.503491
0.0620665,1.14141,-0.284705,1.63944
-0.43324,0.350251,-0.179175,0.386968
0.22726,-0.00268119,0.275937,0.278658
-0.0943092,0.923541,-0.0675432,1.21681
0.287594,1.96421,-0.257211,4.1403
-0.129332,0.663529,0.208996,0.783097
-0.437381,-0.200617,0.0612708,0.251309
0.372919,1.52164,-0.00683722,2.61684
-0.31867,0.859506,-0.345926,1.00347
-0.20354,0.035157,0.447851,0.253778
-0.31347,0.452192,-0.123516,0.522372
-0.407787,0.338697,-0.168167,0.391105
0.0312956,-0.368379,-0.152585,0.254657
-0.231759,0.461978,-0.406197,0.478872
-0.180006,1.76964,-0.218763,3.44956
0.119592,1.2099,-0.125101,1.82287
0.123362,1.89158,0.206659,3.90048
0.305964,1.29221,0.352907,1.9354
-0.134023,0.464409,0.117489,0.566196
0.0784654,1.66028,0.326704,3.05666
0.0328825,1.46555,-0.484713,2.40614
0.259929,1.99129,0.0254741,4.26323
-0.435382,1.98533,0.187945,4.19543
0.184603,1.60277,0.125729,2.91469
-0.0526486,1.9212,0.0196069,4.02951
-0.342546,0.39301,0.132398,0.462712
-0.0211025,1.99028,0.42044,4.22171
0.0919774,1.23724,-0.271945,1.86252
0.464529,1.71693,-0.0613511,3.21058
-0.281048,1.50182,-0.287112,2.55236
0.156947,1.2311,-0.425505,1.78611
-0.0650347,1.1646,-0.237484,1.69896
-0.381005,0.857675,-0.100748,1.03474
0.44988,1.44612,0.0118168,2.36423
-0.19272,1.89336,-0.0775273,3.89676
-0.166059,1.27624,0.203791,1.95919
0.342198,1.98262,-0.155584,4.20744
-0.22346,0.54542,-0.0271783,0.646042
0.0952945,0.481369,0.13659,0.588462
0.337814,0.961537,-0.25386,1.21007
0.364964,0.355186,-0.126079,0.422374
-0.00516418,-0.312107,-0.149375,0.259157
0.303648,0.0453893,0.0637426,0.29817
0.0682596,-0.0796575,0.437978,0.257672
0.162203,0.893943,-0.382939,1.0885
-0.188248,0.963002,0.285503,1.24699
-0.197575,1.83916,0.0807344,3.70405
0.252569,1.29042,0.0392655,1.99853
-0.146257,0.555147,0.289135,0.625032
-0.239422,0.535025,0.347015,0.57095
0.13897,0.32502,0.362093,0.400695
-0.416053,0.505484,0.193221,0.522391
-0.121632,0.556168,-0.0703388,0.674847
0.239791,-0.428481,0.0800425,0.250114
-0.219792,0.0550009,-0.0462398,0.312152
0.0269497,0.502748,0.0817097,0.612428
0.31706,1.81656,-0.18676,3.59306
0.280835,0.0128206,-0.2921,0.272207
-0.0399951,0.449605,-0.421063,0.487692
0.117727,1.1038,-0.310752,1.54009
0.242719,1.9558,0.36465,4.08405
0.240945,-0.236677,0.252812,0.255513
0.0471599,1.3026,0.0306243,2.06854
0.25944,0.511287,0.143762,0.589865
0.288882,0.109591,0.406805,0.262295
0.107617,0.327119,0.234728,0.439546
0.0719386,1.46176,-0.3573,2.44202
-0.318042,-0.143339,0.231881,0.25812
0.299529,0.441308,-0.317807,0.471701
-0.351138,0.376586,0.0959665,0.446448
-0.16193,1.91894,0.0843431,3.98879
0.0237856,0.773904,0.0106703,0.974631
-0.123448,0.178567,-0.121588,0.367345
-0.207318,1.5035,0.226627,2.58373
0.0237482,-0.160807,-0.262838,0.267274
-0.378004,0.289747,0.185522,0.367851
0.039842,1.30515,-0.173677,2.05104
0.0399804,1.39085,-0.0689806,2.29958
-0.17754,0.824177,-0.280904,0.999892
0.355567,0.701163,-0.103044,0.798519
0.101816,0.856355,-0.0817982,1.09867
0.0199469,1.17965,0.478963,1.64998
-0.00405732,0.0801312,0.0387867,0.337541
-0.16522,1.57405,-0.468071,2.729
-0.0182919,1.24637,0.179976,1.90952
-0.0732261,1.5736,-0.439071,2.75098
0.490038,1.65665,-0.0981343,2.99462
0.0598262,1.44375,-0.315034,2.40384
0.0234957,0.328519,-0.013904,0.464633
-0.14055,1.13174,0.415721,1.55499
-0.0315034,0.873272,0.222247,1.11852
-0.104791,0.339742,0.09629,0.468333
0.0167949,1.02683,0.335178,1.38534
-0.283533,0.910492,-0.399233,1.08434
0.0133773,0.471924,-0.161399,0.573553
-0.369999,1.73916,0.0638566,3.32218
0.100322,1.27683,-0.178652,1.97854
0.0351646,1.03586,0.284062,1.40289
-0.00204561,1.47021,0.32439,2.48157
0.0451485,1.05866,-0.0675247,1.48763
-0.0408441,0.791351,-0.250636,0.965938
0.0862189,1.65178,0.226659,3.07028
-0.00347481,0.265568,-0.112274,0.421997
0.0155386,1.74302,-0.306322,3.35615
0.0722233,1.08113,0.298357,1.4914
-0.130222,-0.0209407,-0.409884,0.263648
-0.331721,1.20792,-0.174527,1.76658
-0.0125455,0.00704911,-0.048802,0.313146
-0.0660242,0.690799,-0.45678,0.746027
0.20667,1.70593,0.36537,3.1853
-0.373493,1.87005,0.211004,3.76808
0.0476122,-0.311822,0.16612,0.257875
0.351172,0.85026,0.0584526,1.03087
0.0704276,0.188717,-0.364996,0.330417
0.199897,-0.0482244,-0.0264917,0.289115
0.0468106,1.5525,0.484954,2.66378
0.0562052,1.34956,-0.329868,2.14685
-0.0572766,-0.221722,-0.365503,0.25494
0.314785,0.738449,0.257456,0.834216
0.0790434,-0.299794,0.275066,0.255275
0.25793,1.86818,0.245706,3.79821
-0.292157,0.16367,0.311075,0.303346
-0.133614,-0.385589,-0.194937,0.252115
0.044705,1.26102,-0.139173,1.95477
0.216281,1.2029,-0.327219,1.74704
-0.180331,0.0296429,0.142432,0.303238
-0.128096,1.2622,0.324884,1.90219
-0.248813,1.04417,0.21487,1.40634
-0.320633,1.03286,0.156972,1.38201
0.0682157,1.38912,-0.454081,2.20118
-0.234219,1.75477,-0.330502,3.36333
-4.25414e-05,0.231282,0.172075,0.392536
0.131945,-0.285881,-0.354235,0.251783
-0.0512553,0.303489,0.425375,0.372156
-0.269046,0.96931,-0.205472,1.26238
0.271066,1.56118,0.06753,2.7736
0.439566,1.80083,-0.0704522,3.51757
-0.102953,0.896386,-0.173666,1.15171
0.284178,1.24343,-0.113131,1.87054
-0.102211,1.79922,0.268859,3.55272
-0.360995,0.522089,-0.2194,0.557446
-0.429308,1.19823,-0.0691831,1.71634
-0.1055,0.0640707,0.192792,0.316425
-0.254751,0.282438,-0.415379,0.335049
-0.225847,0.607824,0.0664885,0.712888
-0.0485765,1.48556,-0.0627152,2.56747
0.232169,-0.0511109,0.217845,0.276715
-0.258094,0.770894,-0.0180471,0.932734
-0.090762,-0.00169171,0.0499417,0.310676
0.000910945,1.96296,0.108998,4.15749
0.342593,1.33405,-0.283766,2.05671
0.34887,1.45593,-0.330095,2.37644
-0.0644646,1.63005,-0.0828627,3.01884
-0.246501,0.698525,0.286801,0.787309
-0.0839659,1.32324,-0.280441,2.08503
0.191794,1.83121,0.144128,3.6695
0.136052,1.03344,0.258649,1.40226
-0.288543,1.73643,-0.206011,3.31796
0.407582,0.569633,-0.148032,0.603789
0.202667,0.343567,-0.104556,0.459778
-0.165965,0.16145,0.174284,0.348886
0.334006,0.119631,-0.247885,0.293156
0.363186,1.34533,0.155225,2.10933
0.308611,1.89828,-0.0405083,3.91184
0.462996,1.42141,-0.115956,2.27696
0.187265,1.324,0.19581,2.08463
0.28867,1.26375,0.207404,1.90878
0.107682,0.0451468,-0.429734,0.269418
0.468254,0.936413,0.0676643,1.14087
0.198672,0.821738,0.221828,1.00782
-0.440071,0.741377,0.233838,0.800446
-0.101186,1.98837,-0.107082,4.25335
0.169868,-0.10694,-0.435138,0.252152
0.345322,1.22409,0.36093,1.74815
0.203079,1.48212,0.442416,2.45101
-0.152826,1.67813,-0.380579,3.10719
-0.267187,1.38466,-0.0640988,2.25316
-0.224868,0.463957,-0.241606,0.533134
-0.349317,1.0033,-0.0980582,1.30917
0.271205,1.4655,-0.223889,2.4507
0.223647,0.412249,0.163139,0.503652
0.0198238,0.931819,0.252774,1.20911
-0.109233,0.631339,0.379008,0.696432
0.441325,1.04315,0.0914499,1.36758
-0.0363631,-0.0414612,0.0205476,0.301443
-0.342983,1.60027,0.289137,2.82902
0.35922,0.654942,-0.302847,0.694097
-0.186618,-0.243774,0.054671,0.262982
0.0561046,1.03104,0.125491,1.43607
-0.294715,1.15999,-0.16608,1.6638
0.241907,1.36117,-0.0190666,2.19834
0.0503448,1.00738,-0.0620609,1.38561
0.0600821,1.69024,-0.0341923,3.20597
0.132591,0.729113,0.313423,0.847106
0.345659,1.38694,-0.0683814,2.2382
-0.146456,1.89235,-0.162563,3.9094
0.316971,-0.00914811,0.205013,0.273777
0.0295209,1.18393,-0.0443784,1.78073
0.452486,1.02855,0.0194739,1.32817
0.0525447,1.6706,-0.158054,3.14642
-0.163625,1.34474,0.421347,2.08174
0.132534,1.24181,-0.480041,1.79301
-0.347128,0.466241,-0.326445,0.477791
0.137672,1.46898,0.47032,2.41157
0.457096,0.0172314,0.0662812,0.259982
0.368128,0.896727,0.0409317,1.10919
-0.204707,1.33844,-0.0361756,2.14444
-0.24168,0.75846,-0.19275,0.896079
0.139038,1.00695,0.463663,1.27005
-0.155519,1.28461,0.204549,1.99562
-0.108758,1.60665,-0.414683,2.86054
0.0281943,1.59933,0.435655,2.83368
-0.102413,0.231557,-0.40412,0.33656
-0.153426,0.997056,-0.174901,1.33629
0.161677,0.55116,0.257279,0.62972
-0.461698,0.169881,-0.0806445,0.292015
0.456322,0.683715,-0.0796305,0.736029
-0.068278,0.618444,-0.158581,0.739363
-0.280998,0.835751,0.158664,1.01618
0.334072,1.77526,0.0902458,3.45255
0.340484,0.797436,-0.344878,0.892771
0.16561,1.17616,-0.0962526,1.74551
-0.294757,1.89495,0.0208105,3.90834
-0.267598,1.97218,0.0447363,4.19456
-0.42268,1.70088,-0.0414677,3.16603
0.133368,0.308351,-0.478982,0.346172
-0.0971525,0.494275,-0.0110993,0.61182
0.223558,0.255601,0.104231,0.395187
0.0423993,1.04133,-0.293684,1.40771
-0.330387,0.0162722,-0.0305859,0.28684
-0.352734,1.23057,0.33815,1.77055
0.118784,1.55712,0.313508,2.7392
0.42852,1.89187,0.248174,3.83057
-0.159099,0.30852,0.186327,0.43037
-0.363134,1.83031,-0.158436,3.63607
-0.408088,1.24244,-0.00497432,1.83525
-0.0518285,0.788815,0.172892,0.980668
-0.242149,0.948791,-0.119698,1.24175
0.452938,1.50332,0.0105918,2.52883
-0.440004,0.00817973,0.216063,0.252714
-0.0561843,0.696725,0.0850653,0.851482
0.00483405,0.825587,-0.0353896,1.05946
-0.32474,0.910974,0.0859012,1.14699
-0.214407,1.94557,0.0363555,4.09802
-0.151412,-0.183944,0.365667,0.255005
0.243096,0.342164,-0.21836,0.432919
-0.0294659,1.23561,0.482057,1.78524
-0.103412,1.27602,0.327008,1.94383
0.153425,1.71252,-0.153193,3.27571
0.307836,1.23818,-0.154677,1.85107
-0.114471,0.0887559,-0.0307133,0.334643
-0.143409,-0.172332,0.163733,0.269234
0.147137,-0.0243641,-0.360851,0.269903
-0.181679,1.20675,0.260259,1.77703
0.0241464,1.15659,-0.481618,1.59805
0.0257279,1.01062,-0.120552,1.39354
-0.0364628,1.08506,-0.207366,1.52658
0.127361,1.89268,-0.016958,3.90946
0.114098,1.06759,-0.340412,1.45121
-0.210115,0.851431,-0.0613575,1.06643
-0.140619,1.47988,-0.1258,2.53993
-0.180868,1.44507,0.251412,2.41051
0.198742,0.608546,-0.456306,0.62095
0.0396252,1.76128,0.19364,3.43995
-0.172348,1.48558,-0.141953,2.55496
-0.173402,0.363521,-0.0362437,0.479281
0.150745,1.17739,-0.249445,1.71886
0.328386,0.959721,0.272876,1.20386
-0.149033,1.70111,-0.120664,3.24684
-0.185645,1.0379,-0.258182,1.40646
-0.292009,0.489732,-0.126416,0.559673
-0.1509,1.07564,0.0813177,1.51008
-0.041893,0.992305,0.442104,1.26322
0.426691,0.438141,-0.118186,0.467059
-0.334422,0.2807,-0.00587361,0.390771
0.00639152,1.92122,0.112426,4.02736
-0.124909,0.195819,-0.434607,0.307476
-0.135976,-0.250676,-0.403249,0.250402
-0.328441,1.07876,0.292071,1.44154
-0.290889,0.237781,0.243486,0.352475
0.0834532,0.684576,0.407848,0.756641
0.0666447,-0.347426,-0.348212,0.250258
-0.048208,0.937053,-0.003489,1.26112
0.288097,1.53986,-0.308499,2.65689
0.270566,1.66615,-0.0193377,3.11447
-0.125621,0.641636,0.0665323,0.77257
-0.181107,0.577908,0.458001,0.588132
-0.292061,1.83722,0.13004,3.68781
0.0242922,1.83852,0.203751,3.7123
-0.158661,0.31757,0.168711,0.43981
-0.0812809,0.0157872,0.188477,0.304483
-0.425733,0.320322,0.0446769,0.382656
-0.379996,1.16367,0.274247,1.61972
0.177245,0.518777,-0.148552,0.612608
0.109272,0.976323,-0.415686,1.23897
0.0113819,0.682344,-0.409401,0.755884
0.175608,0.0536374,0.342565,0.284155
0.0130984,1.65574,0.0867556,3.10213
0.357696,-0.204383,-0.155208,0.255015
0.0676298,1.85826,-0.169425,3.78906
-0.0609514,1.08448,-0.0963129,1.53854
-0.113834,1.30525,-0.298723,2.03492
-0.22052,1.35218,0.184752,2.16821
-0.00474193,-0.414348,-0.0932002,0.253347
-0.171568,1.94402,-0.448811,4.0353
0.166707,0.924046,0.352887,1.14853
0.0865211,0.246534,-0.28806,0.380271
0.476775,0.883424,0.128316,1.03286
0.0634654,0.98829,-0.379209,1.2748
0.355056,0.735842,0.0826496,0.847556
-0.286567,1.38084,0.0575973,2.23304
0.194142,0.763514,0.237443,0.910297
0.230961,1.38296,-0.248568,2.2269
-0.204448,0.873241,-0.123724,1.11157
-0.218436,1.94241,0.333335,4.0551
0.364915,0.572578,0.0402714,0.63697
-0.273156,1.58644,-0.384119,2.78211
-0.127328,1.41361,-0.429371,2.27124
-0.479448,1.98944,-0.135093,4.20944
-0.10849,0.455398,0.0548656,0.569405
-0.12326,0.819604,0.099014,1.02727
-0.366233,1.81403,0.0731724,3.57911
-0.100843,1.17506,0.305446,1.70024
-0.386487,1.89012,0.215659,3.83873
-0.0343771,0.455492,0.124797,0.571321
-0.472898,1.40137,-0.102829,2.22112
-0.209054,0.849035,-0.234487,1.04639
0.422672,1.41877,-0.0587044,2.29212
0.130127,-0.329351,0.0591365,0.257638
0.165724,1.64549,-0.348266,2.99769
0.415756,0.618779,-0.0945932,0.666127
-0.0993304,0.418538,-0.412256,0.457885
0.0798286,1.39127,-0.332122,2.24709
0.337133,1.96941,-0.334455,4.13984
0.206491,0.980384,-0.0837457,1.30712
-0.283609,1.85065,0.155175,3.72843
-0.384627,1.02579,-0.126781,1.3441
0.3689,0.826551,-0.194446,0.96535
0.0375792,0.502114,0.42319,0.536243
0.0391052,0.820988,-0.369791,0.978694
0.138941,1.90144,-0.256,3.92225
-0.00168094,0.900268,0.222467,1.16098
0.0835279,1.29357,0.131891,2.02841
-0.00545737,0.539854,0.012416,0.660811
-0.182964,1.98238,-0.03264,4.2314
0.215944,0.51828,0.253317,0.591621
0.384954,0.507412,0.0830858,0.551357
-0.134894,0.164194,0.324831,0.324167
0.181415,0.00689424,-0.0485496,0.305414
0.109959,1.87066,0.399767,3.77883
0.345922,1.2539,0.344555,1.82887
-0.350066,1.33413,-0.00661056,2.08998
0.373246,1.60621,-0.0962846,2.87355
-0.0922087,-0.182841,-0.169665,0.269359
0.441411,0.794979,0.217399,0.886417
0.322593,0.11277,-0.139524,0.308632
0.268349,0.495573,-0.151206,0.571579
-0.223743,0.374747,0.127451,0.473074
-0.0737912,1.64996,-0.0113705,3.07978
-0.284059,0.462184,0.25649,0.51444
-0.45574,1.59158,0.139447,2.78872
-0.0642089,1.3708,0.39442,2.17479
-0.00963909,0.622584,-0.215751,0.734059
0.337679,0.0657824,0.042767,0.297434
-0.316076,0.824704,0.114197,0.999661
-0.164466,1.74027,-0.140288,3.35673
-0.17158,0.213831,0.183211,0.371937
0.113496,0.267951,-0.0773369,0.425546
0.223867,-0.210775,0.371927,0.25103
-0.00261633,1.23139,0.397426,1.80746
-0.413276,0.606778,-0.155523,0.646354
0.124339,1.26799,-0.230376,1.94565
-0.0216619,0.864325,-0.426112,1.02784
0.0176327,1.36714,-0.205153,2.23071
-0.333766,0.717373,-0.182938,0.81963
-0.182697,-0.284526,-0.156057,0.257502
-0.19481,-0.0993054,0.227961,0.272865
-0.305238,1.25146,0.286047,1.8538
0.0992938,1.81355,0.382103,3.5874
0.327696,0.359524,-0.0994191,0.439006
0.0125699,0.957902,-0.332287,1.23781
-0.112627,1.17814,0.348774,1.68694
0.332119,0.931861,-0.168632,1.17904
0.156261,-0.284507,0.0636183,0.260358
-0.041054,0.104196,0.116063,0.339092
0.308142,1.22711,-0.345424,1.77137
0.0455289,1.54557,-0.424627,2.66547
-0.102517,1.11546,0.115692,1.61014
-0.0985264,1.164,0.12823,1.7146
0.0409859,0.294951,-0.282059,0.411086
0.429351,1.85735,0.165513,3.72064
0.0540699,0.336324,0.142775,0.464275
-0.0514909,-0.190547,0.393745,0.255182
-0.0442125,1.47076,0.42127,2.45471
-0.251351,-0.0997222,-0.100895,0.275286
0.324343,0.681241,0.307654,0.737481
-0.00960735,0.325891,-0.35676,0.410163
-0.468225,1.11125,0.0796345,1.49497
-0.338544,0.854729,-0.213711,1.02288
0.0103117,-0.0147253,-0.297886,0.286601
-0.392163,0.0495313,-0.145306,0.275157
0.0920356,0.769102,-0.0731528,0.967518
0.215212,0.533976,-0.395526,0.558295
0.322685,1.61918,-0.312598,2.89603
0.273972,1.12592,-0.172773,1.5955
-0.022288,1.9781,0.058249,4.21875
0.167719,1.27058,0.013629,1.97323
-0.408379,-0.0298493,-0.115679,0.263722
0.41267,0.632613,0.0463648,0.688221
-0.305228,1.24823,0.114102,1.87412
-0.132223,0.984908,0.455984,1.23355
0.323644,0.428311,-0.299122,0.45843
-0.273248,1.77557,-0.29358,3.44476
1.84251e-05,0.233893,-0.370584,0.3531
0.0587496,0.429036,0.229866,0.524681
0.132228,1.85873,0.280132,3.75902
-0.391207,0.638071,-0.232449,0.67834
-0.129471,1.01805,-0.166251,1.38873
-0.0497043,-0.0317776,0.17188,0.296753
0.0696592,1.13833,-0.0843466,1.65279
-0.0537084,1.40065,-0.0805428,2.3361
0.010643,1.84702,0.131342,3.75996
0.153738,0.467722,0.160064,0.566985
-0.142561,1.0427,-0.0480214,1.45249
-0.02789,0.218653,-0.0571293,0.396289
0.0243894,0.83294,0.179615,1.05306
-0.409014,0.0918776,0.189934,0.275492
0.215409,1.00055,0.179973,1.33372
-0.151212,0.533536,0.442355,0.54972
0.124169,0.249115,0.315748,0.369889
-0.291241,1.375,-0.347078,2.16454
-0.0260107,-0.196872,0.0474644,0.273193
-0.0846936,1.00655,0.415162,1.30035
-0.224793,-0.158398,-0.0474304,0.269797
0.212625,1.92715,-0.155037,4.01948
-0.328235,1.54013,0.189262,2.67789
0.365265,0.234141,-0.29564,0.318828
-0.07624,0.514811,-0.247672,0.604907
-0.162539,-0.0782693,0.15693,0.282251
-0.302172,-0.0425822,-0.182834,0.272918
-0.314754,0.346109,0.148477,0.428023
-0.169601,1.48771,0.211873,2.55825
0.204205,-0.394934,0.203534,0.250526
-0.258485,0.0650036,0.145095,0.304764
0.0489212,-0.084534,0.455956,0.254975
0.418886,0.817482,0.207478,0.933709
-0.029949,-0.419079,0.27027,0.250128
0.198203,1.83626,-0.436908,3.62847
0.0880568,0.547069,0.456203,0.567403
0.443303,0.45571,0.170637,0.468651
0.355529,0.462817,-0.0519116,0.522855
0.250608,1.49856,0.015295,2.58579
-0.0401211,0.561899,-0.188554,0.672431
0.17021,1.38147,0.324676,2.21476
0.172688,0.825568,0.181104,1.02496
-0.185506,0.927416,0.372756,1.14655
-0.174147,-0.163256,-0.423221,0.251354
0.00950829,1.3297,0.357478,2.07415
-0.167257,1.24584,0.360456,1.84721
-0.313864,1.17997,0.219921,1.69055
0.00900942,1.50654,-0.47225,2.53323
-0.334718,1.32563,0.340849,2.01877
-0.351804,0.0165538,-0.168858,0.276367
0.300826,1.34759,-0.107756,2.14692
-0.20968,1.54207,0.376822,2.66122
-0.245478,1.03722,0.0647246,1.40588
0.354339,-0.143949,-0.313659,0.250738
-0.0855922,0.23301,-0.132569,0.396704
-0.127728,1.56315,0.22684,2.78357
-0.200128,0.616931,-0.351726,0.669948
0.0363211,1.09044,0.0429741,1.56708
0.329159,0.346649,-0.28756,0.398343
0.00968397,1.21546,0.274944,1.81087
-0.0495904,0.731829,0.407619,0.828034
-0.252401,0.957178,-0.281682,1.22339
0.0845478,0.919831,0.0568028,1.21775
-0.351989,1.74613,-0.313371,3.30553
-0.124387,-0.247017,-0.354691,0.253838
0.286289,-0.0581488,-0.109896,0.27611
-0.432697,-0.120848,-0.0826806,0.254546
0.0614812,1.4516,-0.340528,2.41867
0.0905623,1.80104,-0.287685,3.57095
0.170228,1.43389,0.464802,2.30858
0.0590511,1.42848,0.434144,2.31983
-0.245386,0.679874,-0.386324,0.732932
0.170057,0.179208,-0.31,0.332435
-0.374996,1.83507,0.103282,3.65226
-0.161985,1.53402,-0.186393,2.69969
0.287837,1.76061,0.304055,3.37866
-0.174284,0.801566,0.144946,0.988366
-0.21844,1.64027,0.435709,2.94882
-0.369946,0.51275,0.0579056,0.563259
-0.0892845,0.0384479,0.0577526,0.319457
-0.318561,1.11807,-0.263833,1.54137
0.27717,1.65307,0.0129068,3.06248
-0.249933,1.58676,-0.344058,2.80168
0.118432,1.78979,0.286057,3.51282
0.15172,0.680099,-0.28108,0.791622
0.185644,1.509,0.30881,2.59099
-0.225428,0.17963,0.281613,0.329892
-0.30014,1.24285,-0.0641283,1.87295
-0.309906,1.33732,-0.367751,2.04682
-0.480323,1.87196,-0.0584377,3.75993
-0.07841,0.120549,-0.173368,0.341272
-0.361948,0.370528,-0.141767,0.433454
-0.235563,0.768758,0.290899,0.899013
0.0716389,0.174877,-0.218144,0.359373
-0.00718218,1.90054,0.129301,3.93382
0.303018,1.54197,-0.25581,2.673
0.0297266,0.902097,0.0369053,1.18193
0.0624911,0.125771,-0.138959,0.345365
0.14222,-0.411023,-0.102371,0.25257
0.44957,1.52565,-0.0114614,2.60132
0.29069,1.15235,0.342302,1.59752
0.213212,1.72289,-0.407054,3.23413
0.252667,0.0408324,0.0804454,0.302732
-0.0362648,1.61288,-0.207415,2.94083
0.022734,0.385705,-0.176197,0.501517
-0.236789,0.190444,0.177674,0.352301
0.0246319,-0.124744,-0.257128,0.272795
-0.391147,-0.0608393,-0.0948442,0.264103
-0.0988968,1.25318,-0.362174,1.87394
0.461737,0.308237,0.137172,0.353153
0.017233,1.14554,0.267031,1.63984
0.108768,1.49908,-0.0480281,2.59766
0.184643,0.77108,-0.343987,0.887573
0.0780724,1.24223,0.0638936,1.9095
-0.105431,0.0488375,0.36414,0.283734
-0.279436,1.08147,0.25641,1.4695
0.295382,1.08549,-0.000373861,1.50849
0.0922683,0.0845774,0.0152406,0.335836
-0.320941,1.87823,0.190922,3.81839
-0.255033,0.681533,0.0772011,0.803597
-0.255339,1.82573,-0.284632,3.62262
-0.134117,0.203877,0.220583,0.364916
0.0795665,1.1241,-0.1024,1.62222
-0.0445397,0.121477,-0.434784,0.285443
-0.187779,0.708477,0.151546,0.842097
0.0181108,0.537978,-0.449127,0.561398
-0.102259,0.49188,-0.388201,0.535829
0.118731,1.83734,-0.338573,3.65781
-0.255595,-0.0223846,-0.344882,0.263168
0.236389,0.708408,-0.247268,0.819844
-0.283138,1.16964,0.361699,1.63811
0.438752,1.72731,-0.102205,3.24718
0.0517635,1.98682,0.388862,4.22984
0.404978,0.803558,0.2223,0.915446
-0.294822,0.80647,0.14452,0.971403
0.445728,0.479824,-0.168626,0.491009
-0.077987,1.48876,0.210649,2.5581
0.076791,1.86908,0.119922,3.82834
-0.0278133,0.109069,-0.312017,0.314264
-0.185927,1.15617,-0.325324,1.65
0.127236,1.14561,-0.189209,1.66203
-0.191561,1.14418,-0.254082,1.63247
0.373218,-0.227228,0.132035,0.253001
-0.256494,0.0165721,0.398885,0.256691
0.131694,1.72219,-0.0161218,3.30557
0.126183,1.51604,-0.308611,2.61753
0.271834,0.46724,-0.242752,0.524107
-0.0952614,0.533785,0.25778,0.620029
0.285455,1.00689,-0.0827095,1.35114
0.12248,0.597731,0.253126,0.691241
0.0582728,1.96212,-0.476767,4.10683
-0.0903822,1.11184,-0.160213,1.58702
0.0697401,1.65562,-0.0563505,3.09229
0.0669055,-0.0691687,-0.347118,0.269814
0.131874,0.131044,-0.00414457,0.348525
0.375888,1.38466,-0.024801,2.22051
-0.198667,-0.319108,0.0715822,0.25625
0.121373,1.25199,-0.111938,1.92612
-0.0787163,0.0424021,0.437966,0.268107
0.189872,1.36648,0.325728,2.1646
-0.335559,0.262263,-0.232639,0.356533
-0.343773,-0.126603,0.0944947,0.264054
0.194297,0.323025,0.333824,0.400754
-0.424694,0.924407,0.232517,1.11326
0.377207,0.369879,-0.255002,0.408451
0.123364,0.452535,0.0736635,0.559053
0.150578,0.170507,0.205981,0.350855
0.41133,0.012603,-0.0651379,0.269353
-0.121046,0.849609,0.294746,1.04573
-0.0742008,1.28524,-0.367169,1.96019
0.307207,0.0134965,0.197122,0.28143
0.0232536,-0.0786256,-0.0537069,0.291323
-0.270957,0.981855,0.0692977,1.3023
0.343127,1.16151,-0.0887596,1.66531
0.14832,1.53179,-0.0556324,2.7035
0.168042,0.112081,-0.351456,0.29679
0.0151021,1.97887,-0.331129,4.20666
-0.0928327,1.88343,-0.464248,3.80462
-0.025886,0.328586,-0.127783,0.46323
0.180635,-0.417037,-0.167127,0.25049
0.41859,-0.116771,-0.168312,0.253153
-0.261523,1.53172,0.317498,2.63014
-0.04041,1.38265,0.342631,2.226
-0.27703,-0.0449138,-0.288924,0.264968
-0.380085,1.86924,0.185718,3.77349
-0.22363,1.33973,0.129144,2.12769
0.35613,1.77233,0.0654477,3.43567
0.310103,-0.204757,0.125455,0.258924
0.286132,0.882026,0.0554145,1.11861
-0.326719,0.174878,0.242305,0.313691
0.0335987,1.0678,-0.0401435,1.50254
-0.251675,1.8892,0.216196,3.87159
-0.0688772,1.55244,-0.1978,2.76019
-0.132373,0.460392,-0.358808,0.510886
-0.301075,1.05061,0.295581,1.39125
0.0225731,1.08491,-0.19514,1.53727
0.0799689,0.815894,-0.122285,1.02546
0.0951196,1.98911,-0.267372,4.23846
0.0949149,-0.453106,-0.0774743,0.251486
-0.394859,0.906415,-0.176347,1.10144
0.21527,0.686141,0.0799791,0.812882
-0.0972443,0.297964,0.458375,0.352321
-0.0470675,0.283083,-0.1251,0.426985
-0.313815,-0.13913,-0.206104,0.260617
0.0610783,1.74305,-0.0890095,3.38234
-0.112022,0.674336,0.287622,0.78034
0.12332,1.539,-0.228862,2.7064
0.0984749,-0.0830849,0.401244,0.260107
0.318741,1.39107,-0.164518,2.24299
-0.0590552,-0.324851,-0.306241,0.252624
-0.0321422,-0.245165,0.42702,0.25049
-0.447283,1.10108,-0.218463,1.46403
-0.0166504,1.02963,-0.441694,1.33432
-0.180825,1.13647,-0.357931,1.58112
-0.304769,1.94798,0.382393,4.04941
0.383469,0.643707,-0.153564,0.70049
0.413167,0.532089,0.21475,0.546506
0.416282,0.89357,0.0258952,1.08424
0.250528,1.34121,-0.379736,2.06834
0.395898,0.805059,0.0652152,0.943551
0.212842,1.18562,-0.145299,1.74709
-0.137854,0.32271,0.397394,0.387333
0.470344,1.56109,-0.134643,2.69363
0.461388,0.666205,0.102969,0.706831
-0.458042,0.533888,0.153836,0.543342
0.264197,-0.0751022,-0.326434,0.260236
0.121443,1.66,-0.0954924,3.10958
0.131889,1.99201,0.414545,4.23104
-0.268424,0.558018,0.406474,0.567673
-0.352971,0.231441,-0.223476,0.336753
0.085111,1.09245,-0.290829,1.52359
0.381684,1.07573,-0.205918,1.43728
0.135959,1.11982,0.00316554,1.61283
-0.00655508,-0.0168824,0.272444,0.289042
-0.191046,-0.0205552,0.164861,0.288958
-0.0521579,-0.216981,-0.162613,0.266105
0.174295,-0.0964302,0.264324,0.271418
0.135634,0.0923511,-0.11829,0.330023
-0.131085,0.303804,-0.23691,0.419208
-0.0144561,1.71685,0.451639,3.21501
-0.132471,1.01963,0.107377,1.3899
0.217148,0.298211,-0.308825,0.38782
0.0602356,-0.231785,0.357041,0.254999
-0.216544,0.392752,0.0915132,0.494192
0.0638491,-0.0217578,-0.108111,0.301403
0.45364,0.341564,0.0102037,0.388281
-0.411476,0.222423,0.115111,0.327933
0.223606,0.898867,0.306513,1.11598
0.19496,-0.127896,0.2269,0.268566
-0.399855,1.50755,0.191337,2.54805
0.310665,-0.320125,-0.0918118,0.252404
-0.131754,0.478298,-0.110707,0.579549
0.124047,0.852828,0.24276,1.06571
0.0640647,1.24303,0.180483,1.90365
0.097829,0.880002,-0.257747,1.10957
0.181281,-0.0180312,0.243144,0.283618
0.0631202,1.77271,-0.475359,3.39911
-0.0815521,-0.369413,-0.0143698,0.255498
0.275469,0.0120884,0.36634,0.260472
0.307655,1.17774,-0.267729,1.67536
0.158277,0.671239,0.164492,0.797659
-0.0706197,1.04487,-0.324811,1.41406
-0.0183111,0.626911,0.364375,0.700239
0.428366,1.50695,0.0463427,2.5548
-0.343539,0.937518,-0.169772,1.17941
0.0387493,1.60036,0.480576,2.81709
-0.011485,1.61803,-0.313589,2.94817
0.44834,0.770367,-0.11953,0.861796
0.426074,0.315967,-0.180148,0.367589
0.216201,1.31495,-0.436448,1.98588
-0.0571681,1.91636,-0.0611051,3.99613
0.204105,0.134969,0.454559,0.268776
-0.00618627,0.591415,-0.29137,0.678099
0.0135099,1.11711,0.331772,1.5668
0.487142,0.280872,0.0191917,0.334443
0.00825437,1.93266,-0.152605,4.04474
-0.460611,0.866225,-0.119779,1.01095
-0.337965,1.06386,0.205114,1.42436
0.0863568,0.375971,0.140585,0.495411
-0.326184,0.936423,-0.184771,1.18639
0.0376444,1.27805,0.0836104,2.00288
0.0788878,1.14914,-0.240014,1.6508
0.392603,1.36271,0.215959,2.13438
0.434423,0.632211,0.151167,0.667587
-0.162082,1.04569,0.27171,1.42005
-0.0880184,-0.258891,0.30003,0.256213
0.280979,-0.320607,0.178043,0.252158
-0.33484,0.36817,0.33037,0.400129
-0.131476,0.522137,0.0247402,0.633993
-0.245041,1.35221,0.283133,2.13117
0.165065,0.185902,0.379979,0.31642
0.262468,1.89513,-0.348206,3.86206
0.240437,1.03154,0.188915,1.39391
-0.386898,1.51168,0.179831,2.5688
0.118793,-0.362643,0.147154,0.254256
0.265294,0.670119,-0.0669726,0.786128
0.260122,0.549362,-0.25894,0.604178
-0.0103511,1.14405,0.480571,1.5694
-0.0227634,1.6736,0.271828,3.11853
0.17714,0.815992,0.408038,0.943557
-0.308739,1.13026,0.202959,1.58442
-0.0493112,0.0630007,-0.296592,0.302293
-0.413556,0.786216,0.276979,0.868605
0.25579,1.99345,0.412965,4.22957
-0.0312145,0.363836,0.0505269,0.492442
-0.255068,1.98215,0.237743,4.22461
-0.262482,1.9808,0.222981,4.20321
-0.271157,1.38965,0.148329,2.25458
0.375999,1.17182,-0.218557,1.65495
0.410323,1.21357,-0.134601,1.75221
0.111855,0.290358,-0.254005,0.409614
0.412069,-0.155291,-0.0679372,0.255138
0.293217,1.04317,-0.0470449,1.42004
0.0384829,1.6331,0.28313,2.98716
0.454068,-0.14524,0.140106,0.250343
-0.131829,1.89895,0.339844,3.89245
0.445744,1.73627,-0.0936187,3.28553
0.174916,0.711686,-0.237744,0.834758
0.157205,0.351439,-0.230085,0.453658
0.185034,0.377628,-0.354053,0.434206
0.202127,1.13036,0.298381,1.59137
-0.198802,1.0118,0.363725,1.31191
0.476024,1.23534,-0.11505,1.78217
0.0659572,-0.311029,0.212222,0.256617
0.296454,-0.0817999,0.29309,0.260501
0.045823,0.0780288,-0.252778,0.314739
-0.0633071,-0.320576,-0.0369341,0.259184
0.394729,0.593498,0.133138,0.640062
0.266663,0.351491,-0.142711,0.447624
0.0834309,0.498817,0.232195,0.589339
-0.0544233,0.456926,-0.487483,0.463363
0.281194,-0.0525175,0.212482,0.272328
-0.308292,1.7573,0.227923,3.37951
0.454753,1.46437,0.111107,2.4105
0.16277,1.83282,0.394079,3.63361
0.475067,0.901211,0.000796491,1.07605
0.203307,1.66174,0.278656,3.07387
-0.236813,0.757336,-0.370646,0.850491
0.152755,1.98005,0.287757,4.20842
-0.0111511,1.88638,-0.242512,3.86431
0.120366,0.868767,0.189535,1.10089
-0.0780781,0.614763,-0.133263,0.738607
-0.175877,0.0941756,0.153853,0.325088
-0.289307,0.617372,0.268118,0.681301
-0.0182683,1.77487,0.349833,3.46155
0.243339,0.713257,0.258342,0.819663
-0.378787,0.957461,-0.216949,1.19545
0.399411,1.47333,-0.1371,2.45429
0.0459043,1.71575,-0.352387,3.24266
-0.178941,0.803959,-0.104154,0.995427
0.00421808,1.0032,0.137871,1.36599
0.0366696,1.4902,0.0835079,2.57919
0.164278,1.89675,-0.162239,3.91165
0.0187043,-0.0925056,0.484437,0.250648
0.108131,0.562857,0.0391801,0.689191
0.269466,1.88977,0.406993,3.82562
-0.0683099,0.362643,-0.448528,0.401431
0.11688,1.18582,0.412161,1.69302
0.00651462,1.39767,-0.403913,2.24369
-0.234946,-0.428389,0.0116082,0.250706
-0.281604,1.92329,0.309974,3.97918
-0.321753,0.924343,0.197156,1.15754
0.157041,1.2542,0.424593,1.84431
0.393983,1.75992,0.175966,3.37426
0.422936,1.1418,-0.0556181,1.58824
0.0190934,-0.252993,0.00139042,0.265348
0.0741426,0.311197,0.174454,0.438257
-0.147201,1.6677,-0.00824095,3.12284
0.283181,-0.232641,-0.190163,0.256086
-0.0486155,1.37113,0.201347,2.22952
-0.218731,0.626038,-0.178097,0.723419
0.092114,0.418319,-0.219358,0.516473
-0.070904,1.09106,0.0313209,1.5558
0.209959,0.897216,0.132998,1.15263
-0.149457,1.94997,-0.343504,4.0985
0.127083,0.0171575,-0.460699,0.256371
0.0660821,0.415109,0.294965,0.495539
-0.190739,-0.359534,-0.281498,0.25034
0.14715,0.55561,0.359754,0.608997
-0.243856,1.80156,-0.105105,3.56355
-0.0454625,1.10243,0.485297,1.46949
-0.229118,0.682779,0.236024,0.783919
-0.00147029,-0.031235,-0.0722409,0.302055
0.37444,1.28056,0.278581,1.90249
0.434443,1.42059,0.0159152,2.29702
-0.376576,1.20662,-0.3166,1.71076
0.135204,1.34034,-0.00166509,2.16061
0.108419,0.0503937,-0.345991,0.289326
-0.0729742,-0.0693398,-0.332152,0.272207
0.403663,1.39289,0.0422978,2.2285
-0.395755,0.834184,0.104284,0.988591
-0.0438405,1.62749,0.197283,2.99336
-0.0299834,-0.205935,-0.0121917,0.271381
0.400379,0.981911,-0.00824708,1.26094
0.0842313,1.775,-0.174395,3.48832
-0.0754895,0.825429,-0.311347,1.00289
0.193923,1.88511,-0.280556,3.86433
-0.235152,1.62102,-0.364298,2.90006
0.163483,1.17054,0.0971544,1.72716
-0.411576,1.62529,0.213248,2.90935
-0.107689,1.05224,-0.357638,1.40518
-0.270544,1.19722,0.200794,1.75232
0.18581,1.1768,0.220821,1.71646
-0.422273,1.29503,-0.0485571,1.96272
0.0949562,1.80185,-0.156862,3.5834
0.112026,1.92131,0.131035,4.01652
-0.221335,0.143227,-0.0469769,0.34239
-0.0617006,0.190899,-0.0431216,0.379044
0.312145,1.06694,0.259626,1.43327
0.0346283,1.60111,0.0673895,2.91058
-0.0805754,0.235887,0.384328,0.345879
0.268917,1.73912,0.416977,3.27522
-0.140046,0.771724,-0.456777,0.85623
-0.178346,0.294932,-0.301348,0.392558
-0.476127,1.62168,0.089871,2.88772
-0.409374,0.930274,-0.128806,1.14654
0.236669,0.495381,-0.389712,0.514144
-0.0274726,0.682742,0.141689,0.829355
0.0858224,0.650932,-0.438339,0.699266
-0.082038,1.90983,0.370472,3.94393
0.476076,1.60492,0.0221745,2.83556
0.10315,-0.0151759,-0.261706,0.286352
-0.383155,0.0135423,-0.103035,0.274751
-0.149754,0.122444,0.152564,0.338219
0.0123811,1.91868,-0.0633149,4.03154
0.268509,-0.154397,-0.298908,0.256197
0.0523335,1.53242,0.0387143,2.71854
-0.378901,-0.0908183,-0.197934,0.258137
-0.123511,-0.36178,-0.0142052,0.255448
-0.346263,1.07325,-0.0892311,1.46348
0.200088,1.51898,-0.142547,2.6488
-0.169767,1.10023,0.154357,1.5621
0.0245929,1.00533,0.13397,1.37241
0.233287,1.40095,0.345648,2.24885
-0.0338881,0.617288,0.137368,0.747631
0.160525,0.696955,0.409417,0.76456
-0.383914,0.275222,0.300438,0.330982
0.296824,-0.191073,0.325537,0.251446
0.0137465,0.876967,-0.00400176,1.14426
0.229215,1.47104,0.291724,2.46232
0.297278,0.7244,0.295006,0.809663
0.021367,0.952542,0.00981898,1.27053
0.0556738,0.90273,-0.257928,1.15498
-0.220331,0.159653,0.184958,0.338741
0.367151,1.79215,-0.330366,3.46382
0.020098,0.936972,-0.490023,1.13263
0.247166,0.0856447,0.0813769,0.317301
-0.206682,0.634474,0.0229922,0.745213
-0.218678,-0.384822,0.221872,0.250226
0.0675157,0.869121,0.153518,1.11037
0.235032,1.04446,0.3475,1.37573
-0.158534,-0.431642,0.129699,0.251189
-0.120911,0.855549,-0.399392,1.02017
-0.41422,0.944724,0.0114316,1.1798
0.00160835,0.224906,0.210604,0.384342
0.116657,0.463585,-0.0548673,0.580702
-0.179634,0.314977,0.398364,0.375597
-0.409736,1.5802,0.266577,2.75083
-0.291949,1.96317,-0.25089,4.13646
0.00210729,1.43273,0.241533,2.39637
0.260624,0.382248,0.222081,0.458224
0.451663,0.983195,0.161463,1.22662
-0.109224,-0.44169,0.0714812,0.25157
-0.298773,1.38539,-0.0327231,2.24475
-0.301518,1.5146,0.335952,2.55743
-0.0854766,1.64191,0.407004,2.97832
0.0412378,1.40712,0.463844,2.2434
-0.0582229,1.17669,0.0463655,1.7555
-0.018763,0.195725,0.246093,0.36505
0.256532,1.1161,-0.188239,1.56628
0.00882817,1.21537,0.327833,1.7984
0.289103,0.343439,0.269019,0.408873
-0.167486,1.62995,-0.093813,3.00744
0.228056,0.262286,-0.0889027,0.400526
-0.180663,0.0750216,-0.13592,0.319224
-0.125782,0.0678992,-0.072685,0.325638
0.0635344,-0.28144,0.0225291,0.263616
-0.142647,0.805202,0.222124,0.98608
0.321785,0.662523,-0.107449,0.753816
-0.199157,-0.122939,-0.394394,0.255142
0.123282,1.54556,-0.347209,2.69421
0.143068,1.85649,0.323154,3.73942
-0.0813763,0.266741,0.106956,0.417658
-0.271548,1.34304,0.134221,2.13598
-0.358919,0.663057,-0.287203,0.711869
-0.185802,0.698942,-0.119278,0.839135
0.192413,0.947201,-0.351293,1.19144
-0.188449,-0.134084,-0.0342174,0.275417
-0.0953489,-0.442821,0.0721025,0.251542
-0.185143,1.27459,-0.236359,1.95594
0.319439,1.06247,-0.202862,1.42918
-0.394933,-0.0703566,0.00361212,0.263459
-0.134079,1.18588,-0.257637,1.73594
0.313263,1.19294,0.172315,1.7338
0.373813,1.06664,0.0491132,1.44448
-0.30731,1.14844,-0.180101,1.62135
0.181911,0.498416,-0.440501,0.50899
-0.194672,0.910681,0.324614,1.13081
0.0676874,1.20935,-0.198816,1.81055
0.346247,1.25331,0.27859,1.84863
-0.0249987,-0.00870596,-0.460083,0.258781
-0.0859424,1.89051,-0.0655983,3.91146
-0.0343752,1.55546,0.218573,2.77215
-0.122376,0.377296,-0.00215207,0.500142
0.403708,0.604126,0.246144,0.627197
-0.119347,0.47601,0.474762,0.481194
-0.269267,0.969409,5.98686e-05,1.28109
-0.405993,0.520572,-0.270481,0.528603
-0.110604,1.09528,0.0107193,1.57245
0.37543,1.87918,-0.242685,3.79869
0.100993,0.462381,0.345408,0.520373
-0.0470269,0.395674,0.0642823,0.518583
-0.211576,-0.354707,-0.164627,0.252576
-0.11886,1.42399,-0.00341482,2.38473
0.142953,0.279606,0.157016,0.415065
-0.0751414,0.618888,0.231376,0.723117
-0.293435,-0.323564,0.238044,0.250068
0.0173279,-0.328554,0.0765435,0.258826
0.286947,0.273975,0.0951422,0.392773
-0.0490816,1.54603,0.439817,2.66951
0.425886,1.23674,0.128693,1.81386
-0.394006,0.50051,-0.0489179,0.542687
0.154673,1.10282,0.279357,1.54618
-0.00147931,1.7851,0.473735,3.43918
-0.197801,-0.306236,-0.230605,0.254193
0.456798,0.0667366,-0.123483,0.263662
-0.364392,1.77065,-0.0616535,3.44179
0.112415,1.80975,-0.228874,3.60255
0.428082,0.607951,0.23118,0.624848
-0.0387828,1.25808,0.0236604,1.95619
0.220813,1.72582,0.329772,3.26667
-0.289585,1.31126,-0.138169,2.04144
-0.228531,0.266942,0.261372,0.377241
-0.106859,1.07897,0.206102,1.51253
-0.401976,0.384184,0.295332,0.398297
-0.166966,-0.0204648,-0.399357,0.263244
-0.0486851,1.70113,-0.0267753,3.24257
-0.416466,1.87844,-0.0221987,3.80351
0.00819534,1.27844,-0.155325,1.99545
-0.342562,1.56976,0.0319866,2.77108
-0.144602,1.56316,-0.123236,2.7998
-0.290965,-0.311318,0.0434434,0.253807
-0.367707,1.34413,0.181852,2.09403
0.160929,1.60242,-0.185635,2.91621
0.193159,-0.33438,0.241214,0.252245
-0.331857,1.08911,0.370757,1.43736
0.25518,0.183747,0.2616,0.329335
0.289064,-0.351006,-0.0127705,0.252577
-0.035665,0.0815799,-0.234494,0.320455
-0.131548,0.54926,0.328454,0.613065
-0.0908222,0.177685,0.0146857,0.374164
0.240926,0.9398,0.158017,1.21081
-0.0202162,1.83542,0.308303,3.68179
0.096367,1.08211,-0.0746449,1.53718
0.155547,1.90279,-0.401459,3.89133
0.305433,-0.148809,0.0802666,0.263625
-0.258843,-0.424556,0.0321806,0.249991
0.12635,0.170862,-0.438043,0.295544
0.0673092,0.968122,-0.269664,1.27112
0.297807,0.337372,0.100772,0.434242
0.135783,-0.386347,-0.0110431,0.254244
-0.411469,0.219561,-0.112822,0.326921
-0.364525,-0.249946,-0.137697,0.252378
0.0783961,1.33005,0.00971608,2.14457
-0.417595,0.144442,0.140787,0.292211
0.388509,1.47182,-0.237944,2.43693
-0.241115,1.88465,0.242695,3.85123
-0.32853,1.95303,-0.0696312,4.10997
0.340918,-0.0207307,-0.0234395,0.27924
0.317204,1.03381,0.127904,1.38016
-0.226625,1.3089,0.247711,2.029
-0.334648,0.78894,-0.109648,0.936891
0.416469,1.9505,-0.118291,4.07261
0.114883,1.0046,-0.128804,1.37386
0.466089,1.93737,0.0672184,4.01079
0.0145659,0.112343,-0.098922,0.346118
-0.433612,1.7002,0.0903477,3.16133
-0.255595,0.7996,-0.0679013,0.973421
-0.0934545,0.941421,0.295522,1.20683
0.0135603,1.93901,0.116814,4.07245
-0.148159,1.65775,-0.469225,3.00351
-0.216937,-0.120182,0.229037,0.267707
0.0923811,0.921941,0.189634,1.21134
-0.314873,1.69071,-0.047411,3.18542
-0.116993,0.641864,0.0819755,0.777517
-0.493766,1.01542,-0.034521,1.28259
0.248442,0.566396,0.271111,0.629041
-0.100437,0.744179,-0.212022,0.897846
0.0375364,1.35803,0.242637,2.18149
-0.076673,-0.167251,0.169726,0.271618
0.400708,0.655855,-0.135633,0.715024
-0.299844,-0.23871,0.29769,0.250891
-0.091883,1.73313,0.308152,3.31729
-0.420224,1.2413,0.137899,1.81734
0.0552652,0.107932,0.0991217,0.344085
0.00945536,0.855111,-0.46794,0.995629
-0.0515061,-0.200502,-0.175767,0.267581
0.421094,1.42392,0.190934,2.29218
0.0227875,0.998343,-0.387423,1.29647
-0.121208,0.545355,-0.426541,0.573287
0.338925,0.00102683,0.180275,0.273946
0.318163,1.2879,-0.0588654,1.98126
-0.363556,0.692914,-0.219003,0.762954
-0.0617623,-0.460441,0.0360626,0.251266
-0.179569,1.93253,0.0554545,4.04106
0.347548,1.80136,0.310877,3.51309
0.477442,1.88504,0.144051,3.8047
0.11143,0.139154,0.228977,0.335736
0.00734821,1.34341,0.0627264,2.16875
-0.356514,1.2318,0.0203534,1.82877
-0.195657,1.16467,-0.0113089,1.72777
-0.113654,1.05097,0.0721489,1.4681
0.0312337,0.875051,0.223074,1.12052
-0.0429656,0.510757,0.0346065,0.629056
-0.271557,1.84313,0.223525,3.69815
-0.276416,1.81945,0.0608326,3.62596
0.362787,0.22819,-0.209259,0.335094
-0.280923,1.8175,-0.286631,3.59612
0.381035,0.522916,-0.109349,0.571369
0.35141,0.712457,-0.241659,0.791734
-0.0313316,1.40491,0.260355,2.30271
0.320667,-0.0737764,0.147317,0.269553
-0.0955407,0.352362,0.227745,0.4588
0.291662,1.99427,-0.249813,4.25835
0.00657384,1.21812,-0.42889,1.76508
0.128145,0.838941,0.228317,1.04884
-0.0260386,1.7175,0.189379,3.30229
-0.121719,-0.162517,0.0708588,0.275098
-0.0937916,-0.017587,0.217052,0.293625
-0.229986,1.73738,0.30921,3.30937
-0.0470841,1.46076,-0.171271,2.49572
-0.142144,0.00878526,0.362161,0.275429
0.0843067,1.74953,0.162983,3.40498
0.421721,0.0550389,0.0668531,0.274039
-0.256696,0.569572,0.0331138,0.662947
0.230941,-0.424941,0.0258512,0.250778
-0.181267,1.72294,0.417088,3.2335
-0.00189876,1.80446,-0.1315,3.59667
0.0489517,1.26381,0.444298,1.87208
0.486312,0.0199721,-0.0288711,0.25438
-0.29147,1.6473,0.340484,2.98216
-0.455939,1.95047,0.00568489,4.06813
0.0210149,0.460987,0.110387,0.569281
0.116756,0.275831,0.0139766,0.430262
-0.440868,0.736683,-0.0821105,0.816827
-0.165468,-0.288603,-0.108019,0.26032
0.191579,0.0202513,-0.331253,0.278947
-0.121038,0.816064,0.00240622,1.02706
-0.22293,1.76365,0.416861,3.36977
-0.368188,1.51924,0.127273,2.60795
0.199997,0.391353,0.334165,0.450083
0.0306975,0.966779,-0.0715587,1.30724
0.418447,0.958773,0.199068,1.18916
0.210841,1.5792,-0.018014,2.84288
0.161035,0.975049,-0.407169,1.23107
0.174259,-0.07256,0.0861004,0.285919
0.457384,1.726,0.0102287,3.24679
0.209859,1.28447,-0.353684,1.9353
-0.415438,1.28603,-0.175801,1.92605
0.289177,0.354515,-0.139775,0.443748
0.181983,-0.236825,0.0706318,0.263295
0.0225826,0.725418,0.230053,0.877862
0.0734284,-0.0235318,0.280112,0.284796
0.0934137,1.25958,-0.0910706,1.93965
-0.148784,0.310539,-0.253987,0.416635
0.16679,1.45245,0.4567,2.36694
0.0543019,1.42145,-0.226398,2.36075
-0.385588,0.319223,-0.0687893,0.395965
-0.163623,0.642774,-0.0644636,0.764088
-0.188085,0.0242136,0.141133,0.300802
0.311297,0.260879,0.247729,0.358162
-0.115468,-0.259521,0.207919,0.259222
0.478769,0.881623,0.107251,1.03126
-0.056956,0.765246,-0.273627,0.919337
0.0990419,0.888347,-0.124914,1.14882
-0.0674167,0.986718,0.327906,1.29275
-0.112393,1.89734,-0.227672,3.9058
0.405119,1.88342,-0.0583089,3.83276
0.223602,-0.152226,0.120848,0.268592
-0.244084,1.79995,0.062192,3.56532
-0.257403,0.63463,0.427784,0.653174
-0.278657,0.98689,0.0901764,1.308
-0.100604,0.730815,0.031252,0.900986
-0.0802317,0.694117,-0.0445804,0.855728
0.350477,1.18689,0.245673,1.68889
0.307635,0.499879,-0.205052,0.553706
0.210501,-0.147349,0.147002,0.269835
-0.130166,0.940545,0.107657,1.24613
-0.234998,0.602404,-0.0487248,0.704188
-0.169417,0.016439,0.000736128,0.306925
0.232513,1.29168,-0.423143,1.92557
-0.0793846,-0.374656,-0.265338,0.251529
-0.377822,0.536912,-0.273827,0.552477
-0.23834,-0.0502151,-0.326732,0.264912
0.157891,1.07722,-0.36793,1.45637
0.0786869,0.814919,-0.442189,0.936605
0.20125,0.820421,0.383893,0.957046
0.409855,0.152991,0.226831,0.285564
0.206475,1.59227,0.120717,2.86643
0.0790292,0.427537,0.280817,0.507711
-0.115301,1.02309,-0.183739,1.39313
-0.460607,1.7346,0.0934963,3.27463
0.153337,0.538762,-0.0203553,0.645606
0.182567,1.9496,-0.360341,4.08093
0.0810404,1.03008,0.241181,1.3984
0.0718858,0.881398,-0.128786,1.14205
0.350562,0.682641,0.0415962,0.779345
0.254504,1.09512,-0.113715,1.54021
0.126192,0.399239,0.464732,0.417527
-0.18391,1.4845,-0.433363,2.46507
0.00672069,1.85618,0.176876,3.77231
-0.312441,0.553907,-0.0236399,0.629161
-0.213332,0.195859,0.251618,0.346984
0.283806,0.284369,-0.390052,0.338847
0.152134,0.261517,0.205052,0.40024
0.275682,1.939,0.260468,4.04624
0.352337,1.27996,-0.291307,1.90481
0.344734,1.312,0.290055,1.99334
-0.0150855,0.643472,-0.0896237,0.777983
-0.151614,0.709686,0.0492738,0.869258
-0.331799,0.408076,-0.0468544,0.480574
0.0719843,1.03713,0.346457,1.3932
0.188146,1.03137,-0.0457046,1.41647
0.00846644,1.44395,-0.450657,2.35592
0.235635,-0.138123,0.31807,0.25773
0.191975,-0.210671,-0.136776,0.264498
0.0941991,0.461656,0.284136,0.536139
-0.411279,1.86525,-0.139196,3.749
-0.315995,0.127112,-0.288888,0.293227
0.167338,1.59546,-0.154141,2.88755
0.197303,0.687224,-0.176781,0.806319
0.201457,0.758243,-0.452852,0.826934
0.40852,1.87825,0.262712,3.78188
-0.419423,0.809494,0.0916145,0.931477
-0.208319,1.54383,0.352314,2.67192
-0.296777,0.188365,-0.311051,0.311701
-0.15481,1.67522,-0.234376,3.13174
-0.148466,1.42825,-0.0125853,2.39218
-0.217596,1.02226,-0.0949565,1.39293
-0.263211,0.465083,0.307135,0.507328
0.125101,-0.233594,0.04713,0.266268
0.200044,0.07985,0.10233,0.320169
0.287521,0.848747,0.0112483,1.05516
-0.332576,1.26984,-0.131964,1.92036
0.0892923,-0.08648,0.117149,0.286164
-0.118377,1.48703,0.113208,2.57113
-0.134465,0.145639,0.342747,0.315396
-0.42945,0.435363,0.163691,0.45775
0.100477,-0.310839,-0.00698567,0.259966
-0.0284472,0.846686,-0.419269,1.00279
0.366793,1.80211,-0.291916,3.50924
-0.465074,1.64545,-0.183128,2.95765
0.0676533,0.00894941,0.394858,0.273923
-0.298983,0.492288,0.306884,0.523174
0.278761,0.774809,0.357381,0.873767
0.255092,1.55638,0.0638084,2.76613
-0.131117,0.806482,0.251099,0.980242
-0.267772,-0.199943,0.218115,0.257742
0.387897,0.648342,-0.0329842,0.71845
0.0321991,1.01046,-0.30712,1.3461
0.0350983,1.29319,0.211936,2.02402
0.0496088,0.410086,0.285317,0.490481
0.131671,1.84258,0.0477988,3.7349
0.15792,1.88658,-0.43448,3.8266
-0.0763563,-0.36594,-0.00688746,0.256629
0.31412,1.36353,0.339502,2.12629
-0.382414,1.23201,-0.0115575,1.81869
0.255387,0.895995,0.0844927,1.14382
0.0300565,1.70917,-0.133003,3.26733
-0.0501025,1.44944,0.443692,2.37149
-0.00851667,-0.10899,-0.0707268,0.284524
0.245095,1.73455,0.419806,3.26191
0.422336,1.52512,0.21519,2.58937
-0.444417,1.2618,0.195958,1.84927
-0.00468602,1.39858,0.391655,2.25218
-0.0668085,1.29294,0.136417,2.03222
-0.0509273,-0.148384,0.133419,0.275873
0.208289,0.00525539,-0.00169164,0.301819
0.236087,1.75989,-0.39337,3.35901
-0.101396,0.742196,0.199978,0.892455
0.0627769,1.50512,-0.0627089,2.63789
-0.353673,0.472584,-0.324829,0.483382
-0.312596,-0.289005,0.204221,0.252058
-0.412811,0.995247,-0.229537,1.253
0.0386359,0.634059,-0.276173,0.735969
0.282117,1.16709,0.406233,1.61706
-0.367169,0.73007,0.139106,0.830989
-0.0487687,0.100589,0.429747,0.282978
-0.240372,0.0902278,0.292265,0.294649
-0.040814,0.472912,-0.319796,0.539405
0.362646,1.51531,-0.0893027,2.59126
0.0880439,1.41331,-0.212608,2.33398
-0.294647,0.528155,0.31117,0.561693
0.448141,0.0830851,-0.068265,0.273108
0.453755,0.132715,0.147385,0.27639
0.273804,-0.0539031,0.145202,0.277856
0.363138,0.922261,-0.21735,1.13725
-0.178999,1.11325,-0.457804,1.4943
-0.160034,1.04783,0.40445,1.37911
0.159389,0.319996,-0.358903,0.397078
-0.167516,1.49466,-0.195965,2.56619
0.247576,1.70915,0.183766,3.22974
-0.230772,1.02334,0.293762,1.35691
-0.225913,1.17001,-0.312659,1.67154
0.448426,1.66995,-0.149693,3.05016
-0.183106,0.450762,-0.0244543,0.557098
-0.171913,1.80496,0.262716,3.56312
0.228078,0.484129,-0.0436321,0.575349
-0.104649,-0.0550512,0.299671,0.278181
0.0454624,0.683628,-0.466323,0.733583
0.0392192,-0.274757,0.390213,0.251145
0.0309901,1.53844,0.327033,2.67867
-0.078261,0.0997464,-0.437009,0.279049
0.0108174,-0.267562,-0.189175,0.261668
-0.0122304,1.18722,-0.176506,1.76031
0.164328,0.614683,0.0640207,0.73894
0.114525,0.0533926,-0.301586,0.298578
-0.141737,1.96034,-0.392838,4.11201
-0.198329,0.302157,-0.135491,0.424097
0.191997,1.43525,0.19728,2.39351
0.190751,1.50735,0.180254,2.59597
0.0908143,0.31448,0.153267,0.442481
-0.293046,1.69238,0.142263,3.17175
0.471619,0.968516,0.00564168,1.1973
0.324943,0.533579,0.0551363,0.599931
-0.0622008,1.31628,0.394811,2.0226
-0.0871821,0.715044,0.0570259,0.879078
0.0144569,0.198155,-0.452145,0.308326
0.156303,1.40424,0.281764,2.29117
-0.00330917,-0.271056,-0.0398581,0.264488
0.432119,1.99696,0.128138,4.25129
-0.319548,1.61535,-0.191893,2.90908
-0.43267,1.84417,-0.154433,3.66352
-0.413637,0.854098,0.106167,1.01443
-0.280397,0.301909,-0.32927,0.367303
-0.392715,1.64807,0.00888475,3.0104
0.257356,1.56861,-0.285726,2.7528
-0.158715,0.957539,-0.160359,1.26747
-0.28549,1.76568,-0.192727,3.42683
-0.276032,1.73763,0.0375783,3.35775
-0.164001,1.53127,0.468317,2.59464
0.0508063,1.56067,-0.181629,2.78093
-0.322178,-0.244997,0.197306,0.253659
0.242226,0.392362,-0.0890714,0.489704
0.227157,-0.136031,0.0393416,0.274545
0.0480915,0.0822376,0.00424154,0.335342
-0.303563,1.83523,-0.204781,3.66854
-0.0756395,1.4831,0.0499737,2.56242
-0.0543052,0.996787,0.0693957,1.36707
0.18569,1.33598,0.440586,2.04354
0.155652,0.446976,0.259291,0.526291
0.368261,1.18198,0.166951,1.68795
0.099233,1.28762,0.339724,1.97025
0.153404,1.70006,-0.077906,3.23009
-0.242952,1.29553,0.259636,1.99156
0.0520657,1.15828,-0.149618,1.69596
-0.115512,0.017914,-0.306246,0.289317
0.0507392,1.86696,-0.0710534,3.82614
0.449916,0.731502,0.0405999,0.807821
-0.380158,1.12965,0.283604,1.54017
0.150383,0.761407,-0.139019,0.934528
0.422169,1.47195,0.102472,2.44587
-0.0385634,1.42204,-0.430706,2.2966
-0.131242,0.710102,0.159715,0.859759
0.0343708,-0.403916,-0.0647624,0.253768
-0.419869,0.69141,-0.253163,0.732508
-0.265486,-0.0337156,-0.341899,0.262055
-0.446701,1.25036,-0.129798,1.82794
0.271356,1.47247,-0.385868,2.42843
0.410091,1.69949,-0.141048,3.1722
-0.216059,-0.362644,0.0447366,0.253592
-0.0473328,1.81054,0.0343385,3.62471
0.176315,1.23646,-0.189982,1.86173
0.300781,1.35138,-0.0342023,2.15889
-0.0228416,-0.109552,0.188122,0.280496
-0.478538,1.9571,0.0332319,4.08832
0.338049,1.44379,-0.146601,2.38984
0.128667,1.04045,-0.0662427,1.44602
0.212997,0.475545,-0.209477,0.556922
-0.07562,0.40169,-0.352454,0.470527
0.321102,0.643704,-0.194152,0.717759
-0.00499519,0.0549957,0.100679,0.323689
0.204383,0.44217,-0.311364,0.497371
-0.490415,1.74799,-0.0714108,3.30762
0.458455,0.267787,0.122165,0.332876
0.328824,-0.0710527,0.103173,0.27205
-0.0354237,0.156085,-0.194603,0.35661
-0.0860506,0.710586,0.316949,0.820249
0.233431,0.00396373,0.406336,0.256888
0.131663,0.577224,0.390288,0.623725
-0.235494,1.02715,-0.061631,1.40074
-0.230505,1.70883,0.42565,3.17969
-0.29589,0.0951507,-0.236598,0.29655
0.406449,1.2422,0.197007,1.81308
0.100584,0.510997,0.205528,0.606732
-0.128891,1.82078,-0.085198,3.6461
0.281405,1.21112,0.1645,1.79045
-0.430325,1.10386,0.199086,1.47936
0.390506,0.0515692,0.226252,0.267233
-0.281638,1.57345,0.0942099,2.79148
0.0348284,1.72732,0.158992,3.32581
-0.00189234,-0.103107,0.403405,0.259346
0.0824206,1.66012,-0.238111,3.09565
0.0318286,1.79685,0.135186,3.56061
0.21613,-0.139423,-0.0217997,0.274435
-0.260359,0.25191,-0.10791,0.385444
0.427207,0.133801,-0.0577873,0.293072
-0.0270155,0.877676,0.0176169,1.14493
-0.353468,0.0582066,-0.19559,0.280603
-0.357112,-0.0427063,-0.0237106,0.272922
0.270607,0.00681566,0.262637,0.277043
0.217883,-0.26317,0.00579525,0.260298
0.238833,0.694427,0.126325,0.818608
-0.193337,1.17563,0.198654,1.71989
0.382492,0.912943,0.170183,1.12429
0.442901,1.09697,0.012688,1.47488
0.0944165,-0.29896,-0.340169,0.252182
0.143433,0.747257,-0.318953,0.868872
0.283742,1.51796,0.261132,2.59426
0.109693,-0.0414108,0.442996,0.256674
0.139789,0.446217,-0.281674,0.523052
0.243691,1.15915,0.0156678,1.68999
0.20328,0.982606,-0.259998,1.29124
0.464191,0.103567,0.128357,0.26755
0.306633,-0.235802,-0.0250791,0.257556
0.345106,0.833195,0.166362,0.992181
-0.076302,0.952911,-0.120385,1.26642
0.036199,0.04591,0.0135868,0.323945
0.267541,1.6612,-0.0120967,3.08021
-0.421306,1.3682,-0.191875,2.14066
0.161393,0.687965,-0.427889,0.743427
-0.121015,0.0506933,0.0714129,0.320199
-0.110022,0.734396,0.145354,0.893605
0.464186,1.24095,-0.174493,1.79144
0.105714,1.85877,0.0364149,3.77898
-0.250459,1.49287,0.303156,2.52344
0.289059,1.1773,0.372171,1.64905
-0.321477,-0.237791,0.222535,0.252818
-0.370846,1.48027,0.296302,2.45124
0.00739584,0.20011,-0.294333,0.354828
0.265691,0.859928,0.409738,0.995065
-0.310728,0.226291,0.378257,0.305623
-0.307855,0.153208,-0.213384,0.315073
0.123577,0.0764013,-0.34608,0.293419
-0.178738,0.590242,-0.255705,0.674212
-0.0278698,0.326907,0.120157,0.463189
-0.00960978,0.884825,-0.192324,1.12819
0.14924,1.39753,0.389173,2.23523
0.125964,0.66539,-0.0980028,0.801169
-0.07268,0.357608,-0.124556,0.479818
-0.0927086,0.569577,0.33218,0.640414
0.00398675,-0.349327,-0.28667,0.252691
-0.112092,0.716763,-0.21605,0.855974
0.234052,0.772595,-0.348764,0.883356
-0.0871569,1.75421,-0.13102,3.42781
-0.466283,-0.0540075,0.101415,0.253161
-0.043772,-0.314021,0.0474888,0.261282
-0.286067,0.81393,-0.316632,0.944515
0.36617,0.699477,0.0404197,0.794492
0.158935,1.85689,0.0162987,3.78897
0.19645,0.149517,-0.0383817,0.352493
-0.438574,1.78185,-0.0425783,3.44799
-0.202295,1.33284,-0.00841638,2.1245
0.26461,0.336351,-0.332314,0.396065
-0.129158,1.51262,0.0683702,2.63867
-0.460767,0.592921,0.125638,0.613393
0.0640442,0.230497,0.376948,0.350038
-0.151779,1.82691,-0.0952786,3.66582
-0.0657991,0.416221,0.238975,0.509836
0.240703,0.188731,-0.0539276,0.362601
-0.169298,-0.0417915,-0.348557,0.268233
-0.432516,1.7816,0.228496,3.42879
-0.413641,1.19915,-0.204773,1.70839
0.138473,1.8175,-0.473468,3.55593
-0.0528682,-0.202878,-0.222565,0.265133
0.311581,1.60582,0.124181,2.89715
0.320241,0.371527,-0.258271,0.424687
0.201503,-0.232343,0.0671882,0.263308
0.0525121,0.596268,0.00965896,0.72503
0.0876772,1.55241,0.282413,2.73358
-0.332268,0.552511,0.123018,0.617663
-0.202462,1.48277,-0.412367,2.47302
-0.467282,1.88415,0.136321,3.8081
0.0635086,0.479002,0.388425,0.526782
-0.0954905,1.11562,0.417883,1.52147
-0.0934125,0.173095,0.468226,0.287475
0.25359,0.948704,-0.150225,1.23217
-0.0897928,0.336223,-0.472425,0.371302
0.0886203,-0.264625,0.0356883,0.264353
0.195764,-0.352307,-0.278187,0.250536
-0.0307934,-0.109569,-0.0685278,0.28499
0.291458,-0.191258,0.205453,0.258556
0.344295,1.70494,0.226462,3.18994
0.161467,1.32167,0.242561,2.07594
0.0370351,1.22236,0.0254732,1.87124
-0.271246,0.0338359,-0.000136433,0.301601
0.0796099,0.108535,0.403304,0.291471
0.0184414,1.7012,-0.0162844,3.2655
-0.255972,-0.224498,0.257093,0.255498
-0.381507,1.14152,-0.213462,1.5849
-0.314401,0.917709,-0.0438505,1.167
-0.274162,0.374044,-0.279466,0.435957
0.0744422,0.640968,0.0376612,0.780701
0.315364,-0.249238,-0.000463062,0.256403
0.105269,0.512324,-0.324278,0.575265
0.313984,1.72772,-0.205046,3.28079
-0.378429,0.198508,-0.218236,0.313705
-0.0571104,1.02962,-0.116777,1.43615
-0.362982,1.9008,-0.0338308,3.8986
-0.245762,0.217536,-0.322034,0.334612
-0.00815274,1.46987,-0.205094,2.51414
-0.268557,0.715252,0.177004,0.831703
0.398575,0.423461,-0.242233,0.443782
-0.140894,0.884987,0.149096,1.13304
-0.066586,0.467765,-0.359389,0.529136
0.220514,-0.335638,-0.234056,0.252187
0.137803,1.90131,-0.138218,3.95117
-0.107345,0.0439249,0.00617235,0.318841
-0.390467,0.628438,-0.0401077,0.695127
0.0971481,1.46247,-0.318672,2.45115
0.114676,1.51218,0.274741,2.60893
0.0127393,0.773151,0.476697,0.859235
0.175185,1.06503,-0.172247,1.4704
0.206687,1.68439,0.418463,3.10162
-0.364476,1.68174,0.326987,3.08229
-0.221094,1.58175,0.385163,2.77534
-0.266202,0.750888,0.0586549,0.90018
0.329736,-0.0201634,0.207811,0.269833
-0.205437,1.30663,-0.144165,2.05141
-0.416847,0.36797,-0.137051,0.412494
0.122517,1.97202,0.46523,4.14661
-0.301315,-0.373614,0.0389321,0.250666
-0.262917,0.868061,0.283636,1.05537
0.0128391,0.929872,0.466589,1.1324
0.412311,0.263982,0.217993,0.333737
0.128639,-0.115161,0.280952,0.270591
-0.113106,0.936903,-0.47716,1.13405
-0.0674107,-0.206263,0.14121,0.267413
0.474082,-0.00728031,0.107764,0.252348
0.396922,-0.22089,0.0891117,0.252829
0.000292398,1.5805,-0.00317946,2.86984
-0.328811,1.84028,-0.149342,3.69004
0.3303,1.04176,0.281606,1.36346
0.132742,-0.0372615,-0.270692,0.280546
0.0660592,1.60963,0.0044013,2.95605
0.0405898,1.80742,-0.121795,3.60744
0.405384,1.82114,0.186836,3.58705
0.324941,1.7445,-0.345125,3.30333
0.465681,0.365134,-0.122729,0.391849
0.0527153,1.27492,-0.0696797,1.99792
0.296349,1.1918,0.0457606,1.74935
-0.157839,1.14753,0.45232,1.5781
-0.0115103,0.0955447,-0.179338,0.331518
0.227233,-0.0625101,-0.237967,0.273519
0.0672358,1.56859,-0.131707,2.8016
-0.236088,1.90913,0.403154,3.906
0.444089,1.21855,0.0922673,1.75331
0.17633,1.7108,0.182834,3.2631
-0.0166795,1.55881,-0.105296,2.79095
-0.0204199,-0.080728,-0.415909,0.260185
0.175704,0.524237,0.0126738,0.623686
0.0347965,0.800441,0.318938,0.961253
0.161678,1.34212,0.34164,2.10423
0.255343,-0.0657079,-0.183781,0.275833
-0.305746,1.69221,-0.257532,3.14973
0.240577,1.52721,-0.0492837,2.67458
-0.18904,1.22191,0.427721,1.76113
-0.201817,0.79018,-0.0461715,0.971982
0.413129,0.360253,0.190976,0.399936
-0.0845652,1.38414,0.0257335,2.28029
-0.150751,-0.0963984,0.43483,0.25365
0.0662815,1.89044,0.439571,3.84693
-0.264684,-0.100816,0.144578,0.27271
-0.0977599,1.49338,-0.323139,2.5375
-0.00328476,0.210975,-0.187652,0.381295
0.156009,-0.0746176,-0.213834,0.278899
0.363665,1.03858,-0.212231,1.35998
0.320305,1.12852,0.277876,1.56073
0.107632,-0.156156,0.256829,0.26825
0.307827,-0.0333425,0.0600906,0.280699
-0.249617,0.438855,-0.142472,0.522434
-0.397895,0.289677,0.242796,0.349495
-0.243496,-0.174097,-0.175832,0.263873
0.134201,0.3104,-0.073087,0.44935
0.0649767,0.441239,-0.461377,0.458732
0.0692932,1.3127,0.0972712,2.08144
0.117616,1.31128,0.234201,2.04763
-0.288997,-0.26525,-0.0235063,0.256646
-0.251991,1.44835,-0.243904,2.41559
0.24845,1.20225,0.388385,1.71684
-0.259716,1.24533,0.0780735,1.8903
-0.331844,0.0168787,0.241264,0.271388
-0.465199,0.880348,0.0972303,1.0364
-0.311081,1.82347,0.0247812,3.62879
-0.150335,0.0771907,-0.223529,0.314403
-0.101399,-0.138687,-0.289366,0.266453
0.0481609,1.28016,0.0524423,2.00913
0.111541,0.532215,-0.382592,0.578606
-0.121258,0.167492,0.0986416,0.36257
0.116841,1.90677,-0.113611,3.95554
-0.259117,1.50175,0.123169,2.58523
-0.443769,0.165242,0.0161878,0.297938
-0.376837,1.49697,-0.123932,2.53526
-0.345766,1.25103,0.169942,1.86959
-0.148703,0.335773,0.264526,0.43105
0.282632,0.151016,0.355645,0.290182
0.0768348,0.766293,-0.336063,0.899692
0.168512,0.663109,0.454991,0.696931
-0.379691,1.86772,-0.311874,3.74105
0.237668,1.92735,-0.407345,3.97009
0.383299,0.552916,-0.211731,0.583807
0.0511906,1.92778,0.405546,3.99921
0.133871,0.631709,-0.389671,0.687611
0.203521,1.18395,0.210522,1.73022
-0.199186,1.87748,0.394901,3.78569
-0.236636,1.14563,0.31406,1.6035
-0.363079,0.8184,0.263975,0.943634
-0.139374,0.839166,0.181258,1.05589
-0.00185768,0.361873,0.28065,0.460592
0.0282338,0.148264,-0.0228328,0.363188
0.262763,1.84102,0.164563,3.69439
-0.333316,1.64691,0.319041,2.98198
0.213351,0.147865,-0.0487912,0.34512
-0.397008,1.22447,0.0178939,1.79188
0.426688,1.83221,-0.178117,3.6188
-0.212171,0.144443,0.0680471,0.344127
0.295013,1.39934,-0.397047,2.20981
-0.113271,0.0793441,-0.340873,0.295873
0.33239,0.218352,-0.235947,0.33179
0.280458,1.25674,-0.279617,1.875
-0.0336431,1.57311,0.372256,2.7743
-0.0337757,0.667288,-0.0355422,0.817694
-0.348571,1.74497,0.187993,3.34852
-0.207758,1.74471,0.180435,3.36556
-0.28084,1.53409,-0.122683,2.67245
-0.0736325,1.31304,0.2489,2.06658
0.0982258,1.51003,0.163806,2.63653
0.0697785,-0.179125,0.437232,0.252015
-0.220391,1.60643,0.192483,2.90517
0.0450868,1.13266,0.131991,1.64964
-0.326676,1.49108,0.363179,2.47913
0.381087,0.926798,0.0440386,1.16543
-0.00939997,1.99578,0.468299,4.24247
0.28572,0.0481976,0.156984,0.29412
0.128817,0.615268,-0.314417,0.691992
0.363678,0.0705093,0.16629,0.285853
-0.189741,-0.192986,-0.0970642,0.267166
0.147948,0.668851,-0.197114,0.788298
-0.289371,0.127069,-0.0248567,0.323123
0.227854,0.384951,0.14355,0.481647
-0.182076,-0.457195,0.0680759,0.250062
-0.0634728,1.32195,0.233766,2.0865
0.107584,-0.0417929,-0.0228244,0.298002
0.325306,0.814758,0.317637,0.937112
0.153533,1.59776,0.201561,2.89026
0.151547,0.64801,-0.29688,0.736251
0.318169,-0.182406,0.121938,0.259511
0.302987,1.49781,0.0540216,2.57062
0.143138,-0.0379556,0.474009,0.250435
-0.263968,0.741823,-0.108528,0.88786
0.0183829,0.152715,0.187374,0.352602
0.173478,1.36108,-0.406136,2.12461
0.251697,0.125871,0.135453,0.327017
-0.294253,1.7009,0.182726,3.20088
0.155436,0.943019,0.337927,1.19752
0.177561,1.14854,-0.073082,1.67396
0.328459,1.43234,0.243526,2.34689
0.317649,1.42793,0.203083,2.33197
0.27895,0.40107,0.0697744,0.487366
0.139813,-0.130438,0.0746994,0.276929
-0.340032,1.03426,0.0808221,1.38081
-0.14405,-0.208265,-0.166076,0.264451
-0.156527,1.09,0.193917,1.51976
0.191337,0.643895,0.144683,0.760718
0.344748,0.0256158,0.0119442,0.28597
-0.117298,0.658946,0.17597,0.778484
-0.371331,-0.207461,0.214174,0.251596
-0.0716079,0.102701,-0.148657,0.334895
-0.305279,-0.168183,0.0525472,0.262512
0.118411,1.10523,0.166299,1.583
-0.187794,-0.397844,-0.00320696,0.253025
0.290209,0.136671,-0.2687,0.304182
0.139241,1.66889,-0.129279,3.13333
0.126767,0.573297,-0.176188,0.673188
0.302427,-0.173221,0.0599325,0.263501
-0.0362124,1.10749,-0.423428,1.50935
0.151415,1.53173,-0.0511321,2.69227
0.244826,1.17858,0.0511539,1.73612
-0.0413347,1.02693,0.485734,1.31223
0.00763941,0.629164,0.456347,0.665674
-0.393703,1.14417,0.133162,1.60338
-0.413501,0.450328,0.0857132,0.485775
0.28844,1.03295,-0.162489,1.38591
-0.214551,-0.0874899,0.18055,0.275829
0.273788,0.697353,-0.37618,0.751688
0.269449,1.3549,-0.231968,2.14647
0.087554,1.4952,-0.348679,2.55267
-0.137043,0.481041,0.47303,0.484634
0.197969,0.860898,0.311672,1.04359
0.309712,0.276144,-0.176975,0.381798
-0.0907013,-0.34142,-0.278235,0.252437
0.320649,-0.351059,0.0818827,0.250753
0.30225,-0.0529052,0.0710131,0.279247
0.290796,0.358354,0.181679,0.43866
0.0930701,1.15775,0.489694,1.59238
-0.214312,-0.252978,0.353697,0.25098
-0.288672,-0.0977829,0.294614,0.259343
0.188799,1.96693,0.269371,4.16568
-0.263145,0.667471,-0.136627,0.77387
0.163074,-0.11406,0.312273,0.265628
0.334006,-0.188631,0.242673,0.253662
0.427673,1.62849,-0.142072,2.92397
0.242311,1.07809,0.0556205,1.49857
-0.136186,1.26154,0.158367,1.9357
-0.108103,0.661377,-0.430915,0.714064
0.403715,1.84405,0.244397,3.66285
-0.244605,1.33026,-0.350932,2.05153
0.322815,0.247363,0.178519,0.358972
-0.266091,0.87171,-0.217308,1.07267
-0.224528,1.30891,0.14426,2.04678
0.230115,1.07714,0.359965,1.44491
0.194715,0.681226,0.201949,0.79581
0.333612,0.8392,-0.029725,1.02833
0.0868914,0.885382,0.169272,1.13253
0.0267951,0.237394,-0.0312902,0.410882
-0.182503,1.59209,-0.404808,2.81011
0.0528195,1.16061,0.0395866,1.71763
0.0981426,1.95831,-0.428198,4.10356
-0.0371788,1.46442,0.206168,2.49399
-0.378137,-0.064539,-0.160753,0.262461
0.231391,1.49136,0.0226146,2.56494
0.322347,-0.0783623,-0.028191,0.273352
-0.35103,0.0675157,-0.206837,0.281743
0.171386,1.15846,-0.141801,1.70047
-0.00044483,0.0584533,0.274956,0.306808
0.414118,0.100183,-0.11087,0.282437
0.081133,0.407896,-0.327725,0.480007
0.0597241,0.0244145,-0.455128,0.261996
0.267354,1.82927,-0.316689,3.62691
0.0423997,-0.0879458,0.239101,0.279993
0.111918,1.05581,-0.275705,1.43846
-0.206439,0.811693,-0.0686481,1.01165
0.218943,1.12213,0.411358,1.5278
-0.26691,0.104226,-0.1178,0.317187
-0.457273,1.99847,0.110272,4.25236
0.122114,0.0758328,0.0113652,0.330003
-0.200785,1.26771,-0.0845895,1.95673
-0.238951,1.13445,-0.185804,1.61136
0.139669,1.11975,-0.339619,1.56514
-0.39821,1.70488,-0.0372602,3.19569
-0.0970014,0.170064,0.400787,0.311029
-0.0202991,0.52077,-0.0206701,0.643322
-0.296252,1.31493,-0.324769,2.01114
-0.302269,1.52264,0.0354373,2.63869
0.32248,0.713657,0.160378,0.819764
0.0211615,1.75295,0.242642,3.40035
-0.337355,1.36618,0.0806826,2.17994
0.275888,1.49956,0.198578,2.56576
0.110083,0.0237299,0.357734,0.279741
-0.213751,0.0652074,-0.0258539,0.316485
-0.0766469,1.73742,-0.158923,3.36834
0.179974,0.00393155,0.256298,0.288007
0.278062,0.481283,-0.30823,0.519091
0.125106,1.33388,0.343786,2.0861
-0.150215,0.244648,0.260508,0.375761
-0.14088,-0.410363,0.209704,0.250722
-0.262783,0.669301,-0.393583,0.708708
0.00288979,0.0411206,-0.321757,0.29662
-0.269768,1.86749,0.29524,3.7739
-0.0949798,1.57048,-0.354377,2.78164
0.391244,1.52161,-0.278548,2.57042
-0.172453,0.109156,-0.303915,0.30715
0.0399504,1.70766,0.00938813,3.28012
0.186834,1.17713,0.150235,1.71793
0.121577,-0.290235,0.220911,0.25756
-0.226093,1.71076,0.314784,3.2266
0.331857,1.95942,-0.371346,4.0889
0.449422,0.119717,-0.136844,0.275444
0.239631,1.72598,-0.225741,3.28596
-0.0445481,-0.409165,0.0992784,0.253177
0.403111,1.69156,-0.141249,3.14004
-0.231486,0.868515,-0.212014,1.07716
-0.297548,1.67746,0.157062,3.12568
-0.0333584,0.357595,-0.230251,0.463454
0.309412,1.49387,-0.38511,2.48505
-0.286939,1.84269,-0.332854,3.65996
0.400292,1.88027,-0.00807083,3.82216
0.234407,0.4599,0.335045,0.500732
0.149877,1.32136,-0.23468,2.08028
0.478442,0.287168,-0.0204776,0.341429
-0.118147,0.988765,-0.00908566,1.34336
-0.286992,1.2213,0.290919,1.77963
0.415245,0.0731188,0.20314,0.267675
-0.0930051,0.894768,0.123511,1.16255
0.109122,0.0523232,-0.275679,0.301621
-0.45986,1.61273,0.0953325,2.86434
-0.418592,1.96732,-0.0907237,4.14224
0.20503,1.24756,0.273657,1.87108
0.342907,1.81466,0.150923,3.59173
0.353419,0.764357,0.216094,0.874495
0.289391,0.785078,-0.280268,0.908373
0.227914,0.342655,-0.385915,0.389443
0.160176,1.27124,-0.370503,1.91291
-0.241792,0.0949442,0.409996,0.267838
0.235649,1.88768,0.321976,3.84632
0.0599596,1.46327,-0.35425,2.44567
0.364003,1.98064,-0.15716,4.20012
0.409415,0.344328,0.0365844,0.408045
-0.208703,1.12251,-0.0288883,1.6072
0.314389,-0.0579756,0.194455,0.270095
0.133282,0.259327,0.290873,0.380804
0.174161,1.57327,-0.186289,2.80561
-0.241188,1.91927,0.137527,3.9854
0.242312,0.549089,-0.227287,0.617715
0.48095,1.74455,-0.0250022,3.30272
-0.381282,0.172209,0.237757,0.299746
0.287513,0.191675,0.00357501,0.354322
0.298731,1.49384,0.385021,2.48825
0.208556,1.45078,0.404422,2.37352
0.252689,1.47936,0.215369,2.50565
0.408409,1.07517,0.190858,1.43166
0.295115,0.936207,-0.0313228,1.20698
0.338099,0.71027,-0.0878307,0.820744
-0.240667,0.295331,0.369065,0.363493
-0.200981,1.82652,0.279282,3.64472
0.0492528,-0.102914,-0.405929,0.25944
0.271008,1.22686,0.0853143,1.83545
0.0379956,1.29394,0.039216,2.04685
0.341803,1.0989,0.311463,1.47423
-0.0648953,1.07465,0.14332,1.51929
0.0528128,0.554045,0.405374,0.599649
-0.0787246,0.194146,-0.362799,0.335512
0.0127775,1.02994,0.362538,1.37524
0.189001,0.380856,0.415952,0.413122
0.328044,-0.185724,-0.136208,0.258281
0.156325,0.548163,0.107438,0.65154
-0.0355009,1.18813,0.4519,1.68283
0.155753,1.42663,0.319287,2.34614
-0.21557,0.72574,0.354917,0.814239
-0.331375,1.26373,-0.322923,1.86868
0.257583,1.91456,-0.376783,3.92545
0.380271,-0.0626167,0.2354,0.257923
-0.361148,0.804716,0.312166,0.910367
-0.185245,1.55592,0.0689859,2.77002
0.181239,1.46951,-0.413889,2.43552
-0.413623,1.05703,0.161569,1.39437
0.285699,0.790332,-0.0208127,0.961907
-0.0952438,1.54706,-0.421912,2.67909
0.345807,1.42654,0.0981737,2.33867
0.256727,0.804497,-0.271576,0.94847
-0.0166609,1.8549,0.379585,3.7316
-0.151242,-0.0282674,0.249795,0.285492
-0.141591,1.96639,-0.143751,4.18512
0.127922,1.54273,-0.424429,2.65586
0.120802,1.05008,-0.368828,1.40894
0.139378,-0.132653,-0.38406,0.257134
-0.254416,0.838104,0.137309,1.03394
-0.059777,0.582875,0.448274,0.612286
-0.0920532,0.882012,0.13411,1.12821
0.305107,-0.094056,-0.0474814,0.272072
0.36664,0.0789143,0.236704,0.276949
-0.198239,0.828043,0.0601859,1.04197
0.082705,0.74768,-0.424378,0.839407
0.26861,0.213112,0.214555,0.350618
0.139994,0.505828,0.461411,0.514724
-0.0846054,0.8599,0.190344,1.09109
0.211326,1.5619,0.257202,2.75874
-0.326525,1.59474,-0.0187885,2.85422
-0.286917,1.86578,-0.313418,3.74932
-0.320593,0.65098,-0.218898,0.722616
0.346631,1.81299,-0.260917,3.55973
0.427967,1.26635,-0.133726,1.88332
0.125828,0.981361,-0.0593348,1.32146
0.212496,0.786504,-0.0910106,0.962987
-0.384599,0.910285,0.252235,1.09344
0.335475,0.259535,0.243465,0.352046
-0.0895921,1.5186,-0.457236,2.56752
-0.420256,-0.0704115,-0.0514333,0.260252
0.447129,0.253544,0.11473,0.331147
0.181864,1.8426,-0.359274,3.66673
0.319855,0.062067,-0.0869881,0.298125
-0.273255,0.657229,-0.190789,0.749626
-0.0336443,1.1399,-0.0707388,1.6595
0.287581,0.427126,0.272595,0.479167
-0.11765,1.7586,0.282988,3.40951
0.239571,1.59058,0.408793,2.78919
-0.0121502,0.218311,-0.329191,0.356044
-0.156697,1.11452,-0.106699,1.59228
-0.294344,1.12294,-0.0725405,1.59234
0.0873489,1.53751,-0.109342,2.70574
0.382902,-0.299109,0.0520204,0.250748
0.133489,1.59307,0.148988,2.8822
-0.0107224,0.739537,0.0424454,0.923137
0.26454,0.803595,-0.268628,0.946644
-0.380547,0.81651,0.315955,0.919147
0.313361,0.175118,-0.179452,0.327129
0.225495,1.19826,0.211343,1.76131
-0.28409,0.0412322,0.231697,0.285952
0.386784,1.88001,-0.100791,3.80551
-0.210623,0.571478,-0.0256883,0.676072
0.111616,-0.22771,-0.178294,0.264523
0.160302,-0.0392333,0.219303,0.284309
0.00635429,0.0346647,0.33577,0.291421
0.158408,0.468443,-0.453273,0.479607
-0.33247,1.23235,0.247111,1.80339
0.293892,-0.162012,-0.323011,0.252757
0.434311,1.89424,0.104863,3.85188
0.0957618,0.968947,-0.0733855,1.30908
0.362384,0.792335,0.329668,0.882672
-0.245365,1.01158,-0.413102,1.28071
0.112952,1.69471,0.0299455,3.22934
-0.0188468,-0.0750437,0.434007,0.258478
-0.00625604,1.94454,0.416761,4.06388
-0.340729,1.55762,0.186822,2.71802
0.320211,1.03215,0.0765911,1.38178
0.0767661,1.30553,0.163797,2.06429
0.304549,0.430167,0.0869872,0.501631
0.133848,0.13312,0.205635,0.339134
0.229022,0.780636,0.144839,0.940658
0.0691764,1.8307,-0.0306531,3.69036
-0.163837,0.0239561,0.43512,0.259905
0.40661,0.872428,0.105007,1.04612
0.177076,0.418277,0.285882,0.486852
-0.239193,1.27903,0.0404399,1.98276
0.103051,0.450811,0.226725,0.540875
-0.0680168,1.19722,0.281261,1.7713
-0.172665,0.823142,-0.273399,0.997956
0.383382,1.92333,0.10098,3.97492
-0.308657,0.726421,-0.196488,0.837485
-0.161512,0.402156,-0.178817,0.499201
-0.287916,1.66967,-0.25814,3.08091
-0.304087,0.148008,0.274574,0.30295
-0.117154,0.451452,-0.0409559,0.564838
-0.108248,1.44049,0.460234,2.33613
-0.194894,-0.258093,0.012446,0.262538
-0.0422114,0.371529,0.123563,0.49373
0.0558153,0.126345,0.166101,0.348099
0.0914932,0.673564,-0.370447,0.755925
0.0920066,0.320917,-0.0680412,0.45492
-0.0654776,-0.376849,-0.233568,0.253271
-0.23267,0.896512,-0.410586,1.0694
-0.172629,0.528557,-0.347603,0.577782
-0.0566511,1.39013,-0.23167,2.27612
-0.0635602,1.68281,-0.259608,3.164
-0.201559,1.34287,-0.41609,2.07067
-0.204489,0.0567967,0.0285896,0.315011
-0.189159,1.26347,0.386753,1.88205
0.0316501,0.970734,-0.358432,1.24942
0.170546,1.88825,-0.447121,3.82021
-0.030967,-0.0434713,0.316925,0.277585
0.197961,-0.0486064,-0.393737,0.259014
-0.223168,0.42384,0.217732,0.499616
-0.295248,1.25119,-0.211433,1.87579
-0.275965,0.250508,0.0904726,0.383428
-0.0975716,-0.148396,0.244696,0.26877
-0.00544856,0.211884,0.107251,0.393721
-0.132861,0.570353,-0.0415543,0.684628
-0.288671,1.97442,0.368591,4.1541
-0.400113,1.16823,0.212288,1.63623
-0.114342,1.08351,-0.205568,1.51642
0.271331,0.19447,-0.183615,0.344576
0.211165,-0.0354928,-0.0861758,0.290584
-0.24048,1.49218,-0.151096,2.55726
0.0885974,0.97115,0.417182,1.22969
0.284747,-0.319679,-0.235147,0.250537
-0.338559,0.753933,0.263724,0.852488
-0.0293659,0.227061,-0.275953,0.370215
0.337198,1.21403,-0.0695275,1.78413
-0.0198943,0.234183,0.138802,0.402482
-0.209467,0.469613,0.230814,0.541518
-0.12995,1.4377,-0.427747,2.3447
0.349651,1.06332,0.127009,1.43652
-0.369211,1.39972,0.303348,2.21579
-0.0683803,-0.270401,0.314473,0.255159
-0.129476,1.30229,0.285752,2.02371
0.0670263,0.426531,0.190821,0.529268
0.426795,0.263042,0.0634768,0.345977
0.30065,1.68405,0.00568141,3.16123
-0.17704,0.101917,0.408082,0.278875
-0.274586,-0.0693062,-0.147537,0.276098
-0.0599613,-0.262992,0.194996,0.260174
-0.284818,0.518902,0.234646,0.571569
0.0843553,1.63023,-0.253173,2.98011
-0.318335,1.90013,0.347595,3.86405
-0.199026,1.59896,-0.37092,2.83649
0.437205,1.01621,0.0750021,1.31002
0.239529,1.06906,-0.164941,1.47933
0.236207,-0.258105,0.0213981,0.259923
0.440183,1.19213,0.154392,1.68653
0.332731,0.14304,0.347593,0.277667
0.296488,0.547896,0.0199511,0.630605
-0.186211,1.86603,0.356138,3.76112
0.028682,1.38676,-0.267975,2.26104
0.354443,0.588642,-0.209823,0.632848
0.205592,-0.200644,0.0639041,0.266442
-0.247559,-0.0672748,-0.355542,0.259293
0.0649874,0.182597,0.0226752,0.378426
-0.0520038,0.659569,-0.266515,0.772184
-0.357777,0.781456,-0.321426,0.869976
0.142455,1.88436,0.438458,3.81891
-0.236261,1.0909,-0.388557,1.46027
-0.280009,1.71209,0.0706922,3.25821
-0.164015,0.222726,-0.112905,0.38452
-0.164406,0.90184,-0.00466405,1.17194
0.176876,1.87413,-0.397694,3.78712
-0.229256,-0.398585,-0.117169,0.251122
-0.268537,0.655979,-0.0741832,0.766888
-0.0339593,1.38588,-0.177346,2.27969
-0.455464,0.674066,0.128659,0.717354
0.0812406,0.0936617,-0.22143,0.325529
-0.286051,1.45452,-0.026151,2.44913
0.123959,0.847962,0.418151,0.998115
0.406109,1.07417,0.205352,1.42529
0.156685,1.30249,0.142405,2.03967
-0.0253796,0.751408,0.098448,0.934058
-0.262802,1.01073,-0.300538,1.32159
0.422672,1.3451,-0.0230555,2.09572
-0.437123,1.27111,-0.0861544,1.88811
-0.184545,1.05666,0.0790996,1.46796
0.292099,0.571663,-0.340372,0.603478
0.0853459,0.717916,0.443406,0.786332
0.302258,0.324622,-0.0303308,0.426604
-0.312166,0.791806,-0.0591736,0.948835
-0.23056,1.69835,-0.00365184,3.22993
-0.0521782,0.861093,-0.0953872,1.10842
0.116688,1.57724,-0.0780113,2.83881
0.240065,-0.319964,-0.144767,0.254023
0.044213,1.35643,0.372155,2.14376
-0.0304605,0.519929,-0.238216,0.609049
-0.35434,1.92071,0.233509,3.96577
0.434456,0.347772,-0.149214,0.388786
0.15651,1.48292,0.169056,2.53121
0.280711,-0.289356,-0.245557,0.252037
0.266069,1.99135,0.212681,4.25255
-0.124065,0.264067,-0.138599,0.410314
-0.402359,0.769155,-0.0803915,0.881855
0.0350273,-0.145721,0.0912834,0.277816
0.216979,1.12632,0.433788,1.52669
-0.262312,0.504488,0.252843,0.560077
-0.301783,-0.24062,-0.153417,0.256274
0.17784,-0.415198,-0.0144235,0.251957
-0.0336182,-0.324197,-0.203495,0.25681
0.378526,0.472698,0.10368,0.517718
0.251598,1.67997,0.392282,3.08865
-0.193249,0.214231,-0.247067,0.360107
-0.345441,0.502089,0.314685,0.517766
0.125526,1.02839,0.301531,1.37441
-0.251618,0.213404,-0.346064,0.325367
-0.123176,0.736673,-0.00253453,0.910716
-0.286871,0.682494,-0.088654,0.799295
0.33587,-0.214815,-0.20944,0.253704
0.0137862,0.116964,-0.262499,0.325052
0.277802,0.128047,0.322769,0.292503
-0.0870916,1.29149,-0.280356,1.98975
0.0923525,-0.0506855,0.388562,0.265198
-0.119064,0.555632,-0.403554,0.592447
0.22134,0.662557,0.337865,0.733486
-0.386244,1.06839,-0.218699,1.4207
0.0976241,-0.124273,0.430594,0.254562
0.241102,1.51018,0.188602,2.59254
0.190587,1.85646,0.144751,3.75763
-0.471856,1.47505,0.0413592,2.43772
0.158362,0.960049,-0.196473,1.26803
-0.0768375,0.205677,0.217374,0.371451
-0.404161,1.01062,0.187988,1.29881
0.131991,1.97307,0.104099,4.21188
-0.400928,0.879965,-0.0726784,1.06603
0.0229966,1.68467,-0.138652,3.17638
0.385423,0.474008,0.0944463,0.519811
-0.0615335,-0.229525,0.284774,0.258954
-0.222703,-0.0467861,0.223838,0.277233
-0.00663355,0.572664,0.409017,0.618065
-0.265819,1.7282,0.0463455,3.32123
0.121911,1.42827,0.317305,2.35847
0.0905938,-0.0540891,-0.131956,0.291131
0.0435923,0.0491257,-0.454203,0.265155
-0.0293798,1.68961,0.285105,3.17757
-0.436061,-0.0667709,0.0295931,0.258006
-0.326484,1.66382,0.265024,3.05133
0.137223,0.480278,-0.0942426,0.587459
0.224828,1.77125,-0.154449,3.45668
-0.319042,1.34859,0.135883,2.13544
-0.366627,0.610794,-0.162574,0.665531
-0.419556,1.88316,-0.153858,3.80659
0.351543,-0.0169614,0.231311,0.265852
-0.222312,1.39403,-0.173121,2.27006
0.219206,0.169835,0.336422,0.313756
0.214492,1.72935,-0.180479,3.32225
-0.247372,0.90526,0.111054,1.15994
-0.198117,0.477386,-0.0913784,0.574076
0.160133,0.0446506,-0.140814,0.313067
0.171804,-0.304483,0.0112564,0.258358
-0.248574,0.739962,0.130871,0.875486
0.224774,0.295369,-0.147709,0.417727
0.192864,1.03753,0.328977,1.37992
-0.262284,1.87661,0.123367,3.83117
-0.457699,1.23219,0.0370331,1.78493
0.256561,-0.150089,0.320661,0.256163
-0.0411345,-0.0924565,-0.0958347,0.286797
-0.245531,0.692591,-0.115242,0.815073
0.148287,1.82523,-0.46439,3.585
-0.41979,1.44843,0.222715,2.36201
-0.4195,1.58135,0.16829,2.77117
-0.186474,0.281035,-0.46105,0.329847
-0.133746,0.930794,-0.176091,1.216
-0.470974,0.789894,0.167216,0.87404
-0.102177,1.47169,0.227132,2.51309
0.179529,0.120383,0.297263,0.310182
-0.267895,1.13735,-0.260698,1.59316
0.0631727,1.58571,0.231562,2.84968
0.0487202,1.87968,0.388602,3.82384
-0.176101,1.90611,0.287494,3.94329
0.331363,0.467687,-0.157558,0.521785
-0.0148786,1.30795,0.0427093,2.07996
-0.107001,0.715222,0.27645,0.840876
-0.392335,0.589815,-0.125235,0.639469
0.199054,-0.417378,-0.0200534,0.251756
0.115314,0.68411,-0.341123,0.772913
0.22838,-0.332421,0.138655,0.254237
-0.0682431,0.093156,0.239603,0.320858
0.129563,0.666128,-0.312749,0.758642
-0.290786,0.357057,-0.16399,0.442316
-0.285622,1.0654,-0.128423,1.46286
-0.18655,1.95861,-0.252021,4.12644
0.0945526,0.808808,-0.158118,1.00934
-0.123211,0.599499,0.00360232,0.715786
-0.428027,0.785319,0.109503,0.894132
0.282371,0.809907,-0.182744,0.971757
0.25201,1.46023,-0.155822,2.45213
-0.265483,-0.365651,-0.0385322,0.252398
-0.380363,-0.226243,-0.0269518,0.253907
0.163025,1.12711,0.0856672,1.62255
-0.133224,0.0152834,0.147301,0.305891
0.166572,-0.137538,0.211001,0.27071
-0.322439,-0.25146,0.1884,0.253151
-0.177053,0.281059,0.426777,0.344882
-0.412368,0.309417,0.204954,0.3629
-0.0321628,0.629597,-0.406929,0.688011
0.0493311,1.77177,0.344423,3.43378
0.0979571,1.67667,-0.230257,3.14222
-0.234736,0.759658,0.0632494,0.9177
0.301264,0.424447,0.033048,0.498924
-0.0237364,1.97105,-0.367157,4.1674
-0.127552,1.39906,0.14085,2.31186
-0.110711,0.0616096,0.393245,0.280481
0.161776,-0.189589,-0.157859,0.265711
0.0101921,-0.144261,-0.416111,0.255888
0.399918,1.29014,0.0897363,1.96105
-0.0667085,1.92849,-0.352392,4.01143
0.268677,1.95696,0.258684,4.11848
-0.32718,0.840687,-0.282451,0.993075
0.05146,-0.178227,-0.000584187,0.275561
0.193504,-0.206854,0.233188,0.260974
0.441084,0.212168,0.146532,0.310512
0.309194,1.30647,0.0535905,2.03283
0.0995291,1.40495,0.436894,2.25016
0.233539,0.46948,0.288347,0.523697
0.278905,-0.133558,0.292112,0.258078
-0.0665052,0.501282,0.38766,0.550944
-0.153565,1.2744,-0.243323,1.9651
0.100404,1.53172,-0.0555017,2.69655
-0.227938,1.51454,-0.191712,2.6256
0.396773,-0.0647349,-0.195291,0.257212
0.115368,0.709907,0.147413,0.858416
0.218614,1.8498,-0.0406102,3.74163
0.130613,1.72099,0.0994019,3.32328
0.292235,0.133914,-0.0911723,0.327851
0.00599865,0.922608,0.213057,1.2098
0.20384,0.795634,-0.299787,0.942876
0.000793282,1.01229,-0.204868,1.37715
-0.151037,0.912377,0.162235,1.18041
0.0221922,0.636804,-0.289406,0.739737
0.418271,1.9396,0.225515,4.01872
-0.195278,-0.0862894,0.222867,0.274185
0.115442,0.296376,0.243878,0.416378
0.0614596,0.187404,0.32068,0.342206
-0.184565,1.90969,0.268373,3.95257
0.404505,0.79463,-0.0408673,0.92171
-0.180977,0.597727,0.0570034,0.706751
0.34279,1.0073,-0.086345,1.31964
-0.0759643,0.0476099,-0.44216,0.268235
-0.199864,1.03342,-0.366591,1.3584
0.0915669,0.415392,0.139212,0.527577
-0.031737,0.467742,-0.0298546,0.588372
0.0486748,0.0810825,-0.0592299,0.333863
-0.260967,0.0196195,0.283612,0.277317
0.40378,0.408941,-0.282166,0.42051
0.434396,1.20362,-0.122857,1.71961
0.0863877,0.381154,-0.368907,0.44217
-0.480257,1.25349,0.0658973,1.83107
-0.0462861,1.06221,-0.327759,1.4453
-0.18925,1.45359,-0.0465845,2.45044
0.198281,0.108329,0.0990453,0.332072
0.13052,0.871993,0.421935,1.03806
-0.200589,0.87203,0.0246278,1.11424
0.385694,0.790601,0.0610372,0.923978
-0.166052,0.585921,-0.0437235,0.69574
0.0605088,0.119449,0.109749,0.346328
-0.0524832,0.957476,0.142677,1.27939
-0.314674,1.0254,-0.0831915,1.36564
-0.413287,0.240411,0.109485,0.336363
-0.481135,1.92245,0.0694227,3.95145
-0.442026,1.05197,0.0277472,1.38306
-0.137615,1.72668,-0.234222,3.30731
-0.280472,1.56654,-0.252221,2.75572
0.00600959,0.865712,0.49331,1.00304
0.0914713,-0.0346523,-0.149267,0.292125
-0.141618,1.21106,0.374377,1.75741
-0.0888333,-0.212386,0.362942,0.254838
0.0194991,0.824839,0.181877,1.03722
-0.028077,1.61457,-0.0439178,2.97493
0.141672,-0.0995394,-0.183176,0.277912
0.320725,-0.0378658,0.263027,0.263572
-0.179773,1.34983,-0.104645,2.16613
0.0689331,1.79709,0.314467,3.5486
0.282997,1.37204,-0.0851923,2.2144
0.230072,1.28517,0.290503,1.9591
-0.0296749,1.19704,-0.24615,1.77604
-0.183147,1.90877,0.170123,3.94833
0.00377122,0.260593,0.00542051,0.42532
-0.11157,1.44928,0.106984,2.44963
0.207998,0.618209,0.100433,0.726745
-0.0113741,1.73195,0.386609,3.29259
-0.0201152,1.49277,0.378848,2.52874
0.0831757,0.980534,-0.383988,1.25328
-0.139371,1.58855,0.369526,2.81174
-0.150012,1.39761,0.139415,2.29555
-0.226932,0.0840866,0.201833,0.310365
-0.276968,0.268887,-0.12429,0.391529
0.0807091,1.6326,-0.160652,3.01853
0.0776039,0.907605,0.246208,1.16537
-0.345744,0.345678,-0.291004,0.389771
-0.386695,1.9214,-0.0709388,3.96598
0.0808201,1.76031,-0.176334,3.42344
0.122715,0.00122046,0.447807,0.25849
0.130945,-0.163015,0.111012,0.273033
-0.0636275,0.0537378,0.492208,0.254047
-0.485413,0.928559,-0.0899516,1.11447
-0.0173064,1.65685,-0.175105,3.08594
0.0574597,1.36406,-0.0318222,2.23487
0.335554,1.30843,-0.24483,1.99858
0.14291,1.63261,-0.356672,2.9678
0.186988,0.605479,0.250152,0.688414
0.140548,-0.00148198,-0.317731,0.280315
0.0394599,1.27338,-0.108176,1.98598
0.452045,0.970193,-0.097348,1.20828
0.132052,1.738,-0.282863,3.34258
-0.180163,0.289284,-0.383338,0.364761
0.428413,-0.034398,0.00245118,0.262199
0.0173983,0.719557,0.320881,0.837157
0.374961,1.56427,0.0557324,2.7451
0.0197776,1.81676,-0.452447,3.56958
0.241119,1.75348,-0.415023,3.33644
0.214439,-0.304538,0.019018,0.257854
-0.139411,1.36131,-0.265003,2.19235
0.1945,-0.244454,0.206091,0.258539
-0.151915,1.64843,-0.265143,3.04594
0.141025,1.82888,0.363365,3.62692
0.393589,1.62852,0.0479305,2.94039
-0.0563135,0.716442,0.330568,0.830558
-0.109404,0.744193,0.344555,0.861339
0.157226,0.515371,-0.423987,0.537248
-0.224689,0.864476,0.156107,1.08741
0.386787,0.913808,-0.04949,1.1367
0.317004,1.15939,0.313399,1.62079
0.364778,1.46436,0.057927,2.44226
-0.172156,0.139044,0.110928,0.343708
-0.263757,-0.338769,-0.0246386,0.254179
-0.426212,0.236388,-0.101287,0.330985
0.2883,1.92462,0.265569,3.98314
0.104422,0.469633,-0.387468,0.516828
-0.242081,1.4167,0.296899,2.30748
0.06456,0.38456,-0.260588,0.480455
0.403792,1.15938,0.167357,1.62279
0.264894,1.88679,0.225668,3.8651
-0.466386,0.135379,-0.0678267,0.278971
0.250467,1.56776,-0.0933704,2.79287
0.0252213,0.593045,-0.0832614,0.720486
-0.151008,0.115441,0.0856253,0.34086
-0.300657,0.913591,0.255923,1.12902
0.169748,-0.183314,-0.333043,0.257178
-0.0466968,0.0460487,0.0332773,0.322493
0.188771,1.64618,0.0662138,3.05746
0.255556,-0.203027,-0.298585,0.254509
-0.0452138,-0.0890254,0.0282042,0.288972
0.205604,0.0951246,0.224913,0.314038
0.226105,0.67812,0.312926,0.759611
0.0116963,1.70373,-0.012498,3.25982
0.263129,0.162068,0.160811,0.336897
-0.288808,1.47939,0.246749,2.48619
-0.309033,-0.318698,-0.100808,0.252068
-0.305342,1.22828,0.29808,1.79552
-0.0812699,0.770049,0.070073,0.956155
-0.229858,1.20294,-0.407987,1.70827
0.032046,1.04447,-0.448876,1.36713
-0.32387,0.690623,0.108173,0.792559
-0.217435,0.832194,0.256723,1.00347
0.261408,0.972119,-0.388729,1.21169
-0.0482121,1.2733,-0.203764,1.97053
0.0538137,0.4422,-0.468673,0.456833
0.0319738,0.304749,0.476728,0.352902
-0.433108,0.247151,0.195765,0.322644
-0.109072,1.26755,-0.104846,1.96689
-0.239226,1.21727,0.0412907,1.82357
0.0911894,0.874887,-0.379089,1.06266
-0.375492,1.10359,-0.0384667,1.51763
0.115025,-0.000460778,0.418046,0.264583
0.122731,0.501926,-0.292864,0.570794
0.159984,-0.143297,0.0449532,0.276719
0.0107336,-0.0218749,-0.172291,0.296607
0.234401,1.05797,-0.333922,1.41681
0.0117516,-0.174613,-0.350627,0.26001
0.0992581,0.0924987,0.459493,0.269296
-0.0828607,0.512884,0.417245,0.547426
0.337669,1.82937,0.0750554,3.65164
0.203019,1.8748,0.287673,3.81092
-0.407635,1.59186,-0.00132982,2.819
0.074316,0.681132,0.251376,0.805331
-0.0743201,0.603192,-0.428896,0.646083
0.145104,1.30533,0.397074,1.99526
0.32369,0.77603,-0.28114,0.886173
0.0582879,1.03593,-0.0979929,1.441
-0.152585,1.99013,-0.194183,4.25365
-0.440499,1.11234,0.185498,1.49573
0.222928,0.923029,0.38661,1.12476
-0.168103,-0.0698881,0.116808,0.284642
-0.0239312,1.0334,0.17055,1.43087
0.31102,1.55641,0.0505995,2.73857
0.0478113,1.22793,-0.421831,1.79145
-0.470899,-0.0121967,0.13365,0.252208
0.187463,0.651672,0.132805,0.76919
-0.47108,1.66593,0.0467709,3.03773
-0.26478,1.32506,0.031107,2.0952
-0.010815,1.36758,-0.474451,2.13562
0.370642,1.1756,0.229867,1.66122
-0.211554,1.83803,-0.367426,3.65614
0.477055,0.78263,-0.00719797,0.87469
0.139061,0.0340664,-0.340399,0.285775
-0.114786,0.77037,-0.445113,0.861741
-0.130496,1.31597,-0.0804901,2.08642
-0.105711,0.389604,0.189038,0.498225
-0.339337,1.14895,0.00257821,1.63611
-0.259977,0.321976,0.285672,0.398049
-0.192193,1.66219,-0.393457,3.04817
0.127972,1.14665,0.378972,1.61094
0.383113,0.250536,0.054215,0.355907
0.0769224,-0.237558,-0.117977,0.265756
-0.319733,0.232389,-0.183059,0.351957
0.0456496,-0.240777,-0.412585,0.251155
0.262851,0.356577,0.201564,0.441841
-0.105088,1.12339,0.290068,1.58744
-0.137008,1.12983,0.190621,1.62289
-0.471809,1.68215,-0.163598,3.07972
0.418547,0.602776,0.0853037,0.645971
0.0892315,-0.00195458,0.197949,0.297136
0.270938,0.546654,0.313298,0.586918
0.199078,0.799232,-0.0490476,0.988723
0.0608007,0.0486191,-0.0689973,0.325033
-0.358035,0.825953,0.0214616,0.995636
-0.0527886,0.228903,-0.393166,0.341704
0.41484,-0.270295,0.0280788,0.250304
-0.154445,1.71023,-0.328396,3.22897
0.192581,1.28596,-0.193116,2.00147
0.291011,0.6895,0.389754,0.73141
0.330987,1.82252,0.307333,3.58641
-0.0896483,1.15281,-0.332733,1.64962
0.000397376,0.631964,-0.326322,0.715899
0.242668,0.742971,-0.388358,0.820151
0.408765,0.321079,-0.201462,0.371308
0.466471,-0.0366569,0.106102,0.253533
0.143306,-0.193266,-0.0926891,0.269567
-0.166099,0.00661503,-0.315079,0.281499
0.333984,0.183056,0.0564989,0.336874
0.276895,0.735122,-0.306074,0.825051
0.324014,0.648335,-0.330369,0.686638
0.154846,0.333442,-0.0543808,0.457261
-0.0313806,0.0224292,-0.415541,0.271238
-0.128681,1.73093,0.454733,3.26257
-0.0549867,1.39531,0.215463,2.28875
0.12728,0.531921,-0.465074,0.540798
-0.0788785,0.069971,-0.46388,0.264174
-0.158102,0.697217,0.29705,0.805656
-0.121434,1.06982,0.0136525,1.51183
0.423137,0.374274,0.0700158,0.421935
0.26723,-0.0475267,-0.243953,0.271472
-0.241272,0.930591,-0.335399,1.1508
0.419636,1.99306,-0.191428,4.22905
0.263023,1.07001,0.0815046,1.48141
-0.37543,0.444309,0.164396,0.486911
-0.154007,-0.150566,-0.229894,0.26754
0.379474,0.769154,0.138619,0.88751
0.426672,1.19084,0.0947945,1.69771
0.3806,0.229992,0.200124,0.331137
-0.375541,1.75839,-0.289864,3.35327
-0.208188,-0.0510684,0.0601696,0.288343
-0.0635061,1.21269,-0.29489,1.79636
-0.105054,1.50043,0.394539,2.53889
0.345395,0.00707777,0.269802,0.264318
-0.162861,0.928388,-0.293609,1.17989
-0.358226,0.289222,0.21039,0.365883
0.302076,1.17065,0.226542,1.66692
-0.113081,1.5072,0.0368209,2.63158
0.439668,1.80166,0.0808785,3.52334
-0.260811,1.78573,0.24757,3.50049
0.425754,-0.121819,0.19041,0.251741
-0.212352,1.70359,-0.262186,3.21815
0.314889,1.25629,-0.251614,1.87634
0.120417,1.27252,0.350008,1.9246
0.191978,0.416914,0.0203859,0.525541
0.209353,0.0903103,-0.329518,0.291632
-0.409698,1.28936,0.0388244,1.94977
-0.296969,1.484,-0.121391,2.52367
-0.385414,1.34125,-0.255302,2.0653
-0.166208,1.54348,-0.111977,2.72354
0.0101247,0.0812748,0.402264,0.287444
-0.109928,0.775267,0.31481,0.918617
-0.0269412,-0.160354,-0.374032,0.258762
0.0728572,1.47956,0.107218,2.54432
0.21069,-0.185466,-0.294267,0.258428
0.453748,1.94782,0.0820415,4.05594
-0.0966771,1.27696,-0.0238857,1.99835
0.272313,1.25672,0.385202,1.83981
-0.0669185,1.95357,-0.185817,4.13058
0.199935,0.480264,0.106131,0.574659
0.0945588,1.68315,0.246702,3.16984
-0.212493,0.78448,-0.0402039,0.964529
-0.092112,0.016446,0.342077,0.283567
-0.00339475,0.930734,-0.0922501,1.244
0.183399,0.129991,0.190679,0.329101
0.466441,1.47074,-0.129817,2.42048
-0.171761,1.65031,0.336943,3.0172
0.224387,1.99338,-0.141214,4.28186
0.152868,1.93693,0.383209,4.03315
0.00782661,1.14943,-0.134314,1.69142
0.379828,0.936924,0.292603,1.13929
-0.286954,0.277791,-0.236523,0.376289
-0.22573,-0.318802,0.0351514,0.256305
0.17916,0.496484,-0.0848977,0.592611
0.0530093,1.51911,0.419299,2.59846
0.150201,0.670831,-0.0191294,0.811424
0.232318,0.115017,0.228368,0.314002
0.349001,0.794281,0.292563,0.897933
0.445488,1.92373,0.191771,3.95487
0.231272,0.161565,0.0338368,0.347985
-0.338217,1.26861,0.038002,1.93877
0.11613,1.06424,0.406412,1.42371
-0.282689,1.24611,-0.392473,1.81278
-0.145156,0.632605,0.0416884,0.763856
-0.279788,0.00716512,-0.38295,0.256089
0.0563896,0.323897,0.0751896,0.463153
0.120232,1.27409,-0.208025,1.96596
0.116229,0.19226,0.140591,0.3714
-0.132598,1.88707,0.0641001,3.88373
-0.360262,-0.0405369,-0.124004,0.268096
0.326749,0.379628,0.293649,0.420175
0.0331594,-0.252501,0.400651,0.251652
-0.357082,0.480699,-0.294716,0.497312
0.228831,1.09662,0.0696063,1.5451
-0.0186729,-0.0481834,0.266534,0.283591
0.29119,1.0665,-0.14611,1.45973
0.0911299,-0.0481254,0.295386,0.277631
-0.0523667,0.247427,-0.0802457,0.412502
0.119364,0.568779,0.415967,0.605251
0.0995266,0.260382,0.276532,0.386021
0.114395,1.67068,0.0343111,3.13662
0.194382,1.56177,0.09158,2.78044
-0.0862817,0.206203,-0.226068,0.371139
0.32249,1.63861,0.278111,2.96546
0.456729,0.841085,0.120311,0.971163
-0.112205,1.27557,0.128196,1.98034
-0.204197,0.0874208,0.0921702,0.322277
0.178018,0.388133,0.190677,0.483801
0.0600273,1.38835,0.351738,2.24425
-0.0604567,1.15994,-0.452449,1.61454
0.290621,0.97573,0.185227,1.2664
-0.296051,1.68254,-0.121863,3.14701
-0.264548,0.218143,0.0497845,0.369662
-0.3002,1.70243,-0.0486964,3.21927
-0.123544,0.96455,-0.0895405,1.30551
0.0808928,0.516678,0.174876,0.616835
0.159836,1.93564,0.324488,4.04019
-0.160947,1.4318,-0.193768,2.37432
-0.369427,0.643784,0.211295,0.700726
0.404379,1.56961,-0.192547,2.73721
-0.364117,1.65504,-0.0333204,3.03894
0.0833613,1.56856,-0.330936,2.77687
0.183309,1.71966,-0.349417,3.25106
-0.222218,1.49808,-0.446001,2.49532
-0.315926,0.813532,-0.263692,0.954014
-0.189726,1.86073,0.437352,3.71984
0.123577,-0.0293217,-0.213089,0.289895
-0.204104,1.41971,0.127328,2.36082
-0.186284,0.411058,-0.463948,0.418918
-0.14831,1.22549,0.160613,1.85614
0.287487,1.66741,0.211258,3.08074
-0.210467,-0.305292,-0.124136,0.257606
0.117234,0.828497,0.381369,0.978614
0.116394,0.126342,0.422414,0.28742
0.457847,1.06698,-0.137891,1.39825
0.457247,1.40957,-0.0382805,2.2599
-0.218599,1.37943,-0.140514,2.24253
0.19071,1.21218,-0.11424,1.81092
-0.140046,0.21059,-0.109839,0.384977
-0.282969,1.74781,0.410583,3.30573
0.263935,1.42499,0.0361142,2.36712
-0.163651,-0.209064,-0.182843,0.264074
-0.218095,1.63504,0.28454,2.98693
-0.388202,1.67914,0.0648697,3.11915
-0.1429,0.330006,0.00145684,0.461027
-0.14401,0.336152,0.148413,0.458706
-0.0624339,1.53534,0.354671,2.66636
0.158607,0.148812,-0.472321,0.272872
0.232311,1.97238,-0.0625063,4.20966
0.135515,1.54761,0.323115,2.70181
0.253995,-0.0975091,0.19451,0.270614
0.332803,1.54603,0.333739,2.65126
-0.250552,1.02943,0.183092,1.38046
-0.445916,0.193937,-0.036364,0.309301
-0.269812,0.998437,0.375622,1.26373
-0.134792,1.18504,-0.183696,1.74213
-0.0959309,1.27835,-0.447324,1.90474
-0.313479,1.86834,0.156796,3.77262
0.489338,0.540871,0.0818646,0.543986
-0.414577,1.08277,0.0651125,1.45581
-0.0552314,0.332837,0.160045,0.459924
0.104242,0.121399,-0.0431271,0.347284
-0.356374,1.56738,-0.346174,2.70971
0.202172,1.27811,0.039692,1.99197
-0.17003,0.872942,0.373023,1.04924
0.387082,0.380574,-0.209102,0.420247
0.0923604,1.42,0.0578053,2.38313
-0.128622,0.9351,-0.392401,1.16655
-0.122538,1.61629,0.391569,2.90153
0.0489583,0.342865,0.067765,0.481485
-0.43945,0.383395,0.0239033,0.424305
-0.298867,0.834891,0.375276,0.954415
0.010455,-0.150524,0.131343,0.276207
-0.366403,0.196091,0.302854,0.299204
-0.138157,0.94549,0.137502,1.25095
-0.174332,1.7539,0.156723,3.40404
0.0539398,-0.139917,-0.0871474,0.278785
-0.29836,1.97846,0.128875,4.20276
0.098959,1.23186,0.300338,1.84761
0.306046,0.324407,-0.192599,0.40722
-0.240191,0.788084,0.357272,0.905888
0.0455404,0.228772,0.00786071,0.40249
-0.0170879,0.266174,-0.474055,0.333289
0.146541,1.93942,0.0211563,4.07219
-0.237884,1.14398,-0.224749,1.63259
0.149702,1.77521,-0.0272145,3.49519
0.386519,1.96021,-0.124499,4.11632
-0.259955,0.263711,-0.086973,0.393848
0.178336,1.24842,0.1192,1.91532
-0.405223,1.85246,-0.0931752,3.71518
0.252545,-0.247673,-0.0435793,0.260175
0.183537,1.41247,-0.326093,2.30275
-0.153894,1.32805,0.157886,2.11042
0.13769,1.56701,-0.464816,2.71484
-0.339013,-0.106148,-0.125924,0.264336
-0.0979793,1.18922,0.206594,1.76575
0.20457,1.8285,0.391021,3.62318
0.396406,0.681316,0.182592,0.743397
-0.442163,1.88216,-0.219346,3.7947
0.00729952,1.37464,0.493615,2.14208
0.112906,0.882938,-0.145426,1.14344
0.290356,0.418152,-0.146813,0.489726
-0.243063,1.45187,0.189746,2.43131
0.220397,0.817206,0.29847,0.975928
-0.227609,1.40613,-0.354993,2.26706
0.123891,0.193212,-0.0376199,0.377894
0.247408,0.62334,-0.318771,0.678303
-0.205946,-0.227455,0.239503,0.257995
-0.171422,0.263931,0.203093,0.396966
0.359233,0.490444,0.280702,0.512723
-0.0395272,0.326716,0.251658,0.438655
0.0584239,1.12336,-0.25539,1.60017
0.176035,1.36284,-0.00828658,2.2106
-0.472909,-0.012025,-0.106797,0.252932
0.01717,1.62231,0.072446,2.99663
0.0137952,0.619709,-0.333111,0.701198
-0.444412,1.0525,-0.155399,1.37216
0.0902376,1.82654,0.478657,3.59107
-0.424935,0.0855989,-0.198962,0.26891
-0.0798866,0.88366,0.184495,1.13055
0.00969507,0.704755,-0.0754545,0.875124
-0.0996615,0.477484,0.0120118,0.590134
0.125315,0.881459,-0.0475908,1.14621
0.0914574,0.42949,-0.456195,0.450563
-0.218663,1.05645,0.182123,1.45446
-0.170678,1.60005,0.29241,2.86353
0.0730703,0.0173221,0.417003,0.268259
-0.161817,0.463681,-0.0255833,0.573517
-0.10742,0.862233,0.283043,1.07172
0.379325,0.00412756,-0.22948,0.263183
0.241157,-0.4049,-0.166718,0.249964
0.182565,0.497575,-0.20879,0.583975
-0.17403,1.09144,0.4493,1.4498
0.256125,1.24476,0.139411,1.88187
0.227196,0.684177,-0.0104258,0.817939
0.398371,1.37897,0.261206,2.16098
0.391344,0.0197372,-0.094736,0.27369
0.189605,0.0214156,0.130263,0.302871
0.24165,-0.314857,-0.174408,0.253725
-0.246759,0.0225114,0.189144,0.292376
0.027765,-0.0969363,-0.364184,0.265834
0.298008,0.941741,-0.250681,1.18352
0.422446,0.114256,0.113345,0.283976
0.200854,-0.20229,0.264667,0.258463
-0.0236487,0.415089,0.200623,0.516824
-0.353286,1.76465,0.266739,3.38216
0.190479,-0.0623655,0.0420551,0.28837
-0.301584,0.0986507,0.232976,0.296983
-0.479469,0.181511,0.0512515,0.290301
0.143239,1.5672,-0.272459,2.78329
0.282653,0.233037,-0.0693399,0.374111
0.2067,1.56905,0.369515,2.74415
-0.215183,1.19583,0.275803,1.74321
0.486085,0.592159,0.0718996,0.604833
0.163907,-0.33059,0.00201314,0.257182
0.276155,1.10287,-0.150087,1.54272
-0.372575,0.473937,0.0118588,0.523782
-0.16456,1.36831,0.450127,2.132
0.296531,1.13717,0.000220454,1.62202
0.320315,-0.0319011,0.18396,0.273344
0.352927,0.0297231,-0.029938,0.28588
-0.122262,1.05612,0.399646,1.3991
0.174318,0.314634,0.116715,0.439032
0.0872042,-0.138057,-0.167366,0.274546
0.014415,1.28332,0.0722595,2.01274
-0.333958,0.33464,0.0776909,0.420291
0.218075,1.86398,0.313853,3.76148
0.263905,-0.0755211,-0.157652,0.273416
-0.138595,0.169522,-0.475494,0.280594
-0.110463,1.27279,-0.388069,1.90975
-0.0562743,1.11915,-0.487887,1.50725
0.11726,0.381425,0.176589,0.488942
0.422325,0.500029,0.0347278,0.534682
-0.087339,0.230543,-0.00910288,0.404003
0.0881568,0.317944,0.117186,0.449234
-0.0453883,0.151976,-0.497006,0.273485
-0.187945,1.1824,0.202794,1.73631
-0.184318,1.10336,0.200361,1.55379
-0.33235,-0.306521,0.138802,0.25135
0.222604,1.42556,-0.30658,2.3298
-0.00550517,1.02028,0.137343,1.40538
0.060669,0.0367647,-0.38529,0.279274
0.352559,0.167359,-0.164353,0.317881
-0.28199,0.0731404,0.165069,0.301428
0.280008,0.26658,-0.259222,0.366013
0.100324,-0.453183,0.00121144,0.251536
-0.277627,-0.0539304,0.329942,0.260406
0.365022,0.136432,-0.277762,0.285064
-0.381123,0.428087,0.279073,0.446945
0.221674,1.50924,0.00475636,2.61569
-0.176523,1.50336,-0.155714,2.60933
-0.271596,-0.0402976,0.207635,0.275382
-0.283546,-0.189937,-0.335304,0.251615
-0.228147,0.0917312,-0.0393077,0.322634
-0.293543,0.131428,0.40005,0.268554
-0.366734,0.168247,-0.221876,0.30476
-0.0238395,0.323815,-0.173902,0.446771
0.0657129,0.988544,0.483821,1.23217
0.147504,0.684475,-0.188978,0.807638
0.320661,-0.109441,-0.350564,0.251015
-0.0422309,0.64392,-0.458241,0.683916
0.110349,-0.438306,-0.0404501,0.251628
0.074657,1.58846,0.352912,2.8356
-0.0623553,1.13924,-0.202131,1.64723
0.384328,0.765252,-0.233216,0.860913
0.13918,1.87874,-0.472884,3.78364
-0.171653,0.626636,-0.173814,0.737846
0.086795,1.47375,0.198104,2.51488
-0.0811132,1.80351,0.0899681,3.58747
0.0169997,0.646916,0.0739063,0.789703
-0.251088,1.9627,0.251321,4.13772
-0.269679,0.323848,-0.184933,0.42043
-0.0739595,-7.34809e-06,0.418859,0.265699
-0.410525,0.880576,-0.170654,1.05081
-0.0109284,0.13009,-0.411322,0.296931
-0.111636,0.662582,0.174585,0.787868
0.127419,-0.0690296,0.36152,0.264668
0.0293945,1.36597,0.340032,2.17725
-0.053402,0.743736,0.353762,0.866766
0.0830361,0.828711,-0.363675,0.986633
0.298007,0.0684847,-0.0437795,0.306405
-0.0596078,1.20537,-0.191605,1.80056
0.0584523,1.5933,-0.361048,2.8445
-0.327121,-0.361631,-0.0988869,0.250058
0.25631,0.780442,0.309921,0.903237
0.15327,0.853137,0.0882134,1.08409
0.0422841,0.150684,0.220594,0.348366
-0.252309,0.912185,0.139772,1.16901
-0.200448,0.556478,-0.195322,0.639543
-0.209454,1.45406,-0.104881,2.45869
0.0953921,1.51482,0.438537,2.56971
-0.0134722,1.81128,-0.00583799,3.63976
0.16682,-0.368166,0.222932,0.251831
0.324218,0.526444,-0.034547,0.595972
0.0180844,1.59112,-0.222867,2.87009
0.0867738,1.2217,0.167259,1.85097
0.0899888,0.783526,0.298009,0.940128
0.329818,0.711768,-0.00154084,0.827888
-0.232386,0.275191,0.37304,0.351588
0.361997,0.668535,0.295405,0.710706
-0.167629,1.52195,-0.162588,2.65318
0.0867651,-0.333154,0.313486,0.252202
-0.167297,0.697555,0.440039,0.750538
-0.0728848,-0.404338,0.236103,0.251162
-0.157127,0.983966,0.459235,1.22398
0.363949,1.60208,0.0689107,2.87382
-0.257823,0.194973,-0.210792,0.344632
0.0896331,0.77726,0.349279,0.915986
-0.112476,1.56325,-0.0757212,2.80353
-0.201913,0.0292953,0.182138,0.30002
-0.202152,0.722599,0.288781,0.836177
-0.293891,0.684159,0.163607,0.787872
-0.161641,1.67812,0.097024,3.16626
0.101545,0.055264,0.304377,0.296972
0.0194708,1.74589,-0.213629,3.38351
-0.148831,1.51664,0.0859676,2.64049
-0.276965,0.292568,0.302751,0.372311
0.200774,-0.0353858,0.38083,0.261609
0.0302272,0.589136,0.323326,0.667605
-0.0493759,-0.355323,0.287425,0.252051
0.277244,0.643322,0.0730704,0.746025
-0.201076,1.32191,-0.147848,2.09034
0.214928,0.250808,-0.146545,0.390897
0.0145554,1.02636,0.0389706,1.42879
0.173093,1.957,-0.325538,4.11389
0.222593,0.0224403,0.0883982,0.30181
0.0506309,1.86894,0.318939,3.79629
-0.0172553,1.21412,-0.325044,1.80285
-0.0935633,-0.282312,-0.0299681,0.262709
0.28603,1.23262,0.0389271,1.8494
0.346501,1.6795,0.0231403,3.13359
0.125098,0.869265,-0.17382,1.10344
-0.116941,0.5122,-0.25101,0.597243
0.151687,1.98157,0.140124,4.23161
0.173277,-0.187,-0.122355,0.268351
-0.132206,-0.152516,-0.255647,0.267133
0.403848,0.560377,-0.199099,0.587763
0.276562,0.110531,0.145335,0.317364
-0.262208,-0.333857,0.202672,0.251414
0.357903,1.1914,-0.121665,1.71559
-0.0964872,1.78688,-0.458429,3.45424
-0.386423,1.28041,-0.276015,1.9018
0.205051,-0.146105,0.0848968,0.272204
0.387556,-0.101609,-0.123161,0.259764
-0.280481,1.10147,0.117554,1.54181
-0.084936,1.42437,0.202006,2.38292
0.0454819,-0.208943,-0.351212,0.257032
0.323824,1.49078,-0.0802364,2.53565
0.180767,0.700767,-0.15386,0.842343
-0.39732,1.00351,-0.263894,1.26699
-0.251061,0.229221,0.140883,0.371205
0.166868,1.5327,0.141634,2.69239
-0.156201,1.19407,0.128016,1.77716
0.0289036,1.35506,-0.121303,2.19537
-0.0838846,1.55713,0.287426,2.74954
0.222038,0.524731,-0.018653,0.620527
-0.102896,-0.263596,-0.192786,0.259716
-0.0983551,0.391647,0.115062,0.506293
0.184719,1.41725,-0.342598,2.31003
0.117412,1.19743,0.19061,1.78987
0.156025,1.0221,0.358489,1.34041
-0.339365,1.95886,-0.0465824,4.13077
0.130156,1.94401,0.320907,4.08204
0.0548064,-0.0185418,0.164208,0.298796
-0.196671,0.980586,0.0724279,1.32385
0.32558,1.6664,0.111819,3.08726
0.316745,0.0269909,0.129371,0.287011
-0.0363126,0.486973,0.0372863,0.606184
-0.0182924,-0.450754,-0.0238509,0.252031
0.35647,1.23116,0.298582,1.78242
0.251749,0.435601,-0.191733,0.510497
0.31507,-0.303431,0.0827849,0.253143
-0.314859,-0.179578,-0.15077,0.259046
0.216264,-0.182268,0.386832,0.251331
0.106035,1.54602,0.43395,2.67046
-0.415673,0.406054,-0.250676,0.422211
-0.174802,0.103474,0.34637,0.296083
-0.182159,1.95646,0.19779,4.13545
0.0399368,0.755025,-0.0691416,0.934805
0.179315,0.762708,-0.399233,0.863048
-0.0734249,1.9535,0.0729262,4.13751
-0.122413,0.585478,0.0761643,0.702608
0.241567,0.172942,0.427485,0.283007
0.160153,0.407584,-0.225655,0.496862
-0.236952,1.33455,-0.0740234,2.11715
0.107473,0.220089,0.467114,0.307007
-0.0657418,0.701793,-0.462963,0.756813
-0.0853719,1.44335,0.200616,2.42234
-0.191998,1.69414,0.382854,3.15044
-0.211558,0.20202,-0.30408,0.336562
-0.254552,1.2213,0.139091,1.81937
-0.424472,0.744248,-0.082062,0.834779
-0.0249669,1.10643,0.193809,1.58377
-0.231848,0.875156,-0.0627494,1.11229
0.166294,1.28426,0.354167,1.9559
0.275669,1.46698,-0.120666,2.47854
0.3169,0.873368,0.0583311,1.07911
-0.246488,1.1834,-0.196355,1.72535
-0.367827,1.08333,0.151439,1.47282
-0.305786,1.9157,-0.367831,3.92972
-0.295192,1.51509,-0.257088,2.59394
-0.028222,1.54101,-0.237485,2.71108
-0.246363,0.414658,0.121218,0.502295
0.119206,0.356644,0.218382,0.463211
0.273517,1.56424,-0.414754,2.69741
-0.0814261,1.33755,0.0342948,2.14666
-0.262038,0.293012,-0.271443,0.384456
-0.285087,1.05979,-0.103715,1.45569
-0.0337815,-0.0886426,0.467925,0.252904
0.0210609,0.396248,0.0386901,0.524708
0.248567,1.52108,-0.23218,2.62993
-0.407354,1.57199,0.088073,2.75393
0.0946286,1.46625,-0.409451,2.44228
-0.108848,1.75346,-0.0466932,3.41868
0.105356,0.600656,-0.430742,0.63752
0.142917,-0.170309,0.0485058,0.273024
0.300616,0.213188,-0.191818,0.346923
-0.147914,0.947673,0.0787334,1.25467
-0.420063,1.43325,-0.159705,2.32817
-0.197835,0.875581,0.340881,1.06165
-0.317994,1.23046,-0.0874304,1.83424
-0.0763449,0.210554,-0.0590326,0.391983
0.455924,1.63691,0.0257785,2.94947
0.239012,0.440981,-0.430834,0.447358
-0.354006,0.736667,-0.343882,0.795511
-0.181779,0.790617,-0.0666581,0.983236
0.26079,0.404656,0.0320804,0.497804
-0.0147053,1.54747,0.188292,2.74781
-0.38951,1.76395,-0.131608,3.39034
-0.173318,1.43631,0.35248,2.35973
0.218761,1.90929,-0.30921,3.9349
-0.484571,1.31156,0.114608,1.97185
0.383261,0.447067,0.256585,0.468153
-0.353195,1.42697,-0.326777,2.29609
-0.106366,0.172825,0.133736,0.365211
0.411912,0.517599,0.124497,0.55075
-0.0848284,-0.407865,0.162868,0.252559
-0.243557,1.80413,-0.109562,3.57096
-0.411249,0.392143,-0.0128072,0.439686
0.0426927,0.954649,-0.199796,1.27139
0.034417,-0.232474,0.172955,0.264672
-0.016647,1.9326,-0.0383828,4.05819
0.377557,-0.310954,0.0844073,0.25017
0.44296,0.943555,0.118434,1.16251
0.229928,0.555786,0.234101,0.627187
0.158286,1.72286,0.0748164,3.31006
-0.254506,0.450647,0.00493387,0.538681
0.494404,0.879895,-0.0337703,1.02614
0.113848,1.67092,-0.147291,3.13331
-0.288008,0.357895,-0.140475,0.443857
0.320388,0.904127,0.0969343,1.13999
0.462089,-0.0648738,-0.027297,0.254129
0.250469,-0.252029,0.126128,0.258263
-0.299903,1.17841,0.365517,1.65081
0.243555,0.0704939,-0.342456,0.280614
0.420666,1.20017,0.0980956,1.72225
-0.203683,1.47567,-0.289577,2.48899
0.228766,0.00114667,-0.10606,0.295938
-0.243251,0.263208,0.185973,0.38482
-0.205387,0.958281,0.290364,1.23455
-0.240819,-0.300458,-0.129061,0.255916
0.175895,1.82992,-0.141928,3.67627
-0.0782989,0.676584,0.089045,0.824822
0.166651,0.833147,-0.140893,1.04227
-0.310671,0.982025,-0.103933,1.28178
0.422619,0.836653,-0.166107,0.971959
-0.463669,1.72205,-0.00142013,3.23833
-0.106451,-0.16018,-0.449751,0.251027
-0.00814114,1.4108,0.0578592,2.36602
-0.405604,0.862783,0.257069,1.00399
-0.0588961,-0.330268,0.0358281,0.258338
-0.421823,0.393272,0.19723,0.420254
0.160968,0.597587,-0.235298,0.685711
0.462193,0.497827,-0.152257,0.504358
-0.21961,1.65893,-0.013796,3.08427
0.29403,1.62122,0.0612979,2.95143
-0.0387754,-0.377469,-0.293264,0.250968
-0.202102,0.911682,-0.248807,1.15198
0.449175,0.778035,0.139492,0.869247
-0.399594,1.05998,0.184332,1.40318
0.423439,1.65504,-0.166848,3.00985
-0.0168203,-0.291347,0.137523,0.260757
0.366323,-0.281399,-0.157745,0.250678
-0.0840893,1.22366,0.221736,1.85009
-0.208375,0.470753,0.168899,0.55943
0.192533,1.19498,0.174526,1.76309
0.339011,0.935227,0.0483855,1.19184
-0.406754,1.88245,-0.209213,3.80237
0.29485,1.7556,0.0665696,3.40409
-0.263687,1.98707,-0.02521,4.23372
-0.146676,1.13257,0.462089,1.54
-0.0640844,1.11287,0.46097,1.5046
-0.0914843,-0.20595,-0.0628101,0.270871
-0.258021,1.76551,0.0515061,3.44191
0.321079,1.7748,-0.140175,3.44431
0.0941137,1.72427,-0.298142,3.28128
-0.302747,1.97075,0.378542,4.13483
-0.0180374,-0.0317396,0.17655,0.297503
-0.459305,1.16628,0.0756929,1.6255
-0.250691,0.496601,0.00648853,0.587508
0.480369,0.37994,-0.0726569,0.400633
0.300786,1.60005,0.140645,2.87578
0.368786,-0.0845185,0.318605,0.250524
0.475069,1.42828,0.075725,2.29786
0.241375,1.31805,-0.123186,2.06553
-0.0068302,1.6753,-0.492542,3.06055
-0.248144,1.70041,0.30134,3.18513
0.413581,0.070701,0.0581115,0.279142
-0.0780032,0.385476,0.48024,0.404191
0.182701,1.86187,0.266248,3.76912
0.471493,0.536275,0.0269896,0.551555
-0.0486659,-0.443529,0.00938991,0.252389
-0.0869538,-0.135645,0.434096,0.254349
-0.100161,1.82565,-0.347728,3.62296
-0.457129,1.20262,-0.0458779,1.71352
-0.190672,1.39981,-0.00158824,2.30807
0.0197079,0.159893,0.471169,0.28666
-0.447054,1.31054,0.156592,1.98058
-0.371331,0.745208,0.0312657,0.860554
0.335862,-0.0123964,-0.192151,0.271569
-0.0365842,1.41184,-0.469669,2.26012
-0.452774,1.78409,0.203124,3.43489
-0.224062,0.878891,0.274128,1.08617
-0.120483,1.91316,0.0546841,3.98316
0.0914794,0.758633,0.399318,0.862846
0.0334435,-0.464128,0.0198707,0.251323
-0.314163,0.809032,-0.149046,0.964629
0.0140992,1.35466,-0.107993,2.19537
0.0764102,0.965146,-0.308201,1.25262
-0.132867,0.674637,0.298339,0.775685
-0.135035,0.312654,-0.193768,0.43046
-0.402952,1.98972,-0.193842,4.22107
0.263402,0.0236634,0.231281,0.282984
-0.295325,1.39872,0.378048,2.21605
-0.312377,-0.0716083,0.21237,0.267356
0.165832,1.58925,-0.381581,2.81195
0.344996,1.28898,-0.244323,1.94164
0.396621,1.10321,0.068692,1.51151
0.175652,1.20912,0.275974,1.78482
0.050924,1.51877,-0.473971,2.56741
-0.407742,0.627313,0.251382,0.654236
-0.143276,0.519685,0.46744,0.525853
-0.117548,1.59925,-0.385249,2.84941
-0.132949,-0.311582,0.0127995,0.259001
0.34806,1.05551,-0.237063,1.39626
0.355794,0.47342,0.0950194,0.528272
0.138498,0.238686,-0.40936,0.334399
0.233287,0.938981,-0.0363745,1.22739
0.0775255,0.729232,0.368112,0.836404
-0.390419,1.59171,0.177573,2.8057
0.118629,1.84229,0.0596993,3.72641
-0.25842,0.45004,-0.299318,0.498864
0.0414322,0.246404,0.107794,0.406345
-0.259951,1.10518,-0.175935,1.55565
-0.351588,0.288166,-0.144403,0.378918
0.0397432,1.70035,-0.0965217,3.25505
-0.386003,-0.152504,0.0256569,0.258506
-0.125337,0.0346825,-0.435516,0.264796
-0.08492,1.70991,-0.344556,3.22852
-0.130023,1.53934,-0.0133718,2.73169
-0.207833,1.44355,0.0174838,2.42191
-0.304424,0.860246,-0.345365,1.01052
0.131034,0.263325,-0.0216662,0.418957
-0.0320524,-0.251969,-0.150593,0.263671
0.00610683,1.81508,-0.408473,3.57888
-0.395806,0.899318,0.193411,1.08857
0.0641117,0.550481,-0.0798004,0.666192
-0.407404,-0.108154,0.0890681,0.258123
0.203359,-0.106625,0.41219,0.253307
-0.319489,-0.110625,0.222517,0.2607
-0.0109616,0.624544,0.488446,0.645138
-0.137932,0.18374,0.47423,0.286048
0.411489,-0.194747,-0.181922,0.25079
0.483431,1.30619,-0.0361138,1.96315
0.0579107,0.659447,0.39956,0.729104
-0.255862,0.110343,-0.366644,0.28083
0.195854,1.05541,0.104516,1.45538
-0.393717,0.679615,-0.0852057,0.757553
-0.243981,1.07466,0.13784,1.4924
0.0106458,1.02073,-0.100422,1.41631
-0.256465,1.90127,0.132393,3.93763
0.228602,0.953835,-0.0343463,1.25948
0.337297,0.0668953,-0.367971,0.254792
0.46938,1.97996,0.126337,4.17256
-0.134147,1.2397,-0.120932,1.90893
-0.221029,1.24131,0.358977,1.83168
0.446604,0.586527,0.172429,0.602806
-0.0796132,-0.226037,-0.41824,0.251247
0.145332,-0.226291,0.050341,0.265787
-0.329505,1.34402,-0.24109,2.09886
0.205999,0.544327,-0.326497,0.598262
-0.207633,1.42707,-0.37178,2.31842
-0.103832,1.49896,-0.13677,2.6068
0.421783,1.02031,0.0577763,1.32158
0.237299,0.0550396,-0.38007,0.269155
-0.226831,0.533917,0.173519,0.611104
0.220935,1.98391,0.0702722,4.23496
0.349319,0.268122,-0.261064,0.349095
-0.175947,0.190395,0.291591,0.338377
0.0776867,0.266254,-0.473482,0.329843
-0.2184,1.32749,-0.186581,2.09001
0.11064,0.276455,0.253272,0.401367
0.309687,1.92628,-0.207054,3.99821
0.433585,0.397991,0.200609,0.418239
0.21374,1.46974,-0.126715,2.497
0.435968,0.399809,-0.136743,0.429883
0.0712979,1.99886,-0.398977,4.27448
-0.241118,1.92593,0.421948,3.96502
0.122115,1.60613,-0.188427,2.91319
0.163373,0.59527,-0.232213,0.684008
0.102736,1.75512,0.134084,3.41072
0.149911,1.31096,-0.144241,2.07117
0.0981311,1.86017,-0.368949,3.75341
-0.166728,1.57335,0.0441659,2.82618
-0.369299,1.10437,0.126105,1.51854
0.209102,0.931266,-0.420758,1.13432
0.0692768,1.08183,0.0362128,1.54235
-0.204064,0.837238,-0.0185688,1.04534
0.0211998,1.34863,-0.117374,2.18175
-0.106085,-0.122068,0.313159,0.266808
-0.110806,1.00414,0.347205,1.31747
0.330733,-0.0584976,0.196889,0.26626
-0.304006,1.13254,-0.368982,1.54375
0.0478688,1.27993,0.0188926,2.0052
0.442364,0.0937093,0.127656,0.2718
0.320329,0.187877,-0.170765,0.333403
-0.334867,0.0522702,0.191534,0.283551
-0.270388,-0.0288232,0.299016,0.267961
0.0835706,1.37078,0.459577,2.14926
-0.181807,0.656274,0.118561,0.781711
-0.0647781,0.402207,-0.290106,0.490714
-0.209131,1.18978,0.149264,1.75664
-0.331329,0.596118,-0.207327,0.652317
-0.281455,1.48174,0.169285,2.49729
0.486536,1.86578,-0.0501468,3.73395
0.025437,0.998101,-0.398634,1.28487
0.191199,0.201632,-0.32251,0.335099
-0.356734,0.375588,0.0876915,0.442879
0.332624,1.99883,-0.315224,4.25854
0.320461,0.85056,-0.136607,1.0352
0.378541,-0.16739,-0.0717149,0.257284
-0.364492,0.830521,-0.277951,0.960557
0.0939124,1.00341,-0.0450238,1.37825
-0.24019,1.77056,0.0562022,3.46777
-0.247853,1.79074,0.405506,3.46776
0.00990439,1.4412,0.0688748,2.42575
-0.219031,1.8051,0.36126,3.54755
-0.178278,-0.146708,0.264285,0.264843
-0.302905,0.933717,-0.198846,1.1814
-0.312419,0.621042,0.0558577,0.704035
-0.360914,0.356038,0.192662,0.415071
-0.119068,1.33759,0.0412572,2.15692
0.240847,1.28776,0.257247,1.97073
0.0805578,1.77186,0.297038,3.45344
-0.02812,0.972618,-0.112667,1.31396
-0.102822,0.95849,0.302534,1.24096
0.247607,0.660683,0.0798644,0.778879
-0.336064,1.97275,-0.203554,4.16593
0.341696,1.89226,0.0930622,3.88551
-0.388413,0.742261,-0.217298,0.82562
-0.125686,1.68182,-0.380358,3.12429
-0.261691,-0.112977,-0.324879,0.257982
-0.266293,0.719234,-0.0362603,0.851326
-0.0177017,1.40301,-0.253949,2.30174
-0.178679,0.866281,-0.309025,1.06724
0.204376,-0.124986,-0.438006,0.250013
0.00535447,-0.236772,-0.0360027,0.267375
0.216614,0.206059,0.0351189,0.374137
-0.10283,1.71007,-0.167174,3.27397
-0.0932946,1.07344,-0.212974,1.49992
-0.359494,1.61616,0.263252,2.88847
-0.194964,0.0411534,-0.275398,0.292861
0.154248,0.134277,-0.312854,0.316012
-0.295061,0.603444,0.0189333,0.695806
-0.127058,1.67558,-0.410212,3.08149
-0.0726811,0.110187,0.0910985,0.34097
-0.485174,0.160361,-0.106232,0.276832
-0.0401954,1.55436,0.267261,2.7522
0.041929,1.13647,0.455874,1.56618
0.425175,0.565728,-0.243017,0.575662
-0.202595,-0.385678,0.130055,0.252094
-0.0997811,0.683094,0.0490159,0.830315
0.243768,-0.356736,-0.0531998,0.253371
0.403687,0.748316,-0.223878,0.829568
0.0874212,-0.0803516,0.426423,0.258276
0.475525,1.36335,-0.111956,2.11305
-0.239501,-0.0190556,-0.0633488,0.290942
-0.0373452,1.87224,0.138222,3.84457
-0.189157,1.06048,0.152531,1.46022
0.171808,1.69789,-0.158136,3.20435
-0.342625,0.503724,-0.325104,0.515986
-0.153807,-0.0743068,0.466528,0.250515
-0.0470518,1.55025,0.454022,2.6698
0.203869,-0.138526,-0.178811,0.269902
-0.481629,0.90703,-0.037095,1.08217
0.102462,1.64071,0.0562427,3.04391
0.423094,0.719354,0.204848,0.782863
0.394834,-0.0473062,-0.16826,0.261295
-0.0193485,1.2591,0.00566348,1.9602
-0.113102,0.87795,-0.238025,1.10805
-0.0526657,1.69228,-0.314867,3.17429
0.153039,-0.119032,0.171585,0.275556
-0.0953867,0.0714583,0.191346,0.318399
-0.0412774,0.319605,-0.420403,0.38578
0.0378296,1.09588,-0.211917,1.55262
-0.302194,0.683332,0.277649,0.759075
-0.184799,1.07145,-0.0231478,1.49777
0.243063,1.25417,0.120134,1.90875
0.0950995,0.0911693,0.246103,0.318425
-0.0947988,0.051298,0.230655,0.3068
-0.202044,-0.238374,-0.161749,0.260177
-0.216548,-0.337187,-0.0593771,0.255034
0.13316,1.802,0.117658,3.59044
-0.339127,1.19203,-0.161916,1.71998
0.182264,1.06996,0.267869,1.47539
0.161084,-0.109162,0.148164,0.276067
0.453818,0.284227,0.0885256,0.346869
-0.34012,0.518555,-0.235485,0.557385
-0.108824,1.46144,0.208966,2.47622
0.0350162,1.54039,-0.0762774,2.7422
-0.11333,0.973661,-0.20058,1.29862
0.400122,0.61946,0.201462,0.655603
0.30414,0.326665,-0.383679,0.360888
-0.392656,1.83821,-0.0503646,3.66719
0.0372942,1.89651,-0.148915,3.92538
0.20053,1.80466,0.305041,3.55392
-0.150793,0.339599,0.120475,0.463758
0.0464414,0.890725,-0.0856955,1.16429
-0.163713,-0.258537,0.0761985,0.262232
0.0796562,-0.102878,-0.294636,0.270051
-0.0590977,1.17787,0.160565,1.7542
-0.0887604,1.20972,-0.00633048,1.82814
0.345629,1.76123,-0.277278,3.37147
0.275521,0.648711,-0.221733,0.738642
0.00810625,0.207869,0.083065,0.389414
0.153097,0.289955,-0.155908,0.420146
-0.262424,0.219881,0.270528,0.342229
-0.206324,1.22854,0.224727,1.84403
0.341541,1.02708,-0.261637,1.33714
0.37536,0.544536,0.268588,0.565167
-0.170916,1.25065,-0.0563763,1.92023
0.272438,1.48739,-0.0697141,2.54095
0.108705,1.70389,-0.263344,3.23105
0.0685178,0.292889,0.34954,0.39036
0.196884,0.590504,-0.171206,0.685766
-0.363399,0.0884927,-0.275804,0.272407
0.112017,0.154971,-0.0896715,0.359266
0.234844,-0.00454689,0.0644026,0.295479
0.12241,1.65666,0.411793,3.02373
-0.208234,1.18124,0.236834,1.72225
-0.13348,-0.296314,-0.133067,0.257917
0.0962017,-0.100585,-0.0564191,0.28529
-0.105777,0.565421,-0.162354,0.670696
-0.200766,-0.0628541,-0.441671,0.251435
0.0827811,0.804427,0.155498,1.00353
0.0552697,0.61508,-0.3821,0.676301
-0.15076,-0.216803,0.16121,0.263457
0.0524176,1.11711,0.384999,1.54586
-0.248862,0.446816,-0.0319932,0.540333
-0.0698802,0.0984804,0.313385,0.311062
0.266855,1.70565,0.000785705,3.23156
-0.248223,1.93271,-0.214117,4.02493
0.384561,-0.198923,-0.120743,0.254369
-0.122706,-0.205543,-0.253566,0.262552
0.0838532,0.714603,-0.443262,0.783754
0.455792,1.76354,0.0572303,3.3788
-0.349666,1.31494,-0.218239,2.01435
-0.314683,1.18074,-0.37335,1.65041
-0.0312734,1.52089,0.198441,2.66888
-0.140787,1.97805,0.0595553,4.23372
-0.144751,0.99608,0.474936,1.24369
-0.409695,1.22067,0.0702679,1.78119
0.400469,0.395603,-0.020062,0.449233
0.12869,1.64009,-0.278817,3.0208
-0.0144228,1.36406,-0.107137,2.22015
0.0162038,0.515042,0.183418,0.620087
0.21007,0.89904,0.354476,1.0953
-0.0540926,1.4078,-0.22623,2.3281
-0.170802,0.274189,0.0636175,0.415962
0.0176182,1.04742,-0.177931,1.45035
-0.424627,1.71813,0.248581,3.2059
0.0546044,-0.360837,0.313902,0.251101
0.218686,1.00598,-0.416951,1.27476
0.214677,1.57566,0.278787,2.80373
-0.306767,0.891377,0.262143,1.08459
0.0647748,1.78757,0.372031,3.48392
0.112587,1.0571,-0.145043,1.46764
-0.111104,0.321674,-0.457812,0.365711
-0.291621,0.142774,0.337996,0.291113
0.438085,1.87039,0.0722834,3.76837
0.113469,1.29384,-0.374616,1.97323
0.368271,1.07797,0.322717,1.41672
-0.0661467,0.0558689,-0.364398,0.287901
0.457782,0.231745,-0.0913337,0.317806
0.295157,0.865722,-0.00483714,1.08041
-0.207421,0.649091,0.0277306,0.771595
-0.302873,0.40988,-0.354965,0.434015
0.0349323,1.96111,-0.204849,4.15153
0.465495,1.97298,0.125163,4.14684
-0.322766,0.138786,0.145948,0.316974
0.298956,1.97414,0.129256,4.19167
0.35491,0.72915,-0.349022,0.782644
-0.220373,0.389417,-0.0590058,0.490334
0.166645,1.71862,0.337603,3.25643
-0.0226898,1.47727,-0.30379,2.50367
0.255975,1.07297,0.246974,1.45802
0.182089,-0.416865,0.183179,0.250541
0.494444,0.208027,-0.0210644,0.294998
-0.0248884,1.78687,0.418416,3.47817
-0.0874053,0.881736,-0.443867,1.05052
-0.131015,0.674524,-0.338337,0.762918
0.0325278,1.1457,0.0699325,1.68764
-0.00897209,1.56073,0.143234,2.78395
-0.108651,1.72587,-0.373062,3.27596
-0.0596741,1.7553,0.0865617,3.42261
-0.238102,1.56158,0.342814,2.72845
0.143977,1.51401,-0.0376903,2.64164
-0.231559,-0.246557,-0.271241,0.254504
0.437356,1.43819,0.203573,2.32805
0.0476888,1.95367,-0.493689,4.06867
-0.473371,0.376087,-0.125987,0.396188
0.117216,0.00187749,0.285515,0.287439
0.245159,-0.0528936,0.00150332,0.286337
-0.178353,1.45724,0.378922,2.3987
0.168675,1.989,-0.381852,4.22118
0.0269739,0.956449,-0.32553,1.2366
-0.073798,1.13413,-0.0997156,1.65353
-0.244305,0.198215,0.180335,0.351729
-0.189651,0.170623,-0.172334,0.351127
-0.0108157,0.472644,0.0812541,0.588395
-0.18255,0.239829,-0.24347,0.372696
0.273919,1.50561,0.366275,2.53642
-0.000581738,1.31362,-0.00090209,2.09702
-0.375176,1.99971,-0.23515,4.25575
-0.194996,1.63814,-0.0109196,3.01836
-0.0163456,0.808699,0.309814,0.978105
0.193399,1.60994,-0.113999,2.94367
0.00228706,0.584652,-0.232819,0.689674
0.0201966,1.84116,-0.219786,3.71493
-0.202277,1.96793,0.28341,4.14378
-0.132261,0.117916,-0.196724,0.330577
-0.240975,0.859706,0.3755,1.0144
-0.185018,0.630995,0.182673,0.731343
-0.129324,1.01593,0.253134,1.3657
-0.270828,0.710689,0.123265,0.832705
-0.0359772,-0.299748,-0.138468,0.260037
0.32613,0.601595,0.140442,0.667238
0.0519838,1.39529,0.141286,2.29186
0.203706,0.845729,-0.420903,0.980822
-0.400025,1.38531,0.0685148,2.21312
-0.409083,0.498536,-0.196985,0.520251
0.449569,1.59768,0.0357545,2.82789
0.209462,0.652782,0.0344903,0.780384
-0.0360167,1.28295,-0.426326,1.92995
-0.373708,1.27913,-0.190934,1.92434
-0.423943,0.640019,0.0994383,0.691266
0.0174526,1.01792,-0.0874214,1.41113
0.106405,0.672133,-0.329208,0.761244
0.0771307,1.83655,-0.402216,3.65417
0.28602,0.14048,-0.138717,0.328523
0.24921,0.51249,0.396716,0.527319
-0.347232,-0.137945,-0.00633444,0.263751
0.250335,0.293664,0.167722,0.405997
0.0224743,-0.0310077,-0.417801,0.263917
-0.313012,-0.373235,0.0888394,0.250184
-0.282969,1.33643,-0.249494,2.08922
0.193334,0.097331,-0.346064,0.293408
-0.00716515,-0.198719,0.220891,0.267006
-0.42928,0.811318,-0.0394485,0.940311
0.285657,1.12177,-0.31054,1.54491
-0.310355,0.548752,-0.210225,0.606022
-0.40523,-0.10389,0.179381,0.254834
0.120953,1.12133,-0.259122,1.59209
0.0340458,0.161038,-0.0295068,0.369974
-0.0963709,0.0706315,0.0317053,0.330085
0.350484,-0.0728643,-0.318312,0.252854
-0.299185,1.42708,0.181567,2.34826
-0.296438,0.176084,-0.270017,0.316418
0.0133589,0.608748,0.244537,0.7176
-0.1331,1.84744,0.30044,3.71807
-0.206157,1.40143,-0.119597,2.29996
-0.314831,1.00446,0.0448369,1.3381
0.00106712,0.812318,0.25927,0.999946
0.420733,0.565035,0.0329653,0.604003
-0.107573,0.180035,0.243953,0.354044
-0.258004,1.28826,-0.268608,1.96472
0.307372,1.50605,0.296797,2.55032
0.390163,1.00585,0.223256,1.283
-0.254697,-0.338989,0.143574,0.253004
-0.348259,0.256171,-0.102371,0.363906
-0.0230448,1.80178,-0.119544,3.58875
0.443486,1.05952,-0.108986,1.39476
0.234339,0.98501,-0.15935,1.31211
0.00839242,1.60344,-0.453451,2.8426
0.232438,0.491041,-0.422275,0.499658
-0.138268,1.70235,0.145133,3.23389
-0.057235,1.39165,-0.264638,2.27841
-0.115456,0.668459,0.173647,0.798543
-0.0637376,0.0528635,0.411658,0.276583
-0.136094,1.876,-0.191218,3.85226
0.189224,0.914147,0.157016,1.17771
-0.115878,0.360411,0.0727808,0.482727
0.396664,1.85464,-0.0787446,3.71415
0.0799747,-0.137588,-0.142512,0.277174
0.187441,-0.0327484,-0.196851,0.283414
0.44014,0.0148223,0.0358726,0.264702
-0.0663892,0.172238,-0.266461,0.347523
-0.175414,1.75346,-0.156714,3.4068
0.14315,0.393181,-0.056681,0.507696
0.456219,0.0225961,-0.192151,0.2519
0.250855,1.92825,0.380587,3.97736
0.165238,0.0219895,0.0739988,0.308376
-0.208726,0.740484,-0.130751,0.889823
-0.00268575,0.0211621,-0.474471,0.257499
-0.220898,0.138849,-0.401819,0.285491
-0.233892,0.293121,0.112109,0.417681
-0.193886,1.3543,0.0304717,2.19612
0.124546,1.65627,-0.394838,3.02948
-0.222172,0.822369,0.0319261,1.02427
0.11904,1.63447,0.406288,2.95672
0.415464,0.0684117,0.143312,0.273639
0.0331616,-0.0670704,0.293855,0.277562
0.277417,1.14696,-0.249816,1.61791
-0.048874,1.76147,-0.488146,3.35713
0.345454,1.21952,0.348408,1.73914
0.0250727,0.773225,-0.284765,0.930011
-0.434873,1.35498,0.166598,2.10074
0.408267,1.95855,-0.224019,4.09408
0.39641,0.287276,0.162537,0.362615
0.201026,0.493152,0.351261,0.53762
-0.0273984,0.722302,0.241849,0.866886
0.027797,1.54255,-0.109772,2.74709
-0.193355,1.08078,0.0401581,1.50904
-0.292852,0.52642,-0.189329,0.590088
0.439794,0.419863,-0.208383,0.431649
-0.380456,1.31761,-0.113137,2.02367
-0.434017,0.948917,-0.00328134,1.18082
0.160833,1.88222,0.0947238,3.88437
-0.365869,0.079835,-0.0284806,0.295906
0.0543349,1.50581,-0.131653,2.63439
0.0399583,-0.223296,-0.337047,0.256484
-0.0852492,0.90943,0.461194,1.09226
0.145825,1.56884,-0.213882,2.79548
-0.0170561,1.70263,-0.247007,3.22852
0.277101,0.855905,-0.385557,0.991935
-0.162397,0.623284,-0.178506,0.730283
-0.10616,1.80199,-0.380575,3.5401
0.021891,0.929144,0.222386,1.21487
0.16804,1.2949,-0.00603146,2.0392
0.0270071,0.45669,-0.127787,0.56746
-0.29355,1.70641,-0.0192037,3.22753
0.11085,1.84519,-0.21469,3.72186
-0.224356,0.302671,-0.354215,0.37639
-0.298493,1.50001,-0.158178,2.56761
-0.0507098,0.505939,0.402316,0.547527
-0.208629,0.0274852,-0.072557,0.305697
-0.229067,0.627408,0.417307,0.654869
-0.249102,0.609151,-0.109416,0.709942
-0.30446,1.32694,0.283173,2.05427
-0.0619101,-0.199076,0.307028,0.260578
-0.295231,1.88686,-0.059973,3.86152
-0.0949572,-0.459194,0.0818746,0.25105
-0.15635,-0.104062,-0.365442,0.260136
-0.244325,1.70515,-0.179149,3.23309
0.0816392,-0.242643,0.0345554,0.266986
0.105148,1.45305,-0.185799,2.46876
0.386701,1.03231,-0.0551428,1.36081
0.0732183,0.0236277,-0.225996,0.302812
0.27921,1.65375,-0.0725398,3.06071
0.254926,1.88359,-0.185279,3.86436
-0.423149,0.0137886,0.108721,0.265109
0.0985991,-0.41546,0.119146,0.252371
-0.157001,0.509942,0.352024,0.55968
0.157117,0.563197,-0.0655047,0.667609
0.154726,1.0992,-0.103013,1.56837
0.040838,1.63834,0.294807,3.01191
-0.175764,1.92973,0.338247,4.01145
-0.066773,-0.151955,-0.372209,0.259164
-0.456393,0.610569,-0.0546832,0.643309
-0.132636,1.21273,-0.0849221,1.83082
0.294118,1.71966,-0.267941,3.2487
0.365515,1.92872,-0.0344382,4.0068
-0.334009,1.69415,0.307798,3.13335
0.239536,1.89367,-0.270388,3.87531
-0.403513,0.910423,0.124792,1.11472
0.381608,1.02069,0.102541,1.3404
0.154688,1.43874,0.470297,2.32369
-0.181738,1.98482,-0.120554,4.23043
-0.0746457,1.07395,0.0618923,1.52398
-0.115287,1.74508,-0.0885316,3.39733
0.176585,1.39886,0.0990057,2.30667
0.0136166,-0.137173,0.413188,0.257314
0.241652,0.413737,0.0962696,0.509022
-0.383717,1.32631,0.236438,2.034
0.182277,1.47062,0.0769218,2.51396
-0.310923,1.29018,-0.0338584,1.99317
-0.322245,1.03482,0.316459,1.34189
-0.19994,-0.275451,-0.191697,0.257207
0.457288,0.0800857,0.179359,0.259442
-0.419387,0.73274,-0.139654,0.815361
-0.29374,0.111098,0.219925,0.304091
-0.0566922,0.458305,0.0387641,0.574704
-0.330216,0.887658,0.132878,1.10129
0.404191,1.93866,0.184424,4.02199
-0.490314,1.23556,-0.0502172,1.78022
-0.381769,0.0452557,0.101358,0.280913
-0.23145,1.29492,0.329706,1.97257
-0.229562,1.20736,0.0880315,1.80559
0.473167,1.19861,0.134326,1.689
-0.441856,0.979721,0.18031,1.22063
0.115899,0.192144,0.206764,0.364214
0.0693341,1.91884,-0.00567033,4.01593
-0.334127,0.842054,0.299979,0.983197
0.0269251,-0.0571399,0.333121,0.274592
-0.175659,1.78772,0.0571003,3.52265
0.195452,-0.323608,0.263792,0.252032
0.294132,1.78099,-0.130253,3.48773
0.365327,1.89474,0.256316,3.85812
-0.433394,1.17955,-0.0954854,1.66569
6.24564e-05,-0.00944619,0.424403,0.265215
-0.285162,1.35541,-0.0153178,2.17215
-0.0297401,-0.0648653,0.0198279,0.295508
0.162151,1.21296,-0.199951,1.80977
0.379308,1.53344,-0.0790762,2.64749
0.218188,1.76594,-0.427655,3.37371
-0.051378,1.96518,0.0969637,4.17984
-0.151206,0.0886899,0.0978248,0.328734
-0.388425,1.23299,0.23084,1.79122
-0.0734866,1.92115,-0.151674,3.99999
0.214338,0.691184,0.25869,0.794583
-0.159346,0.352752,-0.243212,0.448058
0.123729,0.0311228,-0.20512,0.304004
-0.0410369,-0.0705606,-0.0970147,0.292109
-0.120769,0.0773029,-0.303182,0.301972
0.253621,0.592622,0.425579,0.603797
-0.1523,-0.142153,0.144741,0.27422
0.050945,-0.0796617,0.319878,0.271786
-0.160333,0.876656,-0.211103,1.10804
-0.091387,0.911709,0.0747826,1.20429
-0.0223663,1.14624,0.454398,1.58613
0.415125,0.592864,-0.0703764,0.639024
0.183039,0.610246,-0.0989069,0.722954
0.352662,0.261216,0.279397,0.339132
0.290692,0.55297,-0.190021,0.616374
0.0421157,1.12014,-0.316946,1.57449
0.0561615,0.326735,-0.0305006,0.46656
0.111359,0.560211,0.183234,0.659699
0.273427,0.162109,0.373359,0.290311
-0.311756,0.333219,-0.0682769,0.429311
0.391364,0.547731,0.193615,0.57719
-0.16408,1.7275,0.19,3.30818
-0.305891,0.449247,0.111754,0.519302
0.169305,-0.388862,-0.114848,0.253249
0.301709,1.55561,0.34497,2.68733
0.123138,0.767119,0.259615,0.928334
-0.242934,0.0998992,-0.420651,0.2648
0.18486,-0.268926,0.302688,0.253441
0.198377,1.36203,0.0491255,2.19992
-0.315111,1.85061,-0.314462,3.69606
0.154885,0.743466,0.0781129,0.912987
0.20176,1.39519,-0.276661,2.26197
-0.086774,0.336967,0.020527,0.471273
-0.147703,1.11869,-0.314867,1.57057
-0.109988,1.17069,0.174675,1.72479
0.0127731,0.992195,0.229002,1.33602
0.482132,1.04174,-0.0124306,1.34474
-0.144908,1.80479,0.308854,3.56508
0.169486,0.209996,-0.0962408,0.37888
-0.155185,0.899933,-0.0264441,1.16977
-0.119816,0.759251,0.343888,0.887575
-0.491166,0.998369,0.0839187,1.24783
0.17708,0.62436,0.451692,0.64661
-0.364981,1.31301,0.143392,2.01497
0.264505,1.3799,0.283462,2.20766
-0.346683,1.31811,0.343153,1.9942
0.0565511,1.81614,-0.245774,3.61945
-0.114173,0.720845,0.151858,0.869679
-0.10926,-0.169665,0.306965,0.261758
-0.141923,-0.351159,-0.151077,0.254872
0.386324,-0.0781975,0.218873,0.256768
-0.0200722,0.00274621,0.203698,0.300628
0.271136,1.37146,-0.185043,2.19213
-0.0791977,-0.0303777,-0.122342,0.296531
-0.19511,0.149999,0.362652,0.303256
0.0316316,1.22747,-0.248508,1.85139
0.0302786,0.830241,0.445226,0.966296
0.296799,0.880631,-0.237076,1.07981
0.0412448,1.76145,0.351206,3.40478
-0.290204,1.78284,-0.108385,3.48578
0.355614,1.3062,0.0223941,2.01208
-0.399556,1.1464,0.112456,1.60565
0.0599037,1.81986,0.138301,3.66477
0.149553,1.33087,-0.262262,2.09633
-0.0995131,1.58202,-0.206943,2.85036
-0.297135,-0.124139,-0.367942,0.250988
-0.0722068,-0.277135,0.231331,0.257986
0.294352,-0.0179286,-0.347364,0.258912
0.416712,1.33994,-0.22915,2.05641
0.0839352,0.870065,0.0430307,1.12412
0.182649,1.81695,0.0263422,3.6247
-0.15978,0.109849,-0.382904,0.290137
0.202085,-0.289124,0.17609,0.256738
0.164067,-0.203619,-0.0720487,0.267747
-0.174647,-0.000213694,0.273647,0.286183
0.131214,1.71637,-0.383764,3.23412
0.233379,1.67724,-0.33616,3.09878
-0.0279341,0.849782,0.173083,1.07843
-0.131418,0.0954503,-0.27226,0.310874
-0.170333,1.63176,0.030754,3.01494
0.303427,-0.235241,0.158899,0.255297
0.203981,0.674343,-0.186766,0.794558
-0.27501,0.609309,-0.194614,0.690317
0.163615,1.47482,0.238569,2.50265
-0.239498,1.52869,-0.414133,2.59357
0.442463,0.0909598,-0.140484,0.270458
0.139697,0.668035,0.0836292,0.806329
0.103041,-0.163461,-0.259035,0.266239
0.0464149,0.116389,-0.379673,0.302811
-0.224639,1.15656,-0.240319,1.65132
-0.43877,0.0593054,0.045866,0.272063
0.332249,0.659891,-0.0352856,0.755799
0.199059,0.0763002,0.0650793,0.322829
0.161972,1.90584,-0.272259,3.93969
-0.267022,0.731876,-0.0983525,0.871726
0.35627,-0.336032,0.0237023,0.250456
-0.0630447,0.0699181,-0.261238,0.311514
-0.168885,0.362137,0.280508,0.44536
-0.175639,0.219889,0.0661661,0.382825
-0.273423,1.16521,0.0508324,1.67953
-0.0547,1.40553,0.264219,2.30751
-0.0672498,1.48458,-0.371861,2.50681
-0.204672,0.224299,0.431221,0.31052
-0.434266,0.372396,-0.0115986,0.417339
-0.238627,1.37672,0.0354774,2.24554
-0.321113,1.59033,-0.107399,2.83728
-0.264643,1.89798,0.325641,3.87397
0.314887,-0.075402,-0.358359,0.252155
0.448625,1.17293,0.18661,1.63315
-0.270221,1.48179,0.352571,2.47287
0.187942,0.773518,-0.212611,0.931742
-0.0920151,1.39831,0.00975615,2.32041
-0.135802,1.6594,-0.190207,3.08174
-0.00158478,0.416359,0.261116,0.504159
-0.250843,0.48933,-0.0253595,0.576677
-0.228958,1.80419,-0.0310872,3.57353
0.417943,1.63646,0.132105,2.96053
-0.191082,0.483758,0.0530301,0.585946
0.261887,1.87601,-0.215125,3.82678
0.0645405,1.70973,0.467494,3.18404
0.361163,1.81081,0.0291901,3.57808
0.274841,1.04525,-0.280685,1.39184
-0.169968,1.0155,-0.411623,1.29916
-0.191072,1.48331,-0.261422,2.52445
-0.0824794,0.850601,0.227504,1.07223
0.420063,1.71106,0.141815,3.20473
-0.0756984,0.885575,-0.265052,1.12099
0.265371,1.98026,-0.278235,4.19864
0.0500466,0.65434,0.0888908,0.798255
0.145877,0.515677,0.0197385,0.621569
-0.469944,0.198258,-0.0229663,0.301635
0.276539,-0.0786145,0.302761,0.261438
-0.262768,0.989501,-0.0291865,1.31702
0.396395,1.5439,-0.144404,2.66192
0.188931,1.77536,-0.317312,3.44435
0.452842,0.620351,0.16296,0.643378
0.0663355,1.67789,-0.163316,3.17939
-0.0358105,1.15883,-0.489879,1.59686
0.393593,0.610774,0.177868,0.653287
0.0381306,0.628939,-0.0786571,0.765757
-0.378057,0.306446,0.0939608,0.386656
-0.458389,0.700482,-0.102879,0.754761
-0.369323,0.227085,0.0292025,0.349187
0.31473,1.50889,0.227379,2.57598
0.0693521,0.237956,-0.106483,0.401274
0.00400315,0.792528,0.36737,0.928297
0.373439,1.36277,0.316847,2.11276
0.0880396,1.33728,-0.374181,2.08808
0.412152,1.57882,-0.00536569,2.78704
0.439748,0.0676492,0.0455574,0.273085
0.313413,1.7594,0.120279,3.40528
0.286092,0.550454,-0.286507,0.594293
0.125083,1.61111,-0.0296994,2.94675
-0.468715,0.313473,0.131318,0.353937
-0.234248,1.55114,0.412509,2.66764
-0.339141,0.354341,0.225809,0.417355
0.18259,0.384771,0.115963,0.48943
0.0684598,0.196664,-0.128413,0.383002
-0.299057,0.25673,-0.0550091,0.383136
0.159715,0.118847,0.031792,0.340401
-0.271146,0.0564868,0.151032,0.302404
-0.301016,0.305816,-0.324905,0.369909
0.269305,0.645745,-0.25173,0.723046
-0.0590403,0.153121,-0.242265,0.344884
0.040335,0.354893,0.0585304,0.491767
-0.410481,0.414956,0.0899703,0.455098
0.484957,1.34505,-0.0515534,2.06372
0.0614622,1.16636,0.305562,1.68611
0.0881319,0.0766052,0.0724217,0.331776
-0.179844,0.0939342,-0.253352,0.312659
-0.281938,0.484121,0.0815743,0.560764
-0.0548726,1.53027,0.279805,2.66276
0.195041,-0.128069,-0.211499,0.268356
-0.0381773,1.71388,0.108715,3.2886
0.242493,0.882428,-0.0549727,1.12536
0.213229,1.3281,0.442692,2.02001
-0.249936,0.875034,0.219308,1.08296
0.00952833,1.7985,-0.238148,3.55229
-0.0230183,0.424791,0.313876,0.502589
-0.240935,1.68895,-0.266552,3.16278
0.185287,0.641244,0.00596612,0.77109
-0.208332,1.21285,-0.184948,1.80646
0.0305887,0.68601,0.277025,0.804941
-0.172701,1.83316,0.440699,3.61785
0.0759304,0.641251,0.144494,0.768356
0.195708,1.74455,0.36035,3.32328
0.040873,1.03747,-0.218642,1.43011
0.485392,0.506505,0.0848499,0.508651
-0.281391,0.396138,-0.0960466,0.481327
0.423151,1.45051,-0.231551,2.36318
-0.100573,1.54711,0.279899,2.71602
-0.210687,0.422908,0.129902,0.517437
-0.47548,0.882227,0.119198,1.0336
-0.339401,0.247708,0.170805,0.354486
0.161716,1.82845,0.0206396,3.68424
0.459308,0.290922,0.0937084,0.347541
-0.0254286,1.1233,-0.477353,1.52132
0.00632259,-0.21329,-0.248164,0.263532
0.167488,1.21145,-0.362618,1.7641
-0.310695,0.0204157,0.376791,0.253732
-0.316342,0.282696,0.0793033,0.392488
-0.444381,1.91542,-0.168798,3.93101
0.0987653,0.750773,-0.252506,0.903203
-0.413218,1.61813,0.271453,2.87091
0.158082,0.162858,0.081748,0.357571
0.430387,0.354626,-0.0702216,0.402939
0.106461,0.981824,-0.188755,1.30691
-0.240545,0.483017,-0.196571,0.553967
-0.243933,1.29019,0.155639,1.99834
0.13221,0.93699,-0.0853321,1.23452
0.303822,0.767922,0.138363,0.908203
0.473008,1.41461,0.11217,2.25855
-0.428317,0.0751554,0.173989,0.267932
-0.0399513,1.69743,-0.314047,3.20404
0.0400026,-0.358218,-0.224452,0.253716
0.257768,0.178787,0.139178,0.346142
-0.219707,1.67249,-0.34883,3.08874
-0.411197,1.17928,-0.0411816,1.68501
0.134081,0.440738,-0.405194,0.477251
0.315742,-0.31039,0.180001,0.251036
0.0822062,0.767827,0.341278,0.901101
0.132912,0.18505,-0.335813,0.331208
0.156675,0.881513,0.0190987,1.14438
0.15394,0.137207,0.332945,0.311449
0.266999,1.83804,0.10396,3.69401
-0.307445,-0.203978,0.159271,0.258442
0.0942622,1.87635,0.00752843,3.85863
0.137235,1.04622,-0.0555549,1.46155
0.0740658,0.604272,-0.4527,0.634351
-0.0157065,1.04077,0.256952,1.42527
-0.300797,1.66831,0.0643122,3.10251
-0.0755427,1.01777,0.253176,1.37353
-0.27832,0.623296,0.321711,0.675762
0.0104504,-0.229198,-0.346742,0.255855
-0.0829437,-0.0165564,0.407053,0.265896
-0.160812,1.88362,-0.0516038,3.87642
0.245616,1.42457,0.285963,2.32976
-0.0849769,0.00634266,-0.0660367,0.310592
-0.157736,1.53316,-0.391643,2.63595
-0.29497,1.62992,-0.0705402,2.97397
0.165758,0.625139,-0.331133,0.696914
-0.307356,0.733083,-0.290819,0.824503
-0.122208,0.848737,0.437005,0.993181
0.338378,0.968856,0.0437364,1.25324
0.305564,0.984799,0.19492,1.27411
-0.347084,1.79888,-0.317259,3.49922
0.230833,-0.16461,-0.0558181,0.267775
0.0722408,0.44524,-0.415169,0.482769
0.0696659,1.92321,0.156986,4.02665
-0.000367174,0.748985,0.494234,0.81264
-0.267338,0.0443905,0.173519,0.295643
-0.317037,1.72213,0.102288,3.28688
0.197778,0.237932,0.0683096,0.393953
-0.352021,1.2461,0.191893,1.84681
0.0701833,1.48178,-0.117681,2.54905
-0.241572,1.4339,-0.280798,2.35916
-0.263404,0.314288,-0.250434,0.400585
0.43852,1.72418,-0.122111,3.24272
-0.0133987,0.684968,0.168536,0.823878
-0.0150337,0.440044,-0.399635,0.485536
-0.448308,0.392877,0.197483,0.409375
0.315331,0.353318,-0.32738,0.394628
-0.354778,1.43837,0.0534502,2.37702
-0.401343,0.540557,-0.212015,0.563034
0.138403,0.90112,-0.307104,1.13132
0.103376,1.43438,-0.119558,2.39786
0.0388268,0.412488,-0.48589,0.427177
0.343228,1.49576,0.283415,2.51083
0.130145,0.518073,-0.447951,0.536418
0.00602062,0.813547,0.223058,1.00659
-0.359365,1.02401,0.143164,1.35047
0.177061,1.51676,-0.11849,2.64332
-0.340417,1.65375,0.361208,2.98564
0.0370329,1.64927,0.183734,3.05954
-0.00403613,1.12142,0.281919,1.59151
0.129189,0.379671,0.0162717,0.50104
-0.0281556,0.576818,-0.242722,0.673678
0.14676,1.3598,0.218674,2.1805
0.125746,1.65791,0.314256,3.07402
-0.199946,1.50513,0.198574,2.58964
-0.0990851,0.627023,-0.193692,0.739472
0.226698,0.954321,-0.0226424,1.26586
0.15991,0.287798,-0.191486,0.41374
0.175903,1.93652,0.122521,4.06845
0.259892,0.638641,0.0926576,0.74279
0.445127,0.284492,-0.172912,0.340585
0.0435155,1.56322,-0.259703,2.77311
0.316964,0.736193,0.312953,0.816392
0.00445121,1.74254,0.459885,3.30611
-0.210823,1.79116,-0.129081,3.53637
0.26288,1.70229,-0.320925,3.18712
-0.367938,1.60813,-0.0918057,2.88431
0.440534,0.314697,-0.0435984,0.37154
-0.234783,0.110357,-0.0271602,0.331062
0.469039,0.880665,-0.0344484,1.04177
-0.451845,-0.0595363,-0.0056921,0.256873
-0.0844638,1.67921,0.371887,3.11837
0.284311,-0.117947,-0.157461,0.266169
-0.318975,0.104579,-0.162673,0.303089
0.370529,1.50141,0.177845,2.54351
0.47604,1.07819,0.024061,1.42167
0.29094,-0.283171,0.189761,0.253377
0.249849,1.80129,-0.0505923,3.57614
0.257292,-0.249036,-0.0969844,0.258248
0.122386,-0.219287,0.335078,0.256309
-0.0305489,0.173117,0.445309,0.30113
0.421361,1.42692,-0.253486,2.29034
-0.336919,1.29682,-0.126281,1.99305
0.131417,1.23649,0.0642831,1.89004
0.411069,0.11014,-0.269376,0.265614
0.230155,0.790213,-0.324039,0.918047
0.179624,0.147434,0.26717,0.328
0.324087,1.63408,0.153181,2.97454
0.417557,1.57849,-0.260889,2.74432
-0.340492,1.22919,0.249331,1.79936
-0.400353,-0.269547,0.0876735,0.250394
0.212744,0.631681,0.244573,0.721306
-0.343469,0.204863,0.362756,0.292002
0.431159,1.70009,-0.225271,3.1462
0.0778139,1.86712,-0.0947282,3.82205
-0.298707,1.74018,0.0901927,3.3368
-0.206414,-0.241634,0.302966,0.254533
0.00649581,-0.181475,-0.163505,0.270626
0.195346,0.732011,0.291619,0.84712
0.43945,-0.0562109,0.0809934,0.257873
0.0161844,0.142176,-0.362173,0.316107
-0.411107,0.139669,0.134829,0.29361
-0.145042,-0.0357301,0.0126128,0.295236
0.106066,1.75979,0.0792267,3.43234
0.274911,-0.200248,0.345314,0.251079
-0.271089,0.746972,-0.384836,0.823066
0.48422,1.53509,0.0881732,2.61017
-0.0831312,0.231678,0.30735,0.365538
0.171305,0.616092,-0.413348,0.653873
-0.0283381,0.0751549,0.0339271,0.330797
-0.294683,0.141337,-0.0918335,0.328219
-0.388927,0.915694,0.205083,1.11491
0.118889,1.67107,-0.375543,3.08399
-0.3791,0.321658,-0.291174,0.364192
0.379568,-0.0487225,-0.0349841,0.267341
-0.112997,0.944757,-0.0290418,1.25289
-0.364627,0.872365,0.0323902,1.07089
0.249963,0.587195,0.381199,0.614926
0.172275,0.749283,0.100512,0.92217
0.117466,1.80197,-0.453116,3.5114
-0.454156,1.34012,-0.0981082,2.05987
-0.348026,1.09061,0.268904,1.4688
-0.330846,1.44049,0.12486,2.38773
0.102868,1.54463,-0.148058,2.72032
-0.176615,1.58758,-0.0817025,2.87223
-0.291052,1.32215,0.0282704,2.07817
0.0678082,0.201067,-0.115676,0.380255
-0.469805,1.91158,-0.165434,3.90529
-0.0946865,-0.36136,0.303554,0.250624
0.0695593,1.45471,-0.0276337,2.48652
-0.0855791,1.03794,-0.148072,1.4385
0.448495,0.0732475,0.0910822,0.269365
-0.227663,-0.398579,-0.127404,0.250948
0.295294,0.0256098,0.284447,0.273548
0.185254,0.433719,-0.0926826,0.535676
-0.359589,0.972888,-0.213436,1.2304
-0.0565585,1.68087,-0.342028,3.13165
-0.0873772,0.583541,-0.136786,0.69746
0.0795606,0.886218,0.211363,1.13265
0.184132,1.69528,0.21708,3.20168
-0.152624,0.935598,-0.0378375,1.23565
-0.194938,1.4465,0.450964,2.34741
0.246929,1.89988,0.427763,3.8629
-0.322562,1.50288,0.161739,2.57644
-0.217456,1.95606,-0.159477,4.1362
-0.303907,1.48071,0.172998,2.50605
-0.294294,-0.105185,0.162499,0.267944
0.0966536,0.240476,-0.257806,0.380531
-0.346916,1.57353,-0.227753,2.75557
0.0163252,1.12286,-0.200063,1.6182
0.0435705,0.689583,-0.15298,0.839504
-0.42064,0.313431,0.0302261,0.381231
0.326275,0.664486,-0.227936,0.73156
-0.131961,0.19924,0.118655,0.378416
0.0813968,1.9959,-0.0520229,4.28898
0.0286885,-0.344216,-0.330575,0.251065
0.173431,1.94493,0.15132,4.09892
-0.217004,-0.168508,0.0205578,0.269984
-0.0888855,1.21905,-0.00921492,1.8501
0.00663935,1.67421,-0.267489,3.13852
0.307735,0.745989,-0.0058816,0.885456
0.18849,0.0356184,-0.0441201,0.311065
0.320468,1.43741,-0.0487333,2.38119
0.0489187,1.54982,0.109126,2.76322
-0.149813,1.2329,-0.311284,1.8388
-0.189858,0.209747,0.317254,0.341871
-0.148726,1.63182,-0.310922,2.97041
-0.188946,1.11073,-0.179414,1.574
-0.346347,0.686991,-0.19086,0.769825
0.0133121,0.268149,0.491413,0.326074
-0.0749172,1.1935,0.206439,1.77668
0.203939,1.56314,0.14256,2.78632
-0.140179,0.270646,0.0354338,0.419191
-0.00943434,0.686657,-0.37171,0.77855
-0.108638,1.84197,0.00798987,3.73663
-0.194614,1.6475,0.195515,3.02508
-0.0342653,0.808906,-0.180183,1.0101
-0.171683,0.671168,-0.189922,0.785493
0.156139,1.12587,0.165939,1.60875
0.397599,0.263043,0.0156493,0.359295
0.259173,1.08551,-0.21273,1.49916
-0.169323,1.96876,0.141983,4.18244
0.202548,1.80357,0.0914754,3.57882
-0.289161,0.688748,-0.044895,0.797734
0.39216,0.883796,-0.116832,1.0725
-0.0719284,1.93043,0.0579598,4.04568
-0.156247,1.77065,0.455163,3.39428
-0.1286,0.785274,-0.439685,0.888256
0.0517011,1.43438,0.382369,2.34692
0.164965,1.94201,-0.0696438,4.0745
-0.313747,1.21917,-0.180137,1.79613
-0.185367,1.60716,0.219196,2.92729
-0.291401,-0.300062,-0.101024,0.254543
-0.367302,1.83194,-0.202108,3.64242
0.0299848,-0.224992,-0.194103,0.265137
-0.0740425,0.784071,0.118586,0.978682
0.0807497,-0.109793,0.319814,0.267189
-0.216873,1.21404,-0.0433816,1.8412
0.159518,0.855145,0.158495,1.07855
-0.112002,1.36563,-0.306468,2.18698
0.187193,1.89922,-0.279982,3.9118
-0.132276,0.264114,-0.0090952,0.4196
0.0640323,0.735588,0.481219,0.799454
0.226248,0.786614,0.345553,0.907266
-0.147868,0.576895,0.203853,0.670387
-0.317803,0.734432,0.260305,0.831215
-0.00272187,-0.0208687,0.0298219,0.306055
-0.105012,0.731783,-0.11113,0.89675
0.229796,1.88087,-0.294577,3.81856
-0.0397683,1.23883,0.201973,1.89932
-0.247484,1.48943,0.422107,2.4743
-0.240705,-0.322819,0.169147,0.25379
0.383739,1.95598,0.146621,4.1006
0.181875,1.79114,-0.412269,3.47376
-0.271726,1.42532,0.24043,2.34876
0.352933,0.579511,-0.288609,0.606029
0.429705,0.430635,-0.152724,0.454214
0.290215,0.726334,0.192228,0.83669
-0.468288,1.93262,-0.109271,3.99277
-0.0875923,0.462021,-0.20155,0.558411
-0.201216,0.787376,0.243494,0.94194
0.0333065,0.962393,-0.0169828,1.30057
-0.203566,0.345699,0.139088,0.45431
-0.307352,1.79197,-0.166969,3.52097
-0.271949,1.1582,0.146373,1.66924
0.289657,0.503829,0.361159,0.521539
-0.287264,0.79586,0.381538,0.892943
-0.249588,0.733002,0.299695,0.838903
-0.0482828,-0.281595,-0.403764,0.250292
-0.0555645,1.04768,0.0288349,1.46429
-0.0866874,0.162074,0.00491962,0.365582
-0.344965,0.293439,-0.136828,0.384522
-0.161031,0.892874,0.152817,1.14889
0.141726,0.26965,0.132218,0.415016
-0.0364452,0.524159,0.457793,0.5454
0.403778,-0.0204972,-0.170031,0.262285
0.0656577,1.77284,0.448643,3.41771
0.363564,1.26529,-0.102921,1.90651
-0.449375,1.72258,-0.104495,3.2313
-0.0302791,1.3086,0.25809,2.05598
-0.0867751,1.98058,-0.290752,4.21592
-0.260744,1.07733,0.311408,1.45178
-0.378216,1.57599,-0.17585,2.76572
0.21244,1.81204,-0.388246,3.55913
-0.0572797,1.64196,0.0207543,3.0479
-0.0310196,-0.280038,0.328674,0.253734
-0.00014252,-0.0429144,0.367112,0.272062
-0.331111,0.604011,0.0878753,0.677692