0.537405,0.722822,0.123738,0.861354
-0.599127,0.832725,-0.0733321,1.09546
-0.57855,-0.434072,0.12743,0.564215
0.646621,0.951423,0.0806724,1.34773
-0.670742,0.169915,-0.0268926,0.494473
0.530162,-0.508605,0.0504608,0.598007
-0.583055,0.102019,-0.0734606,0.398376
-0.348955,1.20942,-0.0837197,1.62948
-0.428103,0.10325,0.0467255,0.245361
0.396482,-0.586157,-0.166134,0.530941
0.548363,0.105114,-0.147309,0.356567
-0.45952,1.46328,-0.0961291,2.37262
-0.58959,1.29915,0.0626376,2.05297
0.328733,-1.18224,0.0788171,1.54219
0.360931,-0.369469,-0.121898,0.290302
-0.28406,-1.19574,0.0568042,1.53353
-0.0234093,1.44418,-0.155332,2.1312
0.468875,-1.37608,-0.0860155,2.15269
0.461015,1.0417,0.0516887,1.3557
-0.470991,0.477374,-0.182387,0.49227
0.691389,0.897018,-0.029604,1.28666
0.455918,0.465713,-0.170228,0.467307
-0.194934,1.4767,0.12025,2.2685
0.514266,0.533053,-0.19887,0.588373
-0.450134,0.333686,-0.143184,0.359272
0.0579584,1.42734,-0.132488,2.08418
0.340141,-0.0458302,0.0967851,0.134369
0.423015,0.527521,0.108201,0.501794
0.454733,-1.10765,0.182675,1.47569
-0.65727,0.298329,0.0591369,0.541651
-0.349287,-1.59817,0.0366319,2.6798
-0.194859,-1.53207,-0.18693,2.42136
0.598172,-0.789507,-0.160073,1.01375
-0.580275,0.0127167,-0.0268767,0.388753
0.425544,0.709853,0.103081,0.72958
-0.451016,1.13762,-0.0284148,1.56057
0.511455,-0.539088,0.141653,0.602599
0.340311,0.0526801,-0.0172369,0.14069
0.00232356,1.42236,0.122781,2.0689
-0.401606,1.40972,0.00119151,2.19657
0.386632,0.419207,-0.0794951,0.364548
-0.48543,-0.327477,0.186503,0.385217
0.469851,1.04265,-0.0771062,1.36218
0.531736,-0.320519,0.0326552,0.444728
-0.665951,-1.12412,-0.0138008,1.71921
0.574717,0.437215,-0.130571,0.566219
0.158463,-1.48385,0.106078,2.2829
0.570127,-0.899489,0.0285755,1.18493
0.432853,-1.12,-0.083135,1.49448
-0.218089,1.49469,-0.152662,2.32725
-0.302415,1.44148,0.16855,2.21428
0.578253,0.913411,-0.0876119,1.2148
-0.540171,-0.90516,0.0241451,1.17045
-0.654358,0.904729,0.03973,1.27314
0.635144,0.492532,-0.0216409,0.67874
-0.134788,1.44261,0.0872929,2.1548
-0.291369,-1.59226,-0.0257088,2.64287
-0.0411784,-1.55345,-0.16558,2.45482
-0.482805,1.08666,0.0716287,1.47326
-0.415119,-1.22649,0.148318,1.7263
0.538201,0.737542,0.13508,0.882148
0.667939,-1.06524,-0.0414232,1.59552
0.679333,0.669447,0.0561712,0.920294
-0.354061,0.860405,-0.0519384,0.893745
0.512958,0.353945,0.148822,0.435765
0.438896,0.74751,-0.162826,0.792037
-0.404249,-1.32291,0.0426776,1.97373
0.368257,0.160467,-0.024376,0.195971
0.422613,-0.0422032,-0.0452552,0.229655
0.46548,-1.06552,0.169576,1.39594
0.679076,-0.705135,0.0366365,0.969745
0.104701,-1.48794,-0.101417,2.27504
0.262541,-1.48651,-0.004076,2.3332
0.501135,0.0517188,0.132561,0.305313
-0.404167,1.14197,-0.048586,1.51894
-0.45008,0.689606,-0.044805,0.734098
-0.210526,1.49438,0.0681035,2.3313
-0.326264,1.20577,0.154801,1.58898
0.410825,-1.50637,0.0195632,2.45769
0.313015,1.56666,-0.0616477,2.57513
0.1069,1.39318,0.109711,1.99193
-0.115052,1.55467,-0.126778,2.47467
0.477686,0.994895,0.090824,1.27203
0.406138,-1.34899,0.194805,2.02326
-0.373279,0.122515,0.029143,0.189534
-0.428801,1.54567,0.0386177,2.57623
-0.0716205,1.34454,-0.00366681,1.8402
0.348017,0.539656,0.0769969,0.433601
0.328653,0.111776,-0.0767488,0.133069
-0.527346,0.938081,-0.0204574,1.21881
-0.2204,-1.32399,-0.155961,1.83164
0.427071,-0.676192,0.0410313,0.690413
-0.394185,-0.627905,0.0364333,0.592484
-0.495273,0.973113,-0.174846,1.23635
-0.299589,-1.29623,-0.11226,1.81812
0.512962,-0.125536,-0.127276,0.330185
-0.450541,-0.00741138,-0.180333,0.243425
-0.381633,-1.38017,0.167586,2.09359
0.0767927,-1.46213,0.0690073,2.20403
-0.365805,-1.34811,0.136876,2.00421
0.597669,-1.02868,-0.156749,1.4479
-0.431496,0.237626,0.113168,0.288488
-0.0487006,1.62184,0.0834593,2.66716
0.347834,-0.681282,0.129187,0.601881
0.61694,0.428,-0.108893,0.597926
0.465736,-0.335441,0.0121765,0.388111
-0.394978,-1.2368,-0.192328,1.72482
-0.453139,0.284079,-0.0803328,0.34101
0.427555,0.120655,0.0830639,0.246519
0.417306,-0.211727,0.121173,0.26237
-0.656133,-0.683032,-0.0788447,0.917281
0.385682,-0.230921,-0.0956344,0.23779
0.58713,-0.380029,0.0511413,0.536308
0.422445,-0.24428,-0.128054,0.280877
-0.347892,-1.07801,0.0336508,1.31489
0.270931,1.25302,-0.0489852,1.68013
0.371247,0.348445,0.118128,0.287653
0.312369,0.599776,0.066875,0.462258
0.367751,0.195096,-0.13694,0.197635
0.567936,0.286105,0.0981601,0.451135
0.55978,0.107662,0.16965,0.365349
-0.421291,0.935235,-0.00841318,1.09998
-0.359665,-0.922727,-0.0331637,1.01006
0.58697,0.162212,0.170979,0.404837
-0.46068,-0.534772,-0.118765,0.550604
0.192347,1.42704,0.0581037,2.12869
0.347781,1.35212,0.176223,1.99608
0.443484,-0.43118,0.047971,0.438278
0.329821,1.11392,-0.0217405,1.3763
-0.0348098,-1.56085,-0.134331,2.48319
0.0235832,-1.50304,-0.0301932,2.327
-0.372657,-0.558273,0.0826901,0.48367
0.241464,1.41114,0.127978,2.10085
0.370345,-0.419258,-0.0152045,0.347908
0.66259,0.584176,-0.0770215,0.796321
-0.510277,0.275619,-0.167523,0.382677
0.562703,0.69565,-0.174183,0.839758
0.440864,-1.26276,-0.119332,1.84086
-0.410556,0.246407,0.0512492,0.276632
0.61954,0.659371,-0.159265,0.844424
0.636096,-0.464057,-0.110077,0.645112
-0.561753,0.896328,-0.0191656,1.17271
-0.606378,0.0170554,0.0581476,0.409425
-0.317643,0.530504,0.0217012,0.392647
0.307946,-1.53853,-0.152621,2.48814
-0.5535,-0.737397,-0.0354331,0.90501
0.670215,0.906707,0.0528338,1.28706
-0.352677,1.2353,-0.0388162,1.70077
0.388733,1.51691,-0.0264167,2.47749
-0.668956,-0.932775,-0.0982958,1.3299
0.657081,0.642506,0.0823787,0.863703
0.593301,1.08892,0.0120888,1.57959
0.523474,-1.08991,0.173931,1.50615
-0.497656,-0.0590758,0.0287796,0.312218
0.373371,-0.137048,-0.147996,0.183135
0.536568,-0.570611,-0.00640864,0.671408
0.464314,1.1394,0.130335,1.56366
-0.516322,-0.0136636,0.187661,0.308079
-0.591818,-0.709687,-0.00663191,0.898559
-0.629881,-0.255399,0.0752483,0.493586
0.614545,1.03739,-0.115704,1.48543
0.53621,-0.480488,0.193486,0.557454
0.472883,1.33854,0.0128079,2.06282
-0.0644127,-1.57733,0.000588912,2.5357
0.637732,-0.539321,0.0440165,0.728706
-0.439386,-0.954356,0.116181,1.14842
0.48055,1.12298,0.0533879,1.54998
-0.380562,0.373169,-0.111816,0.316847
0.49814,0.250646,0.147036,0.36122
0.0136071,1.62652,-0.102839,2.67637
0.00707999,-1.46214,-0.155218,2.18352
-0.415673,0.329863,-0.0596408,0.328213
-0.0938258,-1.53189,0.122876,2.40725
0.372141,0.632022,0.0295646,0.570962
-0.236715,-1.4065,0.0761525,2.09197
0.510381,0.0467382,-0.0719274,0.319905
-0.464959,0.383241,0.0618218,0.419773
0.356179,-0.630868,0.105912,0.548979
-0.182204,1.54545,0.155297,2.46141
0.147733,1.5721,-0.142885,2.53135
-0.515637,-0.433645,0.1823,0.496887
-0.289341,-1.43391,0.120938,2.19072
0.403267,0.872427,-0.113008,0.966371
-0.650426,-0.374912,-0.0197673,0.590051
0.415089,1.02449,-0.010006,1.27068
-0.451344,0.0547002,0.0150223,0.263169
-0.458335,1.31848,-0.0203684,1.99891
-0.459769,-1.01929,0.173428,1.29166
-0.456152,0.615603,0.14791,0.631914
-0.67941,0.33846,0.0766142,0.584946
-0.53252,-1.08104,0.0354886,1.50777
-0.584266,1.09873,0.0397804,1.59613
0.453635,0.729178,0.0152005,0.794029
-0.595133,0.289756,0.0314779,0.484872
-0.316653,1.33787,-0.11205,1.94277
0.558378,-0.496803,0.146238,0.602228
0.381454,1.45842,-0.0736066,2.31904
-0.526417,0.25439,0.0220467,0.400071
0.49298,0.231996,-0.153096,0.344983
-0.445912,1.14585,0.10734,1.56511
0.558053,-0.0327893,0.0550096,0.36736
0.635278,0.160221,-0.095837,0.457172
0.321155,1.27091,0.0382474,1.77413
0.0879985,1.61987,-0.0647875,2.66359
-0.645966,-0.665059,-0.00581628,0.886248
0.124489,-1.49746,0.148979,2.30396
0.598147,1.28158,0.0205588,2.02083
0.572349,-0.79681,0.0930999,1.0118
0.495196,1.01397,-0.00018507,1.33475
0.424407,0.445271,-0.0709523,0.428296
0.644714,-0.242229,0.0645113,0.500628
0.355857,1.24317,0.142239,1.71342
0.480623,0.515136,0.091568,0.553073
0.0471839,1.46113,-0.0237997,2.19595
0.642334,0.923209,-0.0557438,1.29318
0.345794,0.105,0.0327585,0.154455
-0.502567,-0.212383,0.039875,0.355826
0.637995,-0.416189,-0.073905,0.6094
-0.206342,-1.42516,0.125926,2.12505
0.6033,1.13322,-0.111057,1.6795
0.202623,1.51843,-0.0276774,2.40202
0.217402,-1.61221,0.0830809,2.66662
0.566322,0.159317,-0.0361148,0.396904
-0.491824,0.0104664,0.186389,0.284372
-0.388044,-0.877451,-0.0815658,0.956231
-0.425469,-1.27711,0.0357002,1.8728
0.362705,-1.10706,0.129628,1.38754
-0.463678,1.28883,-0.146454,1.92195
-0.491303,0.0640245,0.149733,0.293759
-0.660124,0.602506,-0.0100157,0.821412
0.0314513,1.63031,-0.0602664,2.69157
-0.453405,0.0497445,0.0340615,0.264433
-0.354392,0.594209,-0.0194468,0.505784
0.386429,1.29301,0.0389974,1.88306
0.484507,-0.664809,-0.0322702,0.736668
0.56204,-0.679398,-0.00305668,0.831362
0.394871,-0.374062,0.0723006,0.336664
0.568354,0.807522,-0.0288341,1.02875
0.366065,-0.85974,0.114472,0.90048
0.470804,0.784842,-0.196068,0.877298
-0.233491,-1.37025,-0.184846,1.96908
-0.568833,-1.23116,0.118685,1.87092
-0.484089,0.735746,-0.183481,0.819059
-0.583349,0.45722,0.144426,0.587874
0.599478,-0.844422,-0.0948016,1.11236
-0.667339,-0.300564,0.0284444,0.553683
-0.0459278,-1.40444,-0.131914,2.01386
0.629313,-0.845591,-0.0628293,1.14395
-0.420926,0.331516,0.0611387,0.335878
-0.596633,-0.787761,0.0412569,1.01944
0.435042,0.538919,-0.0817212,0.528515
0.339641,-0.43817,0.0851918,0.324974
0.0365275,-1.40865,-0.101037,2.03636
-0.17891,-1.56344,0.124416,2.51868
0.409741,0.464179,0.107591,0.426379
-0.380156,-0.416385,0.00627045,0.355035
0.557289,-0.431017,-0.136709,0.543045
-0.573028,-1.25301,0.00691257,1.93304
-0.443244,-0.759453,0.173403,0.8139
-0.604614,-0.132043,-0.00809725,0.425401
-0.341042,0.0270496,-0.0910425,0.134735
-0.400694,-1.51874,0.0377396,2.48905
-0.478262,0.293165,0.0864648,0.372864
-0.354741,0.829353,0.0246088,0.84132
-0.492664,-1.2993,-0.144616,1.97137
0.0555201,-1.36891,-0.105967,1.90629
0.369782,0.574323,0.0691299,0.498662
-0.49016,0.885259,0.0274439,1.08598
-0.556633,-0.583565,-0.108408,0.699759
0.609558,0.296219,0.0841906,0.496029
0.546508,-0.23064,-0.180869,0.392543
-0.462599,-1.13022,0.11047,1.54607
0.422123,0.216352,-0.0864603,0.271026
-0.628476,1.17414,0.0574826,1.79719
-0.643298,0.815249,-0.108103,1.10247
0.0542854,1.64205,-0.120638,2.72071
-0.545913,-0.264075,-0.106912,0.418576
0.476153,0.250538,0.181102,0.33157
0.364323,-0.629936,-0.0424548,0.563499
-0.270023,1.52583,-0.142036,2.43748
0.346378,-0.532982,0.0274523,0.427985
0.377462,0.514426,-0.0809775,0.44135
-0.221966,-1.2532,0.017582,1.64287
0.233356,1.4963,-0.189828,2.33237
0.465872,0.181364,-0.0710481,0.306286
0.684796,-0.713764,-0.0448032,0.985936
0.381651,-0.583056,-0.118343,0.51799
-0.485297,-1.17907,-0.0799389,1.67976
0.437302,0.503945,-0.00282327,0.501312
0.480378,0.49102,-0.175312,0.515737
0.158994,1.56204,-0.128866,2.50377
0.116566,-1.51152,0.121737,2.35017
-0.356806,1.48132,-0.0982397,2.3593
-0.257048,1.50388,-0.0945466,2.37644
0.548871,0.735124,-0.102671,0.89567
-0.640232,0.217426,0.0915067,0.483041
0.432148,1.30496,0.00329331,1.94649
0.511759,-0.489326,0.140378,0.550942
0.595212,1.1609,-0.153037,1.72943
0.517042,-0.987841,-0.070013,1.30123
0.395737,1.27529,0.0520915,1.84022
-0.000955068,1.3811,-0.0688939,1.94822
0.624716,0.751356,-0.0899318,0.988052
-0.327605,0.0431823,-0.0292801,0.123511
0.442924,1.42265,0.13071,2.25127
0.639731,0.880801,-0.00991721,1.21874
0.484363,1.34904,0.0229765,2.09913
-0.12613,-1.36379,0.0353909,1.91807
-0.409085,-0.604482,0.0423754,0.575922
0.650764,-0.620348,-0.123906,0.827091
0.606685,-1.01976,-0.0307457,1.44721
0.553203,-0.701603,-0.174198,0.83899
-0.293527,1.29709,-0.140017,1.81015
0.468775,1.38954,-0.108419,2.18666
0.332134,-1.593,0.0148985,2.65968
-0.418182,1.34142,-0.186975,2.01423
-0.498971,0.487475,-0.0378681,0.544359
-0.218607,1.26635,-0.0311244,1.67783
0.475566,-1.08851,-0.0687297,1.46701
-0.31475,1.37069,-0.0697582,2.03593
-0.559071,0.0299747,0.160596,0.356173
0.25256,-1.60467,-0.0858756,2.65748
0.577137,-1.12712,-0.0802799,1.6459
-0.650823,-0.197665,0.0521702,0.486475
0.0483795,1.61474,-0.0708057,2.64791
0.367003,0.777066,-0.05512,0.769513
-0.334091,-1.48663,0.130673,2.36245
-0.439382,1.32099,0.175604,1.97953
0.549806,-1.09166,0.167606,1.53432
0.520171,0.19244,0.0346666,0.367122
0.542658,1.10755,0.153266,1.56597
0.684597,-0.4424,0.0508651,0.672118
0.563829,-1.09927,0.146833,1.56862
-0.387305,1.49961,-0.0703488,2.42627
-0.602859,0.0309516,-0.114025,0.401655
0.281273,1.23518,0.00142492,1.64167
-0.565195,0.546883,-0.0179731,0.671822
0.511979,-1.25708,0.0271024,1.89464
0.636815,0.129451,0.056566,0.452565
-0.400466,-1.22363,0.137789,1.7095
-0.180856,-1.31537,0.0244039,1.79958
0.647203,-0.842234,0.10932,1.15059
0.334612,-1.32553,-0.18385,1.90959
0.586235,0.578835,0.120703,0.719656
0.46289,0.499977,-0.0970943,0.517921
0.482919,-1.41129,-0.127359,2.25122
-0.671391,-0.914534,0.0740188,1.30152
-0.474489,0.467193,0.139021,0.493321
0.577058,-1.17539,0.164204,1.74473
0.621815,1.30236,-0.0452649,2.08683
0.341374,-0.607955,-0.0930674,0.503792
0.614053,0.113582,0.0793615,0.426702
-0.317424,-1.52968,-0.052111,2.47623
0.331666,-0.473896,0.0234923,0.35236
-0.560313,-1.28991,-0.106653,2.00691
0.518309,-1.35633,-0.141015,2.13311
0.567598,-0.419785,0.169018,0.536232
-0.667131,0.880058,-0.0754077,1.23299
0.459945,1.39107,-0.0945355,2.18605
-0.549623,-0.422292,0.149305,0.524795
-0.403142,0.524042,-0.109745,0.476298
0.534731,0.597105,-0.186403,0.683201
-0.402214,-0.751157,-0.0345331,0.772602
-0.174513,-1.47662,-0.189708,2.252
-0.377466,0.113351,0.133563,0.1832
0.417611,-0.739608,-0.157801,0.757473
-0.562614,0.377549,0.0963757,0.507052
0.520145,0.0399121,0.0656807,0.32984
-0.0622562,-1.36058,0.075346,1.8856
0.534939,1.41905,-0.0134272,2.31198
0.290021,-1.28693,-0.0219225,1.7914
-0.197772,1.51388,0.00387231,2.38853
0.559953,1.39192,-0.0279056,2.26088
0.259272,-1.22149,-0.00635217,1.58669
0.483271,-0.611299,-0.186049,0.649248
0.455127,1.05808,-0.167751,1.36904
-0.530444,-1.22283,-0.0853102,1.82666
-0.587513,0.861966,0.0129108,1.13794
0.378665,-0.90936,0.116735,1.00127
-0.359251,-0.189016,-0.0355172,0.194636
0.316474,1.31116,-0.0396997,1.87319
-0.627879,-0.480529,-0.123728,0.652928
-0.502374,-0.0499614,0.0109536,0.31493
0.545996,1.2522,-0.164923,1.89791
0.517236,1.42683,-0.0584077,2.31925
0.191335,-1.36012,-0.161948,1.91993
-0.553811,0.516239,0.0404366,0.627466
-0.494774,1.32999,-0.0721968,2.05318
-0.584101,0.362946,0.170648,0.507319
0.488797,-0.210024,-0.100667,0.338608
0.632669,-0.825468,0.0589419,1.11397
-0.560597,0.759459,-0.144329,0.936847
-0.516173,-0.924824,0.0591323,1.17922
-0.33285,1.28432,-0.112261,1.80872
-0.436536,0.332789,-0.0187804,0.356385
0.635905,-0.385088,-0.0125788,0.584897
0.571299,-1.19126,0.064954,1.78736
-0.463137,-1.43123,0.00296493,2.29525
0.58714,0.89727,-0.175696,1.18255
-0.427241,0.446274,-0.123553,0.426706
0.36566,-0.959992,-0.0958484,1.08315
0.5506,-0.482895,-0.00881504,0.592802
0.525107,-0.477562,0.192331,0.543483
0.566197,1.00703,0.0209778,1.38846
0.503498,-0.711029,0.0847466,0.815558
0.326477,1.53852,0.09588,2.50395
0.528913,-0.126152,0.156799,0.341829
-0.255762,-1.57572,0.0514937,2.58117
-0.456537,-0.0491516,-0.142283,0.258484
0.413778,0.712268,-0.0307071,0.727992
-0.425809,1.47286,-0.0501771,2.38034
0.302347,-1.07025,0.0392298,1.24203
-0.637198,-0.885787,-0.113838,1.21688
0.65563,0.101586,0.0542652,0.46182
-0.31718,0.818252,0.0448734,0.779471
-0.13207,-1.46784,-0.0791858,2.22533
-0.469598,1.19945,0.14184,1.70484
-0.559497,-1.27141,-0.0124955,1.96689
0.523084,0.363033,-0.174202,0.449958
-0.475582,-0.00239458,-0.178826,0.269597
-0.434493,-0.56827,-0.126268,0.557711
-0.123707,1.54721,-0.0256852,2.46294
0.521948,1.27849,0.109276,1.94799
0.545881,-0.681492,-0.0566867,0.816629
0.563543,0.28541,0.0578976,0.452161
-0.595409,-0.973919,0.0996768,1.34372
0.60188,1.14087,0.0417418,1.70175
-0.385785,-0.326091,-0.0285663,0.29483
0.544871,0.318708,0.033637,0.453882
-0.642418,1.08944,0.0323414,1.624
0.454326,0.993975,0.0458199,1.25093
-0.50525,0.0756992,0.152239,0.308904
0.528738,0.352129,0.180624,0.446322
0.247607,-1.62277,-0.0643278,2.70734
0.62953,-0.125797,0.0656245,0.444503
-0.339864,-1.49084,-0.00386951,2.38195
0.656871,-0.81259,0.0129198,1.11525
-0.593203,0.413667,-0.0644876,0.56721
0.57573,1.10242,0.124747,1.58798
-0.573298,-1.0204,-0.0545562,1.41883
-0.12859,-1.65124,-0.0212777,2.76217
0.633453,-0.980665,-0.113036,1.38876
-0.574642,-0.064033,0.069707,0.383425
0.0286663,-1.57527,0.137379,2.52455
-0.504774,-0.730643,-0.160268,0.836736
0.607215,-1.12967,0.0917164,1.67986
-0.0308467,1.59402,-0.0865655,2.57822
0.223864,-1.4187,-0.100064,2.1146
-0.191986,-1.3439,-0.106561,1.88365
0.4066,1.16459,-0.14587,1.56288
0.309879,1.04461,-0.0086817,1.19524
0.378959,-1.28099,-0.156094,1.83107
0.360567,-0.310399,-0.131296,0.248418
-0.437114,-0.482757,0.0115539,0.478279
-0.310886,-1.07348,-0.0620575,1.25824
0.347966,1.29956,0.137437,1.85758
-0.172579,-1.56421,0.0115168,2.51872
0.0694477,-1.52753,-0.0150973,2.39849
0.583322,-0.140542,0.01875,0.410398
0.38541,-0.889992,-0.144712,0.971144
-0.418892,1.06895,0.112993,1.36494
0.499608,0.103993,0.100907,0.314202
0.0146826,1.37697,-0.152987,1.92261
-0.230489,1.36809,-0.116095,1.97847
-0.117059,-1.53183,0.0782183,2.41299
0.185546,1.47412,0.0209083,2.2687
-0.509301,-0.25841,-0.0491615,0.385326
-0.486286,0.00572123,0.109194,0.290393
0.286472,1.37878,-0.0933947,2.03521
0.483446,-1.30359,0.026473,1.98427
-0.0633951,1.37324,-0.0514477,1.93115
0.465228,0.467186,0.151016,0.481842
0.454076,0.436221,0.150208,0.443093
-0.676724,0.0492334,0.0500703,0.472215
-0.648461,-0.244574,0.029831,0.506134
-0.179155,-1.28314,-0.0552802,1.6987
-0.339203,-0.998248,0.0618268,1.13079
0.300171,-1.31463,0.136066,1.86123
0.406715,-1.31934,-0.0645543,1.96275
0.558519,-0.75194,0.144435,0.923262
-0.485909,-0.944719,0.0296833,1.18751
-0.473946,-0.86694,0.184414,1.01614
-0.476132,1.45328,-0.0135467,2.36087
0.584362,-1.17571,-0.0258405,1.76605
0.00696568,1.51342,0.119213,2.3409
-0.605396,0.546855,0.0559488,0.707021
0.640374,-0.825121,-0.141061,1.11138
0.37706,0.806215,0.0426137,0.828132
-0.357139,-0.716562,0.0480994,0.669899
-0.414813,1.49184,-0.0532753,2.41927
0.423071,0.764112,0.165869,0.801103
-0.490999,-1.14831,-0.144446,1.60637
-0.534056,-0.689624,-0.0236007,0.817856
-0.451358,-0.115078,0.093654,0.27092
0.524514,-1.29772,-0.0510967,2.00228
-0.485331,-0.26431,0.191647,0.347104
0.147825,-1.53656,0.00734628,2.43853
0.330638,-0.335885,-0.0922303,0.235484
-0.354486,-0.191233,-0.124452,0.182654
0.562906,0.587926,-0.188953,0.698803
-0.322919,1.49408,-0.142786,2.37395
-0.549118,0.118132,0.140418,0.362901
0.368077,-1.27813,0.0215625,1.82287
0.543425,0.469415,0.162294,0.559303
-0.691759,0.158064,-0.0280727,0.508066
-0.390521,0.0424175,-0.0897008,0.190602
-0.073164,-1.56258,-0.0840558,2.49527
0.486526,-1.13417,-0.133946,1.57364
-0.419213,0.454605,-0.0368747,0.432466
0.105103,1.65404,-0.0728057,2.76383
0.133319,1.38005,-0.0224134,1.97279
-0.606728,1.31704,-0.0411066,2.11007
0.505081,0.616201,-0.129872,0.687013
0.39768,1.12299,0.0860882,1.46066
-0.389511,1.1008,0.0713459,1.40847
-0.46594,1.45403,0.0265692,2.35427
0.443662,0.279128,0.00125111,0.329285
0.249173,-1.47799,-0.0182763,2.29774
-0.275561,1.52018,0.0926766,2.42949
-0.508223,0.422656,0.163527,0.482934
0.612246,0.876276,0.113292,1.17912
0.449119,1.23387,0.0222726,1.78421
0.377341,0.684662,0.109814,0.642234
0.370031,0.0413847,0.105077,0.167458
-0.374136,-0.285826,0.0196684,0.259196
-0.5508,-0.243235,-0.00286208,0.418357
-0.345713,-1.4505,0.0436413,2.27211
0.482958,0.709325,0.109649,0.7918
0.551009,1.22578,-0.113117,1.84618
0.521578,-0.739413,0.0778484,0.873554
-0.396214,-0.321547,-0.161898,0.291377
-0.340079,-0.350563,0.00653347,0.26097
-0.477353,-1.07467,0.0107112,1.44482
-0.591509,-0.661681,-0.079236,0.832081
0.4319,0.271779,-0.109683,0.309119
-0.55901,-0.984524,-0.154089,1.32442
0.430661,0.192136,-0.182938,0.258704
0.475718,0.747682,-0.0725132,0.840963
0.576771,0.496461,-0.0518068,0.629604
0.631417,0.164462,0.0402515,0.459342
0.42835,-1.40587,-0.0910298,2.20243
0.142829,-1.47975,-0.152893,2.25761
0.518199,0.753438,0.19822,0.876112
-0.318788,1.5023,0.117053,2.39773
-0.13851,-1.58957,0.130043,2.58042
-0.383337,-0.251059,-0.040653,0.247065
0.510097,-1.0369,-0.0199689,1.39583
0.566235,-1.16407,-0.118471,1.71487
0.561725,1.16699,0.0948818,1.72145
-0.516634,1.05025,0.158086,1.41955
-0.123063,-1.6533,0.075622,2.76408
0.558218,-0.109746,-0.170116,0.363861
0.372415,0.232111,0.0270429,0.22877
0.524421,-0.811768,0.0362286,0.994977
0.445993,1.0472,0.125005,1.34399
-0.459032,-0.0472331,0.157402,0.259531
-0.585091,-0.850006,-0.14947,1.10217
-0.498432,-0.724194,-0.0349568,0.834373
-0.056411,1.36564,-0.0164393,1.90432
-0.640503,0.192447,-0.126963,0.469986
0.588232,-0.630966,0.0491264,0.792603
0.478433,-0.924199,-0.0647641,1.14251
0.532219,0.604429,0.0925718,0.70224
-0.463309,0.487265,-0.054169,0.507556
-0.37353,0.127098,-0.000261892,0.192136
-0.536239,0.874038,-0.112712,1.10217
0.641496,0.0778772,-0.0692509,0.445315
0.498129,-0.145215,-0.123881,0.321844
0.351876,-0.340453,-0.0411892,0.264869
0.337068,-0.513115,-0.018885,0.397483
-0.477273,1.33664,-0.103549,2.05784
0.511787,-0.464252,0.132586,0.52715
-0.40369,-0.642773,-0.126797,0.614429
-0.114831,-1.35125,0.143189,1.86459
0.539315,0.465149,-0.0587669,0.562337
-0.51166,0.292778,-0.0191581,0.406526
-0.521584,-0.476944,0.00192313,0.558715
-0.43429,1.51965,0.0220263,2.50895
0.231086,1.31454,0.0366365,1.82592
-0.211009,-1.60525,-0.00697133,2.65214
-0.548088,0.801492,-0.0941213,0.997305
0.394364,0.80626,0.0806331,0.844182
-0.626957,-0.580775,0.0968872,0.762163
0.389854,-0.720735,-0.104605,0.708491
-0.342177,0.661867,0.0865508,0.572982
-0.57223,-0.956181,-0.0513898,1.29106
0.48983,1.16852,0.0320321,1.6661
0.0734672,1.48133,0.0356128,2.25928
0.315341,0.584354,-0.00239881,0.450106
0.1486,-1.59139,0.0973626,2.59106
0.115235,-1.44767,-0.12487,2.15507
0.488792,0.880142,0.0894911,1.07098
-0.00328209,-1.55731,0.0130489,2.47314
0.481545,-1.24179,-0.00779613,1.82589
-0.341759,1.32044,0.0159445,1.92309
-0.540318,-0.668378,0.059853,0.796954
-0.440993,-0.686273,-0.136822,0.708723
-0.549248,1.10873,-0.00732492,1.57976
-0.505437,1.36879,-0.0458944,2.16435
-0.324871,1.42062,0.0126736,2.18189
0.641445,-0.226185,0.0421636,0.492418
-0.393484,-1.09874,0.117508,1.40428
-0.394665,-0.325219,0.000513341,0.304722
-0.351713,-0.104876,0.0184954,0.161552
-0.492214,0.120854,-0.182989,0.300968
-0.574296,0.492322,0.0784961,0.622065
0.401296,-1.07314,-0.0349376,1.35934
0.412035,-0.937325,-0.0885466,1.09537
-0.14733,1.3289,0.0269026,1.82223
-0.453504,1.10556,0.07359,1.48463
0.309049,-0.89276,0.0444002,0.896373
0.339045,0.206753,-0.0246652,0.179044
0.421417,-1.50892,0.113272,2.47024
-0.481477,-1.01821,-0.0512835,1.32802
0.579193,-0.514562,-0.0424673,0.650247
-0.38612,0.239887,-0.0837497,0.24229
-0.562826,-0.989307,0.164454,1.3349
0.353482,-0.967054,0.0575679,1.08776
-0.52107,-1.1854,0.189797,1.71386
0.140357,1.40994,0.0163406,2.05925
-0.302851,-0.316906,0.0304919,0.193296
0.452768,-0.676347,-0.0191653,0.721227
-0.577243,0.788201,-0.127672,0.998584
0.579532,-0.492328,0.131476,0.619179
0.0602032,-1.57956,-0.1446,2.53876
-0.584884,-1.13485,0.0714846,1.67326
-0.59302,-1.30846,-0.0991577,2.07611
0.524407,1.15378,-0.00390676,1.66605
-0.51865,0.589997,0.0496349,0.671961
-0.495008,0.208242,-0.0327509,0.348667
-0.563691,-0.353911,-0.0826992,0.49361
0.666448,0.052411,0.0178547,0.465715
-0.690734,0.00149929,-0.055109,0.480959
0.62557,0.238571,0.0452212,0.481815
0.560153,-1.34682,0.0874954,2.14536
0.521931,-0.0588666,0.163772,0.321384
-0.420971,0.850146,-0.0311349,0.953065
0.552538,-0.864609,0.0220172,1.10726
0.406961,-0.120806,0.0705194,0.225032
-0.208693,1.63549,-0.0360864,2.7323
-0.402449,-0.550127,-0.0736836,0.506672
0.398452,-1.28017,0.118191,1.85015
0.0285067,-1.59466,-0.0867793,2.58587
0.007408,1.41856,-0.13444,2.05354
0.561155,-0.264196,0.00554606,0.440585
-0.590716,0.662451,-0.0389788,0.834873
0.468232,-0.511385,-0.174001,0.524488
0.261761,1.36696,-0.114627,1.98783
-0.0688687,1.65125,-0.00669009,2.75311
0.324658,1.27314,0.150426,1.76983
0.273995,-1.58173,-0.126932,2.59861
0.375988,-0.289653,0.0813318,0.259037
-0.38934,0.844836,-0.0759164,0.904002
-0.210767,1.4037,0.0706677,2.06928
-0.453062,-0.910646,-0.147688,1.08093
0.388812,0.449318,-0.0865944,0.389119
-0.372168,-0.898828,-0.00812779,0.983848
-0.439344,-0.125613,-0.086159,0.259863
-0.436467,0.584732,0.0606725,0.585959
-0.272314,-1.20195,0.0111499,1.54462
-0.273977,-1.52928,-0.111619,2.45016
-0.04666,1.66369,0.0220236,2.79101
0.633022,1.20497,0.0279532,1.8681
0.366261,-1.33345,0.0261135,1.97207
0.325144,-0.34348,0.0411172,0.236314
0.161274,1.43396,-0.152657,2.12797
0.57609,0.430556,-0.147116,0.556855
0.341323,-1.46926,-0.0943806,2.32192
0.463454,1.40922,-0.155373,2.22788
-0.485859,-1.26915,0.148465,1.88899
-0.343232,-0.135067,0.116036,0.152206
-0.524836,0.596102,0.0827703,0.684866
-0.433535,-1.25436,0.027722,1.82243
-0.411654,1.16721,0.0941864,1.58226
0.378247,-0.681303,0.0600332,0.642169
0.441432,-0.461322,0.042083,0.460899
0.607929,0.187205,-0.0198859,0.447521
-0.44025,0.762871,-0.111988,0.821878
0.583394,-0.849646,0.174353,1.09694
-0.530245,-0.656987,0.0895851,0.764352
0.510601,0.731949,-0.0772535,0.854802
-0.521694,0.745336,0.182135,0.870649
0.605331,-0.291292,-0.155327,0.48231
-0.341475,-1.42192,-0.190213,2.17754
0.356792,-1.35311,0.0159297,2.018
-0.553535,0.179858,0.00813848,0.395176
0.482881,0.420744,-0.0971386,0.465256
-0.532174,-0.968401,-0.0938809,1.27685
-0.592721,-0.814749,0.0797613,1.06044
0.42939,-0.825816,-0.179266,0.90324
0.47322,-0.639816,-0.141241,0.682281
0.555863,-1.31421,0.0373221,2.06606
0.404701,0.435529,0.0204139,0.397123
0.290235,-1.38273,-0.0858901,2.05485
-0.588929,-0.558625,0.024702,0.705875
0.471182,1.3941,0.0685749,2.20334
-0.367339,0.755194,-0.104657,0.73442
-0.168046,1.3225,0.13103,1.80171
0.383298,1.13381,0.0844904,1.47389
0.0777924,1.48458,0.0260204,2.27194
0.381215,0.292677,0.148976,0.258141
-0.384406,1.44205,-0.168212,2.26273
-0.473139,1.20308,0.196163,1.71118
-0.567922,-0.604832,-0.0889295,0.737597
-0.524878,0.855633,-0.0147499,1.06536
-0.605513,1.25711,-0.0277522,1.96873
-0.277774,1.54612,-0.14405,2.49898
-0.394038,0.0916712,-0.160788,0.194266
0.0198626,-1.58675,0.0913615,2.5589
-0.176332,1.27028,0.0761847,1.65569
-0.131076,1.5986,0.0217793,2.6122
-0.0297125,1.46442,-0.0495926,2.19877
-0.0290659,1.66845,0.0567473,2.79949
-0.416172,-1.4337,0.0392448,2.27091
-0.413296,-1.05918,0.0565171,1.34102
-0.498084,0.610616,0.174935,0.666107
0.380836,1.33876,-0.0779025,1.99536
0.560981,-0.709552,0.15572,0.861021
0.182753,1.57205,0.0704252,2.54639
0.491874,-0.807046,-0.00563902,0.950191
-0.471036,1.29086,0.174231,1.92845
0.59172,-0.164238,0.121154,0.416165
-0.384587,-0.633744,0.156045,0.57724
0.413551,-0.778652,-0.130127,0.817651
0.33706,-1.38181,0.00793677,2.08402
0.426084,0.97139,-0.101541,1.17098
-0.565849,1.21653,-0.033112,1.84276
0.61209,0.82003,0.048607,1.08609
0.632972,0.423387,0.03307,0.61319
-0.119582,-1.40646,0.180883,2.02828
0.636161,-0.740791,-0.109264,0.981639
-0.552379,-0.53882,0.0887595,0.648032
-0.592317,1.08804,0.135441,1.57142
0.513592,-0.638309,-0.00700836,0.734635
-0.456432,-0.960457,-0.18043,1.17164
-0.349795,0.431446,-0.120615,0.327933
0.599636,-0.110278,0.0913351,0.413173
-0.448306,-1.2386,0.122235,1.78522
0.527228,0.859342,-0.166665,1.05994
-0.651744,1.19813,0.0229548,1.86884
-0.399647,-1.19129,0.0076516,1.63582
-0.471229,1.2006,-0.120992,1.7182
-0.518989,-1.14561,0.132043,1.63167
0.532489,-0.466226,-0.154261,0.54816
-0.49947,-0.384132,-0.18328,0.439668
0.659409,-0.101334,0.0197262,0.46579
0.649977,-0.518656,0.0665951,0.715117
-0.382689,1.05342,0.109513,1.2918
0.381821,0.250529,-0.119673,0.240651
0.495363,0.519539,-0.0364096,0.576299
-0.481976,-1.15312,-0.135592,1.61026
0.343059,1.54252,-0.0685591,2.52356
-0.224479,1.3251,-0.10726,1.85009
0.195095,-1.64353,-0.0467049,2.75143
0.580409,0.0674609,0.00166145,0.391049
-0.503942,-0.908875,-0.0207812,1.14135
-0.389937,0.179605,-0.0803791,0.221645
0.409267,0.501809,-0.0324422,0.468257
-0.568,-1.06374,-0.0449745,1.49986
-0.3768,0.189019,0.0455217,0.213984
0.597095,-0.801121,-0.0343963,1.04246
0.46856,-1.37238,-0.140405,2.13925
-0.560823,-0.24589,-0.10018,0.42398
-0.0372713,1.48623,0.0112151,2.26723
-0.458851,-0.570869,-0.0807189,0.591393
-0.598353,-0.55304,0.0447408,0.708228
0.523068,-0.0397592,-0.000244143,0.332672
-0.589044,1.16416,0.0851069,1.73791
0.666832,1.09448,-0.0555857,1.65676
-0.238203,1.24508,0.0495521,1.62605
-0.521663,-1.09576,0.121924,1.52353
-0.302121,-1.42337,-0.167351,2.16485
0.474546,-1.07664,0.0767144,1.44091
0.40515,1.34037,0.188172,2.00073
-0.090175,-1.58696,0.0654657,2.56974
-0.0623606,1.59566,0.164905,2.58141
0.491831,0.926791,-0.00820646,1.15666
0.579995,-1.12062,0.0322437,1.63209
0.471978,-0.573914,0.0181324,0.612032
0.157559,-1.42781,0.143654,2.11099
0.566635,0.105926,0.0220651,0.383904
0.521746,0.223834,0.112334,0.374524
0.508657,0.353731,0.106996,0.43868
-0.440484,0.980407,0.0538913,1.20831
0.398916,-1.03466,-0.0336292,1.282
-0.549106,1.1495,0.0363256,1.67597
-0.488578,0.937358,0.0521653,1.1739
0.501554,-0.50168,-0.033947,0.562109
0.640771,-1.22844,0.00208194,1.92968
0.00297083,-1.52127,0.0871517,2.364
0.538595,0.521537,0.131053,0.61063
0.218647,-1.52909,0.0469214,2.43605
0.474299,-0.0615757,-0.0804919,0.284631
-0.487393,-0.662351,-0.0558456,0.733205
0.378626,-0.415636,-0.149567,0.342507
-0.416962,1.29641,0.137764,1.90472
0.220103,1.49489,-0.150432,2.32623
0.521069,-0.304697,-0.0544568,0.419594
0.510494,-0.0768911,-0.0597143,0.324601
0.527581,1.1263,-0.149321,1.59452
-0.304171,0.334475,0.00424602,0.206729
0.602873,1.02089,0.170668,1.43493
-0.577889,-0.623681,0.0556144,0.773106
0.536501,-1.16256,-0.0530695,1.69304
0.419699,1.33561,0.137007,2.01003
-0.387795,0.456626,0.148504,0.388919
-0.523222,-0.257431,-0.130368,0.392037
-0.543669,1.26062,0.162211,1.91595
-0.371236,0.989627,0.123445,1.14606
-0.345464,-0.234694,0.00174244,0.199998
-0.310022,-1.407,-0.147051,2.12752
-0.34633,-0.617984,-0.0956764,0.520856
0.365203,1.47658,-0.15721,2.34636
0.511531,0.72986,-0.0698397,0.847878
-0.534567,0.852992,-0.0989018,1.06371
-0.598405,-1.0042,0.0893301,1.40681
-0.222466,-1.50488,0.0310212,2.36911
0.560497,-0.525241,-0.0731778,0.640025
0.287268,1.26873,-0.103068,1.7324
-0.671902,0.114151,-0.0982895,0.475329
0.408614,-0.281078,0.0506639,0.292153
0.381333,-1.50612,0.110006,2.43887
-0.452761,1.01776,0.0253805,1.30033
-0.449699,-0.778045,-0.104048,0.859011
-0.630957,-1.02033,0.0908267,1.46762
0.525092,-0.926615,0.183898,1.177
-0.0139291,1.62934,-0.118778,2.68244
0.412406,0.146443,-0.00399331,0.240497
-0.269622,-1.53092,0.00875637,2.45855
0.442123,0.794632,-0.168851,0.868034
0.0216241,-1.36367,-0.0413405,1.8933
-0.0355565,-1.55341,0.107742,2.45812
-0.60363,-0.244879,0.160302,0.455628
0.648515,-0.700719,0.132372,0.929512
0.0343186,-1.37808,0.155215,1.92562
0.586304,0.323599,0.172054,0.482591
-0.346348,0.452528,-0.0101298,0.348649
0.458042,-0.19256,0.0403507,0.303326
0.473476,0.102702,-0.0277553,0.292518
0.468832,-0.0179067,-0.185915,0.261017
-0.297451,-1.13564,-0.0367086,1.39422
-0.403345,-0.737221,0.167275,0.738793
0.620426,-0.976392,-0.0341178,1.37321
0.376344,0.396612,0.0364703,0.336098
0.344908,0.381358,0.00812719,0.289153
0.606539,1.07035,-0.157661,1.54256
-0.482508,0.877116,0.0196618,1.06191
-0.313261,1.2493,-0.0511298,1.69785
0.551448,1.19861,-0.0785208,1.78392
0.185087,-1.63439,-0.116239,2.7198
0.47931,-0.862855,0.0744345,1.03109
-0.198561,1.25589,-0.0508575,1.63069
0.643236,0.27913,-0.0301825,0.520426
0.0390937,1.37997,0.00676573,1.94907
0.520199,-1.23006,-0.152586,1.82575
-0.547758,-0.0655187,-0.0366837,0.360059
-0.463732,0.118752,-0.0784833,0.283908
0.345843,0.0882158,-0.0324775,0.152346
-0.120373,1.55159,-0.0876064,2.46555
0.0646491,1.50058,0.0933648,2.31296
0.519559,0.541049,-0.0554467,0.621494
-0.616249,-0.754109,0.124441,0.980357
-0.431279,1.32585,-0.177569,1.98573
-0.476092,-0.905402,-0.157784,1.09327
0.459718,0.0648058,0.189775,0.255076
0.305236,-0.202854,-0.0277822,0.13666
0.530481,0.353178,0.116225,0.459284
-0.558905,1.22846,0.0734359,1.85698
0.459602,0.721626,-0.0293179,0.788882
-0.292881,1.27594,0.0354874,1.76104
0.561798,-0.7255,0.0548406,0.893889
-0.0542826,-1.5999,0.030631,2.60372
0.654853,0.694736,0.125634,0.927514
0.544785,-0.78394,0.139232,0.958485
0.490804,0.995385,-0.188542,1.27311
-0.34352,0.159972,0.0854174,0.16257
0.482831,-0.273527,0.05451,0.36546
0.406428,-0.311348,0.138969,0.299575
0.65993,0.541468,0.088146,0.745986
-0.0986161,1.46883,-0.0466143,2.22884
0.413822,0.139098,0.0798923,0.234542
0.199876,-1.51839,-0.0709174,2.39632
0.514098,1.31362,0.0859723,2.02713
-0.531838,-0.614737,0.132346,0.710889
-0.537616,0.971213,-0.148721,1.28001
-0.338475,-1.25483,-0.100387,1.73578
0.562583,1.19121,0.108431,1.77449
-0.384411,-0.590198,-0.0433797,0.534963
-0.310806,1.4325,-0.0277267,2.21058
-0.12576,-1.43278,-0.15499,2.1132
-0.601748,-0.579083,0.0168909,0.741792
-0.307678,1.48379,-0.0856299,2.34103
0.558036,0.696924,0.159056,0.83848
-0.51544,1.27491,-0.147859,1.92793
-0.57158,-1.0935,0.00410188,1.57457
-0.356282,-0.407664,0.0722282,0.319616
0.635845,-0.122911,0.131448,0.442847
0.604108,-0.289712,-0.0878135,0.489238
0.500988,0.0112485,0.152628,0.299638
-0.166823,-1.58594,-0.110011,2.57922
0.489506,0.251412,-0.0561581,0.361774
-0.147431,1.62541,-0.00643921,2.69016
0.512642,0.506709,-0.0651495,0.576707
0.466822,0.375919,0.130108,0.40899
-0.532978,-1.04388,0.0779832,1.4237
0.439239,-0.0734443,-0.0320135,0.251281
-0.49998,-0.601146,0.0512323,0.672722
-0.359239,-0.852488,-0.0194008,0.887794
0.629706,-0.338057,0.0484519,0.543798
-0.523311,-0.244085,0.0126313,0.394147
0.450705,-1.39844,-0.0432278,2.20182
-0.407501,0.0234127,0.0223551,0.214963
0.441401,0.998044,0.0360746,1.24627
0.395934,-0.290516,0.159508,0.272341
0.364056,0.0333141,-0.0853462,0.162185
0.3137,-0.638898,-0.00445005,0.513958
-0.634231,0.583169,0.0945487,0.769647
-0.141668,1.64264,-0.100354,2.73632
-0.269609,1.29176,-0.157428,1.77276
0.563899,-1.21046,0.0641904,1.82547
-0.342861,0.133465,-0.00754729,0.158017
-0.417246,-1.14178,0.0155638,1.53733
0.463986,-0.18414,0.0877895,0.302656
0.440719,-0.339025,-0.179575,0.348247
-0.663874,-0.759218,0.085719,1.03213
-0.0779971,1.39075,0.0636795,1.98464
0.581322,1.01326,0.10232,1.40828
-0.565359,1.29115,-0.00869864,2.01646
0.30838,1.18849,0.0276367,1.54186
-0.4459,0.0835463,-0.185919,0.244273
0.564651,0.909342,0.0316736,1.19804
0.296922,-1.49936,-0.115573,2.3769
-0.544826,-0.668583,0.0773933,0.797303
0.345856,-0.603123,0.0618348,0.505364
0.470767,-0.592001,0.124982,0.622649
-0.277319,1.19046,-0.0979869,1.50836
-0.452695,-0.621791,-0.109687,0.643845
0.384823,-0.773437,-0.157205,0.774087
-0.651014,-0.88618,-0.113009,1.22874
0.503414,-0.119102,-0.140823,0.317627
-0.441064,1.15958,-0.158497,1.58643
0.579459,0.587318,0.117192,0.725744
-0.605799,0.751309,-0.0796529,0.970812
0.549609,-0.57032,0.172054,0.668901
0.152955,-1.39834,0.0704984,2.02928
-0.575027,-1.01781,0.0383489,1.41719
0.425617,-0.0130847,0.110522,0.225593
-0.510266,0.722262,0.131416,0.834921
0.0076637,-1.47587,-0.102889,2.2365
-0.612508,0.493312,-0.0854005,0.655394
0.434392,-0.320329,0.145453,0.334855
0.639011,0.0373515,0.142574,0.430484
-0.0207233,-1.50433,0.0091548,2.32878
0.448325,1.46713,0.0131084,2.37585
0.497058,-0.664771,-0.145577,0.737647
0.365687,-0.95763,-0.0200456,1.08754
-0.4458,-0.550157,0.129143,0.548125
-0.415649,-0.15536,-0.0135233,0.246694
-0.472059,0.553871,-0.110109,0.582374
0.446271,0.379169,0.0508148,0.397123
0.283969,-1.41865,0.0777586,2.14717
0.524685,0.804905,-0.187774,0.96403
0.401832,-0.973619,0.15401,1.14456
-0.315814,-1.145,-0.0748771,1.43375
0.0143935,1.52889,-0.136174,2.38559
-0.338178,0.995887,-0.0836267,1.12514
0.174525,-1.59104,-0.000727042,2.60113
-0.279229,1.35893,0.134795,1.97345
0.638488,-0.0475844,-0.100015,0.436013
-0.65129,0.59122,0.0384382,0.798525
-0.224865,-1.64619,-0.0646694,2.76769
-0.0787797,1.50195,0.0591187,2.31944
0.309875,-1.36945,0.0796039,2.03278
-0.527863,-1.1637,-0.0708895,1.68471
-0.49341,-0.732899,-0.147361,0.831176
-0.601402,0.07608,0.0779001,0.411068
-0.389476,-0.872897,0.0504166,0.953678
0.570098,-0.277467,-0.0239596,0.452562
0.324314,-1.53908,-0.0208999,2.5031
-0.525504,0.300245,-0.0851567,0.422667
-0.441339,0.0568347,0.0297848,0.253046
0.376741,-1.23965,-0.00116183,1.74162
0.625272,-0.761289,0.134784,0.99741
0.00695397,1.5242,-0.0123726,2.3776
-0.380004,-0.206669,0.0580231,0.223959
0.0533493,-1.48873,0.02224,2.27319
-0.404687,0.318249,-0.0747071,0.307457
-0.22804,1.52403,-0.135759,2.4161
-0.549215,0.159583,-0.177077,0.367377
0.483384,-0.536076,0.111065,0.577866
0.0627241,1.52641,-0.0286836,2.39406
-0.541537,1.37982,0.044194,2.21635
0.351536,1.5206,-0.13121,2.46064
0.425582,0.746991,0.110365,0.784331
0.424297,-1.2741,-0.0722723,1.85926
0.617172,0.368748,0.105911,0.551353
-0.408416,-1.0559,0.0934511,1.32658
-0.600584,-0.505746,-0.00269492,0.658045
-0.612107,0.19162,0.00228953,0.45211
0.539423,1.04502,-0.124338,1.43545
0.39301,-0.615705,-0.116654,0.568904
0.465887,0.834901,0.188994,0.954377
-0.502425,-0.389038,0.0104612,0.462068
0.195252,1.38905,0.0952932,2.01875
0.543445,0.880224,-0.0263039,1.12622
0.646807,-0.31276,-0.0492024,0.542291
-0.223398,-1.41082,0.161014,2.08593
-0.387507,-1.05508,-0.0792309,1.30394
0.528517,1.09013,-0.00516729,1.52623
-0.0675446,-1.5851,0.109376,2.55124
0.671625,-0.452563,-0.0286899,0.670642
0.283661,-1.41699,0.0662388,2.14284
0.436751,0.139262,-0.0989216,0.260836
-0.316762,-0.0137907,0.000637615,0.11018
-0.529855,0.361002,0.123222,0.462896
-0.095742,1.35887,-0.035173,1.88993
0.350673,1.30994,-0.0893374,1.88525
-0.148091,-1.51385,0.16011,2.36194
-0.48833,-0.909604,-0.00281255,1.12586
-0.357669,0.444171,0.0921335,0.349951
-0.479805,-0.568677,0.0743089,0.607105
-0.389546,-0.270412,0.161251,0.25348
0.516378,0.885814,-0.0724143,1.10938
-0.353932,1.47276,0.0425807,2.34077
0.434406,0.567433,0.118049,0.555814
0.437326,0.427764,0.0787467,0.428362
-0.688979,-0.954873,0.00096825,1.39271
0.389414,-1.18954,0.0577697,1.61471
-0.103059,-1.55719,-0.184795,2.47135
-0.283652,1.35296,0.0556041,1.96649
-0.355414,0.196762,0.00542236,0.19509
-0.481874,-0.273601,-0.0415747,0.364446
-0.105495,1.38332,0.110958,1.9659
-0.464186,-1.33716,-0.0606682,2.06114
0.609477,0.708217,-0.0749772,0.912509
0.519795,0.180622,-0.135119,0.352512
0.577311,0.184436,0.117281,0.412935
-0.339304,-1.38195,0.062675,2.08321
0.283426,1.34585,0.0421699,1.94508
0.392344,0.188115,0.134875,0.22254
0.236739,-1.38348,0.0477428,2.0323
0.66193,0.946356,0.0818017,1.35087
-0.35454,1.24354,-0.017173,1.72627
-0.563099,1.21833,0.140838,1.83194
0.317417,-0.736892,-0.0403614,0.653129
0.571192,0.189221,-0.0878446,0.409994
0.374187,-1.46235,0.0170657,2.31953
0.506541,-0.233234,-0.195039,0.351737
-0.553382,-0.157068,-0.0167006,0.386809
-0.495517,-0.388402,-0.12375,0.447433
-0.519236,0.648434,-0.10252,0.744201
-0.0790138,-1.62015,0.0474221,2.66538
-0.524508,0.481974,-0.0367594,0.566372
0.327576,1.48907,-0.0149108,2.37099
-0.200631,1.45236,0.186466,2.19384
0.364418,-0.539964,-0.0172291,0.456645
-0.452863,0.173014,0.114413,0.285675
-0.588901,-0.016219,0.0400528,0.394968
-0.414499,1.07502,-0.135127,1.37028
-0.353958,-1.36275,0.0166196,2.0424
-0.67186,-0.325944,0.0673457,0.570768
-0.325044,0.336877,-0.00495445,0.233952
0.304012,1.26006,-0.0633835,1.72886
-0.553279,-0.612404,-0.148665,0.724717
-0.360506,0.148712,0.111355,0.176042
-0.32812,0.279125,0.0194286,0.2008
-0.406806,1.29265,-0.0450414,1.89557
-0.482377,0.184496,0.0541301,0.324378
-0.383864,-0.482543,0.154784,0.408838
0.652334,0.15086,0.0202617,0.472622
-0.424122,-0.452019,-0.015679,0.438632
0.117971,-1.64587,0.0211422,2.74561
-0.491481,0.948086,0.10962,1.19526
0.448335,0.563022,0.142211,0.564648
-0.655631,1.06154,-0.00834353,1.5776
-0.309495,-1.4827,0.119102,2.33628
-0.371563,0.103053,0.0903516,0.180349
-0.35912,-1.28774,-0.0466505,1.84648
-0.568343,0.473453,-0.0336871,0.602828
-0.39134,1.29904,0.0450499,1.90391
-0.319833,1.04458,0.0335681,1.20715
0.443174,-0.603202,0.00901491,0.614481
-0.265328,-1.35447,-0.189255,1.94168
-0.37308,0.695949,-0.0279609,0.660918
-0.339763,1.36473,0.0572422,2.0324
0.572603,0.454551,-0.00576957,0.586829
0.546484,0.666399,0.123019,0.790484
-0.429662,0.476916,0.170522,0.449671
0.322421,-1.15921,0.0681945,1.47758
-0.0483449,-1.44541,0.108193,2.1411
0.39461,-1.14722,-0.0705103,1.52065
-0.56421,0.77114,0.106177,0.960362
-0.245336,1.3295,0.0361899,1.88142
0.5162,0.638399,0.0959675,0.72717
0.44186,0.336274,-0.101513,0.359052
-0.476656,0.0250663,-0.0255368,0.287515
0.530951,-0.79529,0.126832,0.964404
-0.402784,-1.24113,0.134966,1.75387
-0.524423,1.08104,0.00303759,1.50388
-0.491194,1.32184,0.0352795,2.03405
0.456013,-0.723544,-0.00953591,0.791472
0.532346,1.06243,0.183609,1.45198
0.546659,-1.18882,0.15304,1.74986
0.513564,-0.78544,-0.125554,0.930503
-0.648247,-0.797601,0.0132823,1.08329
-0.464011,0.750079,0.16779,0.823096
0.65003,-0.460878,-0.0347338,0.659886
0.228779,1.4917,0.156784,2.32179
0.644802,-0.265912,-0.116676,0.508412
-0.29546,-1.45046,-0.00481482,2.24762
-0.664787,0.97872,-0.0476979,1.4189
-0.363553,-1.1484,-0.00231798,1.49691
0.647463,-0.724437,0.11632,0.964739
0.444846,0.106669,-0.0671725,0.263533
0.382034,-1.32582,-0.11112,1.96152
-0.466437,0.0604412,-0.180568,0.263421
-0.152759,1.6257,0.0683331,2.68992
0.109504,1.59554,-0.0510718,2.59744
0.439164,-0.68274,0.0137344,0.713742
0.570367,0.572886,-0.00183227,0.708449
0.495543,-1.00247,0.136084,1.30245
-0.445748,0.456182,0.108183,0.458094
-0.498576,0.544624,0.0586463,0.604364
0.439779,-1.02452,0.166971,1.28422
0.336388,-1.45127,-0.142176,2.26062
0.547518,-1.32609,0.0900043,2.08603
-0.346235,-1.3169,0.105621,1.90655
-0.569076,-1.02224,0.00537261,1.41703
-0.286633,-1.33066,-0.104567,1.89969
-0.248939,1.31283,-0.102748,1.82188
-0.396808,0.552842,-0.0791061,0.504549
0.603091,0.148379,0.168263,0.415634
0.266951,1.44229,-0.181813,2.19607
0.212876,-1.50809,-0.0101391,2.37827
0.283882,1.38862,0.139441,2.06033
0.306267,1.57628,-0.104112,2.59674
0.219337,1.38184,0.124756,2.0062
-0.387008,0.35315,0.151608,0.303306
-0.55813,-0.136,0.00236945,0.383474
0.631809,-1.20766,0.0394546,1.87662
-0.671027,1.05543,-0.0165221,1.5789
-0.480049,-0.142954,0.103215,0.303891
-0.479225,0.475082,-0.169694,0.501443
-0.430231,-0.170889,0.135331,0.257169
0.412211,1.08028,0.144659,1.37782
0.384267,1.12734,0.0876248,1.46237
0.475605,0.804914,-0.104755,0.928843
-0.422473,0.712536,-0.0972267,0.730139
0.301964,1.55758,0.130162,2.53974
-0.0946684,1.32565,0.0470837,1.79039
-0.570589,-1.27335,-0.0748608,1.97627
0.158219,1.52439,0.105339,2.39865
0.567783,0.349422,0.131451,0.490042
-0.198131,1.49349,-0.187996,2.30983
0.282971,1.49954,-0.18171,2.36319
-0.28594,-1.33116,0.0917729,1.90699
-0.348482,-1.47825,0.158919,2.33996
0.376351,-1.31704,0.185799,1.91827
0.423184,0.333547,-0.174769,0.326584
-0.490583,0.992775,-0.150556,1.27835
0.417753,0.443853,-0.0399638,0.421153
0.346792,-1.3332,0.0262524,1.96023
-0.587801,0.814101,-0.0295132,1.05647
0.679063,0.810891,0.0301558,1.13039
-0.591838,-0.636493,0.149198,0.791417
0.576667,1.27811,0.0874057,1.99211
0.376244,-1.53382,0.0793799,2.51634
0.084528,-1.40015,-0.0370979,2.01855
0.345064,1.40968,0.150296,2.15075
0.416658,0.86369,0.0826985,0.966031
0.414082,1.06011,0.124213,1.33706
-0.532957,0.134773,-0.0628084,0.359332
0.336852,-1.12152,-0.0355981,1.40444
0.488312,-0.283931,-0.0369515,0.378444
0.565819,-1.17805,-0.0983794,1.7514
-0.568228,-0.688846,-0.0566982,0.848714
0.499456,-0.0392563,-0.106712,0.304458
0.373502,1.33613,-0.13076,1.9775
-0.626882,-0.749719,0.143485,0.9807
0.386782,0.203025,0.0685289,0.230157
-0.343874,0.529857,0.097027,0.417794
0.390584,1.36343,-0.0388415,2.06627
-0.387233,-0.727952,-0.0956283,0.716647
0.492173,-1.03319,-0.177621,1.35394
-0.0644032,-1.52604,0.0562057,2.3896
0.321129,-1.06879,-0.0983055,1.25595
0.529309,-0.499208,0.189107,0.570445
0.662719,-0.598576,-0.106242,0.81168
0.412833,1.36345,-0.0817622,2.08317
-0.562622,-0.89637,0.164713,1.1597
-0.402607,-0.0246396,-0.142447,0.198611
0.644843,-0.758806,-0.00271929,1.01918
-0.581332,1.13602,-0.0531385,1.67089
-0.492128,0.286393,0.134481,0.374585
-0.470812,1.05213,-0.0400338,1.3888
-0.227882,-1.45818,-0.193548,2.21881
-0.259418,1.51067,0.0829567,2.39292
0.506367,-0.527638,0.108989,0.589681
-0.454026,-0.960501,0.137473,1.17685
0.475839,0.412932,0.0986008,0.451329
0.59362,0.173768,-0.0212263,0.430282
0.44988,1.35589,0.170589,2.07729
-0.590318,-0.149816,0.147889,0.40863
0.588675,-0.370659,-0.0812819,0.528799
0.588459,-0.292335,0.0318782,0.480618
-0.336655,-0.0538661,0.0514169,0.135575
0.395845,0.964832,-0.144455,1.11981
-0.478847,-0.294571,0.179993,0.360234
0.30271,-1.30483,-0.0711536,1.84609
0.66993,-0.663264,0.0427247,0.904383
-0.43168,-0.270556,-0.0101991,0.311475
0.598995,0.453307,0.0609614,0.608317
0.534314,0.0463022,0.0764479,0.343261
-0.52777,-0.176098,-0.171871,0.353803
0.188318,-1.31241,0.115784,1.78497
-0.506823,0.103702,0.0565902,0.32589
-0.618325,0.530386,0.110952,0.69829
0.181615,1.47342,0.0559703,2.26494
-0.41819,1.23129,-0.0130434,1.75256
0.552326,-0.707224,-0.136397,0.85215
0.275757,-1.50455,-0.0203133,2.38673
0.438277,-0.574946,-0.00766352,0.576888
0.0102702,1.5588,0.084075,2.47811
0.172315,1.53874,0.17958,2.43461
-0.376026,1.544,0.0565173,2.54267
0.353893,1.26126,-0.181887,1.75495
0.524249,0.687578,-0.0724255,0.803658
0.136393,-1.46023,0.166036,2.19575
0.439197,0.595859,-0.0278769,0.603449
-0.586667,0.293596,0.168691,0.464845
-0.139959,1.48413,0.154663,2.27108
-0.0488012,-1.44197,0.173229,2.12152
0.0331636,-1.39556,-0.151779,1.98282
0.603443,-1.09831,-0.0530965,1.6088
0.431915,-0.240514,-0.1051,0.291568
0.487229,1.21309,0.0750495,1.76486
-0.590153,-0.533479,0.166717,0.666325
0.4706,0.906016,-0.00234497,1.10051
0.628957,0.0792417,0.0686922,0.434562
0.11053,-1.3164,0.102153,1.76008
0.499231,-0.65329,0.0365783,0.734305
-0.225702,-1.26611,-0.0904709,1.67619
-0.364861,-0.537373,0.0743504,0.450165
-0.469926,0.553202,-0.0245876,0.585791
0.495098,0.31428,0.122198,0.394793
-0.60451,-0.956595,-0.0747447,1.32231
0.308911,-1.33752,0.0651799,1.94266
0.286476,-1.623,0.0472062,2.7231
-0.376019,1.43281,-0.132991,2.23612
-0.514459,0.853364,0.00261846,1.05208
0.540988,0.424765,-0.0713676,0.528104
-0.692426,-0.129115,0.0211126,0.500367
-0.622123,0.768249,-0.0435254,1.01522
0.629622,0.417058,0.0637905,0.603494
-0.395201,0.100283,0.0590656,0.207841
0.488587,1.05775,-0.128804,1.40792
0.10937,-1.61503,0.14753,2.64719
-0.458891,1.27732,-0.166615,1.88792
-0.44087,0.808491,0.0414806,0.900708
0.329917,-0.627051,-0.0589254,0.515422
0.112449,-1.57728,-0.159217,2.53562
0.335783,-1.39037,0.153005,2.09541
-0.564388,1.26087,0.143733,1.93531
0.340644,0.663942,0.0299494,0.579626
0.522372,0.490488,0.0791907,0.571303
-0.378907,0.770185,-0.0897834,0.770949
0.368888,-1.1851,0.0586303,1.58634
-0.597349,0.490216,0.123869,0.634682
0.465259,0.761494,-0.0760429,0.852417
-0.621892,-0.853872,0.10956,1.14865
-0.189753,-1.37728,-0.157989,1.9728
0.559062,0.189644,0.149075,0.392637
0.389672,-1.156,-0.0276496,1.54308
-0.576528,0.193155,0.117956,0.413486
-0.480862,0.718445,-0.034047,0.804592
-0.408563,0.798456,-0.0719743,0.852714
-0.493616,0.37137,-0.181096,0.42553
-0.489951,-0.245564,0.0172075,0.358615
-0.299273,1.1998,0.0584217,1.56157
-0.565823,-0.298506,0.0320247,0.461515
0.466641,1.05622,0.0417567,1.39575
0.517741,0.0699709,-0.142091,0.322514
-0.299709,-1.46909,0.100546,2.29583
-0.434974,1.27964,0.11025,1.88288
-0.425198,0.601888,-0.0884975,0.588852
-0.514279,-0.0128786,-0.0356929,0.321118
-0.223464,1.50526,0.0970215,2.3674
-0.356118,0.682426,-0.0363907,0.621673
0.69521,0.839651,0.0225432,1.19113
-0.63701,-1.04399,0.0247976,1.52629
0.0236818,-1.3958,0.115078,1.99096
-0.451735,0.85441,0.0339445,0.983883
-0.46117,-0.528083,0.143485,0.538585
0.512185,1.17123,-0.183246,1.67314
0.40918,-0.470922,-0.0715406,0.433861
0.375572,1.3685,0.188633,2.05396
0.417143,0.606028,-0.13152,0.58264
-0.121977,1.62381,0.13557,2.67423
0.534064,0.520476,-0.170896,0.599706
0.0259409,-1.61584,0.147055,2.64101
0.624988,0.198361,0.0113645,0.467237
-0.477311,-1.32521,-0.128225,2.02548
0.513633,1.12832,0.141732,1.58347
0.610416,-0.11926,-0.0887842,0.424581
0.276932,-1.62713,-0.0422146,2.73151
0.473131,-0.666307,-0.191501,0.70838
0.262913,-1.32296,0.168003,1.85365
0.691993,-0.259202,-0.0470186,0.549551
0.572966,0.865792,0.0910135,1.12378
0.435813,0.996154,0.183834,1.21837
0.459135,-0.796964,0.0438195,0.901498
-0.50603,-0.319408,-0.09674,0.414187
-0.224227,-1.40762,-0.0337208,2.09072
-0.381631,-0.960042,0.0387041,1.10725
-0.376873,0.221094,-0.148741,0.216879
-0.642206,-0.287329,0.0123513,0.523867
-0.432645,-0.576687,-0.018948,0.570403
-0.653696,0.913652,-0.0954239,1.28235
-0.428187,0.32048,0.0555677,0.337091
-0.669559,0.695046,0.0779293,0.945683
0.478891,1.21591,-0.174371,1.75117
-0.692857,-0.472123,-0.0192373,0.707063
0.328278,-1.50052,-0.0881755,2.39642
0.323636,-1.27329,0.105669,1.77154
-0.601018,0.971679,-0.124306,1.34187
-0.494123,-0.0829145,0.0920652,0.306795
0.0986715,-1.47143,0.0169297,2.23504
0.555839,0.431267,-0.0591148,0.548633
-0.392732,0.817868,-0.0624133,0.865603
0.417156,0.259925,-0.0461184,0.291305
0.399308,-1.04391,0.0109024,1.29721
-0.445271,-1.40715,-0.00244753,2.2194
0.44071,-1.17015,0.194514,1.60246
0.65363,-1.19417,0.0606473,1.86211
-0.605553,0.819852,0.0300353,1.08208
-0.567542,1.28491,-0.046974,2.00654
-0.456944,0.43684,0.00822325,0.455533
-0.211111,1.25274,-0.0512198,1.62985
0.673338,0.951691,0.0757581,1.37105
0.390128,-0.51693,0.109753,0.45569
-0.38462,-0.613695,0.134023,0.555478
0.266857,-1.39866,0.174245,2.07096
-0.157163,1.41549,-0.183634,2.0665
0.6604,-1.05144,-0.047648,1.55865
-0.372498,0.56528,0.126935,0.485292
0.403065,0.0896059,-0.0511621,0.215326
-0.415513,-0.99794,-0.114634,1.21268
-0.609672,-1.25244,-0.00635303,1.95916
-0.36398,-0.757057,-0.00679102,0.737807
0.548146,-0.717578,0.163858,0.858297
0.23483,-1.38768,0.0836548,2.03514
-0.313784,-1.55927,0.064471,2.55574
-0.538239,-0.605985,-0.0282117,0.714059
0.446401,1.49366,-0.101303,2.44485
-0.0753285,1.57197,-0.0435194,2.52744
-0.592961,-0.961991,-0.155347,1.31228
0.60192,-0.332391,-0.135826,0.508056
-0.529907,0.630822,0.135553,0.726399
-0.574239,-1.20795,-0.00511546,1.82899
0.579248,-0.973234,0.121599,1.32833
0.376814,-1.31209,-0.0684125,1.91359
-0.408003,-1.12772,0.14623,1.47988
-0.410677,0.618148,0.122597,0.590565
0.596814,1.20604,0.0202688,1.84277
0.602428,0.538636,-0.165219,0.684132
-0.100262,-1.61788,0.100747,2.65835
-0.379516,-0.575694,0.00281529,0.512173
0.425264,0.439874,0.0991037,0.419221
-0.33458,-0.331373,-0.0357558,0.239943
-0.652421,-0.894133,0.009732,1.25094
0.425265,-1.06546,-0.172678,1.35422
0.463904,0.761747,-0.156755,0.843666
-0.306731,-0.427134,0.026453,0.28017
0.184768,-1.45857,0.146232,2.21375
0.376321,-1.55574,0.0282454,2.57669
0.44039,1.24684,-0.0792013,1.80632
0.42555,-0.662531,0.108202,0.664968
0.383987,0.515425,-0.151156,0.440389
-0.62064,-0.205722,-0.0534977,0.464063
0.30316,0.224881,-0.0184374,0.144016
-0.412468,1.29064,-0.151161,1.88531
-0.543983,-0.226628,0.1759,0.388618
0.61598,0.0703141,-0.112231,0.418164
0.499241,-0.278481,-0.0770895,0.385239
-0.599924,0.57988,0.166647,0.727325
-0.673508,-0.361414,0.0411175,0.598526
0.617258,-0.649188,0.0339648,0.839609
-0.427624,-0.158519,0.0377507,0.260429
-0.246337,-1.60728,-0.0396832,2.67005
0.649577,0.691376,0.0678984,0.924422
-0.592677,-0.926866,-0.0276603,1.25706
0.0933498,-1.49972,0.1598,2.30736
-0.36133,-0.150034,0.136394,0.175749
0.267276,-1.40746,-0.133373,2.1029
0.459537,0.203548,0.0681537,0.309096
0.358899,-0.91258,0.0599257,0.988277
-0.0942549,1.64849,0.0913773,2.74391
0.652592,-0.480754,-0.0358505,0.682388
0.461969,0.405705,0.107554,0.42858
-0.659115,0.520434,-0.0955533,0.721824
-0.467952,-1.13606,-0.189298,1.55166
-0.423969,0.342495,-0.0056575,0.349334
0.395059,-0.825738,-0.0519171,0.88145
0.611728,-0.889022,0.160915,1.19294
-0.336484,0.773123,0.0555582,0.729957
0.170055,-1.42624,0.0642557,2.11793
0.0776989,-1.43001,0.163184,2.09227
0.418292,-0.0881022,-0.112552,0.227018
-0.5796,-0.411501,0.0313959,0.553621
-0.640251,-0.107499,0.134255,0.442713
-0.588386,-1.27769,-0.0770508,2.00148
-0.49553,-1.34298,-0.0868902,2.08943
0.578213,-0.499741,0.0538081,0.632937
0.331899,-0.335174,0.0992995,0.234926
0.486111,-0.194164,-0.0926697,0.328028
-0.411205,1.25207,0.0465934,1.79935
0.509481,-1.05097,-0.143894,1.41396
0.376932,-1.57721,-0.0470072,2.63483
0.460741,1.39824,-0.153743,2.19866
-0.629043,-0.0728154,0.106321,0.43024
0.426532,-0.861751,-0.0966644,0.970511
0.445605,-0.792756,-0.128119,0.874423
-0.481758,-0.743267,0.0905433,0.843084
-0.277079,1.43776,0.0912709,2.19391
-0.454039,0.47573,-0.0518543,0.490406
0.486841,-0.250755,-0.145178,0.34885
0.148598,1.47245,-0.00784009,2.24767
-0.366609,1.2194,0.0716242,1.67213
-0.058517,-1.50443,0.0137309,2.33029
-0.559513,1.22661,-0.108113,1.85631
-0.29377,1.5462,-0.0668196,2.51279
-0.379875,1.3547,-0.0269329,2.04256
-0.482542,0.934233,0.0724967,1.16091
-0.400088,0.00252149,-0.0586763,0.204133
0.625676,-1.07254,0.134983,1.56753
-0.547359,0.299528,-0.10359,0.440793
-0.122798,1.55329,-0.0258017,2.48456
0.337011,-0.940958,-0.0252168,1.0185
0.450286,1.30186,-0.126278,1.94828
-0.499415,0.18156,0.138713,0.333028
-0.572488,0.783773,-0.149183,0.983259
-0.504044,-0.579372,-0.16366,0.636347
-0.552094,0.201311,-0.0141707,0.401609
-0.374063,1.52285,0.126874,2.47971
-0.41305,0.431606,0.152422,0.394915
-0.557411,1.12645,0.071299,1.63044
-0.395291,1.31803,0.089574,1.9493
-0.257017,1.37387,-0.00613743,2.01423
0.584343,0.504016,0.107367,0.640667
0.538145,0.742823,-0.185177,0.88127
-0.361171,1.13426,-0.112393,1.45095
-0.0220513,1.45657,-0.119817,2.17463
0.456492,-0.16963,-0.0145549,0.29358
-0.316009,-0.912595,0.0275092,0.940684
-0.614999,-0.709382,-0.0760736,0.918444
-0.492776,-1.22847,-0.000936256,1.80987
-0.101081,1.39466,0.0621547,2.00639
-0.479558,1.09937,0.128852,1.49114
-0.540716,1.08237,0.0793384,1.51623
0.135025,-1.51269,0.149568,2.35659
0.317477,0.358456,0.0599734,0.236702
-0.487459,0.832015,0.018114,0.988514
-0.196493,1.55723,-0.141117,2.50071
-0.0448512,-1.43175,-0.0744345,2.10433
0.0463158,-1.48971,-0.0546178,2.27634
-0.672073,1.07836,0.0862459,1.62438
0.244428,-1.45584,0.0851487,2.23776
-0.65583,0.627419,0.114206,0.840812
-0.65059,-0.23283,-0.125307,0.495729
-0.197611,1.34309,-0.0572031,1.89155
-0.274728,1.51833,0.0497194,2.428
-0.421162,0.158355,0.0659566,0.251041
0.497304,-1.06911,0.190785,1.43148
-0.48421,-0.327998,-0.0562753,0.397534
-0.494596,-0.948033,0.183614,1.18789
-0.535223,0.271954,0.0491021,0.417027
0.197791,-1.38039,0.127727,1.98878
0.361345,-0.754918,-0.0312769,0.731013
0.614728,-0.0668906,0.0936579,0.419338
-0.301336,-1.45323,0.15599,2.24725
-0.468999,1.11687,-0.00146497,1.53147
-0.0840966,1.35335,0.0147786,1.87187
0.521148,-1.45448,-0.0504381,2.39025
-0.348339,0.67927,-0.0515228,0.608575
-0.575532,-1.18901,-0.167586,1.77411
-0.137469,-1.52497,0.0196967,2.39869
-0.449905,0.474269,0.157209,0.470997
-0.585451,-0.409263,-0.000106197,0.559111
-0.398879,1.21002,0.152072,1.66913
0.674387,-0.354683,0.0961039,0.590382
-0.232403,1.40844,-0.141255,2.087
0.341146,0.665251,-0.0290695,0.580904
-0.30211,-1.43821,0.0783502,2.21578
-0.295144,1.34649,-0.0252319,1.95795
-0.323284,0.652721,-0.0773452,0.539734
0.608393,0.152321,-0.155765,0.424266
0.377958,-1.52782,-0.043446,2.50493
0.0502076,1.35943,0.082573,1.88374
0.467524,-1.19061,0.0261373,1.69334
-0.425082,-0.567485,-0.0981461,0.548987
-0.630733,-0.401482,-0.0644125,0.588768
0.407089,0.0633206,-0.0403784,0.217093
-0.524401,1.31363,-0.131085,2.03187
0.575696,-0.711474,0.0450152,0.884485
-0.50509,-0.49775,0.103604,0.558058
0.594021,-0.39515,-0.10692,0.549598
-0.517195,-0.749358,0.121829,0.877969
-0.631624,-0.389799,-0.00285653,0.583221
0.400654,0.12641,-0.098024,0.216457
-0.304666,-1.25049,-0.128588,1.69449
-0.370211,-0.742856,0.0907693,0.717908
-0.652193,0.640866,-0.109938,0.855013
0.585331,-0.0346734,-0.13224,0.383696
-0.0875372,-1.51924,0.124565,2.37055
0.397634,-0.352772,0.0792685,0.323877
0.446964,1.30559,-0.0128614,1.96346
-0.500419,0.712418,0.149962,0.808585
-0.0972943,1.40735,-0.115528,2.03377
-0.509651,-0.120564,0.181712,0.317744
0.472747,0.564724,0.0492334,0.599242
-0.449671,-1.32401,0.1445,2.00084
0.535336,0.392846,0.178242,0.483181
0.110991,-1.49673,0.114709,2.30685
-0.526396,0.317085,0.162059,0.422472
0.63254,0.801972,0.0888286,1.07383
0.651576,0.661864,0.103007,0.882329
0.48891,0.234018,0.121134,0.346205
0.182731,-1.46755,0.0833664,2.24211
-0.471606,0.382539,0.154332,0.415272
-0.0240828,1.53612,-0.139161,2.41054
-0.442153,-1.10954,0.18843,1.46637
0.409199,1.43659,-0.041988,2.27484
0.302644,0.913333,-0.0230322,0.927347
-0.197666,1.3985,0.127602,2.04156
0.161977,-1.51555,-0.0130033,2.3814
0.566132,0.740254,0.0887714,0.917146
0.557673,0.524263,0.0555258,0.638646
-0.49597,0.0887569,0.00489706,0.314494
0.578262,-0.324872,-0.11226,0.486146
-0.497688,-1.4434,0.0357562,2.34953
0.556173,0.916603,0.0620772,1.20386
0.330062,0.148581,0.0458625,0.146816
0.438671,-0.462424,-0.183478,0.44418
0.0917015,-1.50385,0.156582,2.31709
0.588522,1.18349,-0.00924313,1.7851
-0.560087,-0.560722,0.0776612,0.680653
0.445751,-0.842025,-0.0651956,0.962174
-0.481517,1.12903,0.0333322,1.56436
-0.336254,-0.69831,0.0746185,0.61793
-0.366715,1.41886,0.0244586,2.20481
-0.0837196,-1.3264,0.00599431,1.79087
0.130642,-1.48016,-0.0385533,2.26914
0.474079,0.757777,0.191644,0.839684
-0.610426,-0.23955,0.116637,0.464391
-0.373717,-0.471019,-0.0584418,0.396039
-0.0911355,-1.40434,-0.0732837,2.02818
-0.0397484,-1.51607,0.00398882,2.35908
0.579077,1.13543,-0.0272029,1.67123
0.423678,-0.276179,0.0827069,0.301849
0.636761,1.19473,-0.0122001,1.84889
0.467234,1.01623,-0.156317,1.29552
-0.25541,-1.37802,0.150755,2.0104
0.552149,1.07422,0.132736,1.50582
-0.335325,1.25024,0.150977,1.71568
-0.234849,1.36518,0.0094268,1.97346
0.478586,1.35065,0.0186971,2.1
0.330302,-0.0822264,-0.00257202,0.132955
0.317892,0.521319,-0.0454079,0.381536
0.348536,0.215845,-0.115203,0.187152
0.586666,-0.799716,0.032245,1.03487
-0.552066,-1.21145,0.0902986,1.81571
-0.500617,-0.24761,0.0180484,0.372672
-0.632075,0.163674,-0.142428,0.450064
-0.517226,1.0463,0.18014,1.40574
-0.440341,0.306173,0.164152,0.328895
-0.396811,-0.833363,0.0692031,0.893375
0.499986,-1.28635,0.0233831,1.95174
-0.354967,1.25402,0.087109,1.75159
-0.566687,0.291115,-0.185007,0.442011
0.537419,0.195877,0.178847,0.368712
0.444264,0.211899,-0.167909,0.283536
-0.47054,0.0347156,0.0876644,0.27863
0.527407,0.551673,-0.189095,0.623281
-0.650381,0.283682,0.0627056,0.527361
0.511986,0.299502,0.186143,0.393844
0.58502,-1.25194,0.0633689,1.93822
-0.333083,1.48647,-0.0477074,2.36847
0.00486736,-1.59923,-0.031345,2.60396
-0.169149,-1.34385,-0.114053,1.86709
-0.312689,-0.924628,-0.0296821,0.959347
-0.46234,-0.546001,0.0721107,0.564696
-0.441666,-0.336651,0.171632,0.349266
0.512089,-1.23599,-0.167985,1.82993
-0.589471,-0.317577,-0.163187,0.481959
0.341131,-1.2618,0.0755454,1.75845
-0.269099,1.54976,-0.103932,2.51106
0.32987,-1.24554,-0.0918663,1.70653
0.336258,0.722621,0.00573152,0.655762
0.68075,-0.160839,-0.0122301,0.500842
0.619875,-0.809532,0.0311812,1.07651
0.395354,0.551389,0.0631666,0.502487
0.466582,1.12512,-0.190389,1.52533
-0.589776,-0.699763,0.000902912,0.88283
0.618129,1.16532,-0.0163865,1.76599
0.396328,0.992285,-0.0856575,1.1853
0.363518,1.10434,0.0666483,1.3903
-0.594176,1.26487,0.0451388,1.97558
0.336706,-1.37512,-0.0344101,2.06347
0.683659,0.825891,0.0729355,1.15615
-0.305356,0.564725,-0.0299475,0.41457
0.550086,-0.86277,-0.00998527,1.10458
0.337334,1.22825,0.13974,1.65785
-0.637842,1.123,0.0976457,1.68804
0.40192,1.30832,0.119179,1.92482
0.371749,1.31067,-0.134936,1.90824
0.4188,0.536321,-0.108382,0.507382
0.45509,-0.441068,-0.105266,0.452519
-0.522941,1.45214,0.007698,2.38582
0.537658,-0.275961,-0.136284,0.414476
0.479932,-1.14334,0.104238,1.59325
0.0748034,-1.57185,0.047612,2.53215
-0.529525,-0.716156,0.133936,0.844193
-0.545635,0.77774,-0.162666,0.947055
0.532477,-1.42527,-0.0370817,2.32531
0.35669,0.513414,-0.10377,0.414289
0.453775,1.16612,-0.0885774,1.6223
-0.0530687,1.36044,-0.0914855,1.88637
-0.578759,-0.601322,-0.10499,0.740989
0.306246,-0.186279,-0.00458267,0.131769
0.400893,1.40767,-0.0761984,2.1832
0.540943,0.525944,0.126961,0.618733
-0.32524,-0.0950283,-0.0843292,0.125441
0.457107,-1.40888,-0.108557,2.22959
0.13267,1.61061,-0.0761032,2.64339
-0.61965,0.434226,-0.0984119,0.606099
-0.396676,-0.198193,-0.0487155,0.238661
-0.20162,1.63567,0.105663,2.72806
0.280708,1.3246,0.137102,1.87869
-0.0105834,1.58801,0.169342,2.55614
-0.605527,-0.903754,0.0490074,1.22686
0.41975,0.726428,0.113873,0.74885
0.411054,-1.40619,0.0684891,2.19345
-0.235838,-1.29132,-0.0840696,1.76036
0.590413,-0.656499,0.0137849,0.825989
-0.42273,-0.0923054,-0.0218614,0.237849
0.384942,-0.302893,0.0571939,0.277988
-0.169788,-1.48266,0.0383716,2.28243
0.203506,-1.32485,-0.0688456,1.839
0.573123,-0.751121,0.0478227,0.942467
0.45389,-1.02965,0.182308,1.30578
0.486993,-1.11215,0.030061,1.53371
0.376552,-0.653094,0.0233863,0.607514
0.234475,-1.42911,0.00605813,2.15927
-0.32476,0.766314,-0.042581,0.707337
-0.370941,-0.33864,-0.0977052,0.280624
-0.547462,-0.622382,-0.0780103,0.740257
0.185288,-1.45856,-0.0401213,2.22153
-0.460337,-1.13491,0.11901,1.55269
0.420799,-0.227975,0.0131638,0.279026
0.0758786,-1.39726,0.0672163,2.00598
0.511051,-1.08024,0.00122529,1.48531
-0.549632,1.26079,-0.0266159,1.92836
0.540597,0.139538,-0.150372,0.357767
-0.49132,-0.644915,0.19545,0.698088
0.0914144,1.42264,-0.00654072,2.08909
0.142849,-1.58299,0.0599622,2.56695
-0.3334,1.31943,-0.0298277,1.91178
0.397718,-1.5389,-0.043461,2.5396
-0.327963,1.50997,-0.152852,2.41951
0.542431,-0.63916,0.182591,0.74345
-0.663998,0.236426,0.0722019,0.513462
-0.410924,0.454762,0.132361,0.414429
0.675878,0.0563804,-0.0473875,0.473325
-0.424283,1.31107,-0.126268,1.9487
-0.514492,0.504586,0.194489,0.560052
0.344293,-0.268625,-0.0257437,0.214274
-0.51873,1.22443,-0.0824157,1.81548
-0.0446833,1.55168,-0.0911331,2.45941
-0.580346,-1.00075,-0.14603,1.37813
0.583487,-0.0288286,0.117565,0.384753
0.0291681,1.47562,-0.00928749,2.23845
0.139628,1.5077,0.110608,2.34764
0.560732,1.10863,0.0159732,1.59506
0.521182,-0.969552,0.187917,1.25442
-0.0151578,1.66746,0.021036,2.79648
-0.476387,0.24386,0.148152,0.334757
-0.160141,-1.40603,0.13042,2.05325
-0.417526,-1.02601,0.127669,1.27086
-0.521908,0.384228,-0.00963766,0.478046
-0.451802,-1.21277,-0.0828364,1.7306
0.507321,-0.57375,0.160148,0.635108
0.077996,-1.37824,-0.098643,1.94512
-0.568862,0.669958,0.0416248,0.823735
-0.34996,1.39342,0.109249,2.11597
-0.62633,0.220152,-0.000255952,0.474688
0.258993,1.58438,0.0158655,2.61016
-0.610793,-0.336884,-0.0923478,0.524431
-0.487946,0.871977,0.0340381,1.05887
-0.567095,1.00683,0.156915,1.37802
-0.316851,-1.15828,0.135795,1.46086
-0.63729,0.923658,-0.123283,1.28378
0.480504,-0.718881,0.192504,0.788367
0.200157,-1.42941,-0.0612106,2.14495
0.622953,-0.363571,-0.117112,0.550303
0.535739,1.09861,-0.194077,1.5322
-0.46929,0.430388,0.0216987,0.462363
-0.577428,-1.07076,-0.0984685,1.52477
-0.673405,1.01682,0.0230229,1.50076
-0.516267,1.17121,0.159296,1.6832
0.562005,-0.173515,-0.168718,0.384692
-0.606884,0.974469,0.00961419,1.35723
0.498283,0.688454,0.0551312,0.783846
0.52933,-0.10267,0.17924,0.333084
0.381111,-0.777943,0.0251669,0.791308
0.623315,0.620478,-0.0402366,0.809718
-0.589684,1.13539,-0.154981,1.66745
0.324007,-1.36691,0.0592578,2.03618
0.374356,1.39117,-0.133776,2.12348
-0.342223,-0.163294,0.0633605,0.163601
-0.469322,0.440332,0.165398,0.460271
-0.48761,1.41216,-0.0386639,2.26132
0.4945,0.206151,-0.191971,0.328944
0.591961,-0.310644,0.0319287,0.495197
-0.193136,1.3857,0.0891297,2.00654
-0.492904,1.14701,0.0339585,1.61531
0.606601,0.276949,0.160006,0.474625
0.456703,-0.890056,0.0675776,1.05409
-0.0608337,-1.33685,-0.101924,1.80847
-0.562981,-0.791206,0.0901374,0.992659
-0.442771,0.379686,0.181649,0.378158
0.52432,-0.950648,0.15378,1.22537
-0.210301,1.22879,-0.00662675,1.56329
-0.551008,-1.0612,0.0397765,1.48283
-0.362635,-0.943357,-0.0597726,1.04925
0.596628,0.82975,0.017621,1.09324
-0.0445007,-1.38489,0.152066,1.95034
0.382312,1.35144,0.00532767,2.03199
0.228088,-1.6549,-0.0165596,2.79433
0.568911,-0.474438,0.154992,0.588622
-0.232328,-1.55547,0.0483798,2.51343
-0.349522,1.01795,0.0136238,1.18851
-0.393671,1.1621,-0.111577,1.55347
-0.639569,-0.0435088,0.0296136,0.440373
0.642415,-0.587199,-0.104564,0.781331
0.657667,-0.625829,0.0560668,0.844663
0.438041,-1.10588,-0.0582849,1.46858
0.493766,0.562332,-0.131538,0.60974
0.457577,0.349163,0.0704247,0.385328
-0.498446,-1.12548,0.125074,1.56547
-0.465098,0.462177,-0.141832,0.478394
0.433224,0.0460528,0.0886472,0.238582
0.348179,1.21906,0.0848416,1.65348
-0.355922,-1.17643,-0.128555,1.54567
-0.475213,0.371715,0.158852,0.410941
0.327885,1.53201,0.00354132,2.49174
0.683513,-1.13763,-0.0247034,1.76244
0.323306,-0.434972,0.0778426,0.304104
0.333913,1.45543,0.03401,2.28288
0.49011,-1.00604,-0.123145,1.30625
0.542644,-0.410009,0.195373,0.500741
-0.484036,-0.256927,-0.176378,0.344147
-0.610351,0.380685,-0.0153014,0.557411
-0.160534,-1.58227,-0.0711666,2.56698
0.472447,0.8165,-0.0241147,0.947524
-0.66758,0.577013,-0.0655059,0.793934
0.0813876,-1.49738,-0.012764,2.30814
-0.509489,-0.517262,-0.163377,0.573287
0.429544,-1.31127,0.109912,1.95532
-0.0855524,-1.59281,0.147254,2.57895
-0.0735676,-1.51834,-0.0194392,2.36967
0.50857,-1.37229,-0.12889,2.16567
-0.407408,-0.736816,0.128605,0.748421
-0.454525,1.48328,-0.0969926,2.42206
-0.47993,-0.152442,-0.0175648,0.313642
-0.655001,-0.271007,0.123073,0.518811
0.615939,-0.827983,0.0252206,1.10581
0.352054,0.0373337,0.127142,0.143962
-0.67616,0.556803,-0.0167444,0.780948
-0.542126,1.0073,0.023264,1.36896
0.45242,0.978875,-0.156971,1.20525
0.367456,0.229908,-0.141841,0.211673
0.129016,-1.67038,0.00569855,2.81464
-0.14793,-1.49418,-0.072755,2.31502
0.241151,1.51295,0.178512,2.38546
0.386128,0.749187,-0.038243,0.752851
0.338267,-0.906019,-0.039119,0.955428
0.410989,-0.774559,0.17683,0.801391
-0.591295,0.194972,0.0179941,0.435676
-0.274238,-1.33191,-0.145099,1.89204
0.320343,-0.344754,-0.0710846,0.230252
0.418139,0.809169,-0.163051,0.86574
0.336649,-0.711415,-0.0555097,0.6363
0.484738,-0.960078,0.0704155,1.21147
0.520218,-0.725687,-0.15239,0.845995
0.243121,-1.55604,0.1369,2.51232
-0.325602,-1.21801,-0.163499,1.61846
0.423016,-0.879455,-0.0281333,1.00511
0.436751,1.20825,-0.0953018,1.70683
0.271452,-1.26381,0.143649,1.69901
0.418983,-0.287707,0.0890763,0.305078
-0.413262,0.173195,-0.156794,0.23756
-0.265834,1.42533,0.0976886,2.16225
0.603958,-0.174924,0.16393,0.426124
0.462203,0.411449,0.167526,0.426824
0.314234,-1.4364,0.158365,2.20687
0.397992,-0.975297,0.146119,1.14314
-0.662424,0.945324,0.00876409,1.35343
0.404144,0.632991,0.163178,0.597366
0.487102,0.317408,-0.111371,0.391241
0.0424033,-1.68245,0.0340333,2.84158
-0.395389,-1.46272,0.134328,2.32753
0.661308,0.964838,0.0257918,1.38837
-0.522833,-0.784455,0.134178,0.936996
-0.501126,0.486313,-0.0948224,0.542827
0.510398,-0.207322,0.0695492,0.359601
-0.311645,-0.224009,0.0302348,0.153884
-0.477695,-0.038095,-0.139265,0.279208
0.560906,0.873813,0.133448,1.12411
0.642477,0.477866,-0.0948827,0.666503
-0.430205,1.28522,-0.188361,1.87887
-0.628256,1.13715,0.00422293,1.71738
0.605106,-0.201065,0.0365251,0.449855
0.65014,0.936781,-0.0656417,1.32164
0.516867,-0.7158,-0.163748,0.825544
0.32357,1.33601,0.143289,1.93888
-0.586023,-0.539135,0.149111,0.672616
-0.401549,-0.238807,0.129934,0.255344
-0.445152,1.30157,-0.00609508,1.95133
0.534258,-0.0610054,0.0766036,0.344972
-0.466617,-0.608471,-0.082979,0.64023
-0.559782,-0.573344,-0.042797,0.695561
0.676068,0.519734,-0.0799268,0.738064
-0.506519,1.1324,-0.00673154,1.59711
0.393349,-1.03467,-0.146805,1.2582
-0.635097,0.767363,-0.114505,1.01833
0.392652,0.44543,-0.0506929,0.394036
-0.547835,0.248512,-0.153869,0.406557
-0.444428,1.06948,0.0417167,1.39759
0.515812,-0.376487,0.0226404,0.467873
0.459139,-0.491086,-0.112135,0.502258
0.168939,-1.42307,0.0694036,2.10821
-0.551767,-1.11073,-0.130275,1.58571
-0.649067,-0.214422,-0.0869349,0.489664
-0.561708,-0.0646162,-0.0431778,0.373129
-0.664066,0.734837,0.105466,0.994532
-0.364061,-1.02331,0.104729,1.20721
0.632186,0.434034,0.146815,0.611269
-0.455906,0.721894,0.187038,0.768155
-0.532954,0.155625,-0.17515,0.351278
0.476611,-0.657391,0.0874255,0.714167
-0.491737,0.188595,-0.172879,0.322971
0.608052,0.584495,0.0171687,0.753339
0.502125,1.20958,0.0145964,1.77337
-0.178482,-1.34364,-0.0524962,1.88156
-0.314897,-0.775637,0.0372089,0.708752
-0.591569,-0.796166,-0.0978185,1.02476
0.324362,-1.32667,-0.165706,1.90881
0.0978006,1.55523,0.0297703,2.48194
-0.351044,-1.16642,-0.128619,1.51826
-0.463329,0.366997,0.0413573,0.404397
0.0108633,-1.51229,-0.0989782,2.34242
-0.422133,-0.172254,-0.142419,0.249326
0.505045,-1.12363,-0.174847,1.56225
-0.18429,1.47884,-0.030057,2.28256
0.410487,-0.903295,0.134123,1.02379
0.59613,-0.688111,-0.154466,0.864391
-0.492624,0.821946,0.13571,0.970422
-0.528758,0.907347,0.0547,1.16436
0.415777,-0.131225,-0.169016,0.224348
0.332172,-1.53063,0.037006,2.48736
-0.433229,-0.916634,0.0399706,1.08241
0.429401,0.143285,-0.012537,0.257632
-0.0326509,-1.54357,-0.192547,2.42197
-0.472472,1.3873,-0.141561,2.18037
-0.356643,-0.236208,0.0682937,0.210036
-0.238639,-1.36863,0.00427311,1.98443
0.12404,-1.41224,-0.0914787,2.06332
-0.479881,-0.105437,-0.106981,0.294298
0.454338,0.922007,0.0382126,1.11552
-0.458307,0.00171423,0.113504,0.261559
-0.191832,1.54226,-0.183825,2.44964
-0.647615,-0.725366,-0.133752,0.963791
0.565488,-1.40008,0.0285874,2.28376
-0.431514,-1.1889,0.0432768,1.65662
-0.435941,0.512229,0.155524,0.494805
0.659572,0.560687,0.00383973,0.771885
-0.37945,-0.321845,-0.0207249,0.288358
0.542583,0.730829,0.0988159,0.881188
0.621942,-0.849717,0.00673859,1.14556
-0.488705,0.0913244,-0.0529839,0.306995
-0.432259,1.10734,-0.0463142,1.4725
-0.466194,1.08219,-0.188539,1.42992
-0.248836,-1.57809,-0.110598,2.58111
-0.569357,-0.211503,0.17035,0.406963
0.21486,-1.34157,0.112178,1.88679
0.103259,-1.50402,-0.0579256,2.33743
-0.415264,0.617658,-0.113061,0.596182
0.435129,-1.13949,0.14596,1.5354
0.00492956,1.49748,0.174748,2.28646
0.465587,1.02782,-0.0839175,1.33003
0.376643,-0.246174,-0.0127483,0.239761
0.65451,-0.797616,0.00955597,1.08765
0.103515,1.44627,-0.0683295,2.15879
0.100569,-1.53241,0.117845,2.41352
-0.274136,1.25475,-0.142905,1.6766
0.591567,0.601636,0.0886184,0.755509
0.48159,-1.40996,0.0997107,2.24759
-0.522979,-1.33311,-0.126985,2.07935
-0.580657,-1.20247,0.127104,1.81537
0.497478,0.374947,0.0773681,0.445316
-0.37211,-1.13036,-0.0787705,1.45845
0.304187,-0.93163,0.0373993,0.962578
0.448651,0.882334,-0.103938,1.03468
-0.441242,-0.213057,-0.0177643,0.293828
-0.173799,1.39812,0.0811352,2.03619
-0.415559,0.370626,0.120978,0.351065
0.335992,1.34982,-0.104613,1.98887
-0.0924525,-1.38538,-0.147049,1.9638
0.318068,-0.747758,0.0448166,0.668728
-0.487831,-1.25288,0.0576934,1.86468
-0.614211,-0.970417,0.103023,1.35506
-0.468357,-1.11401,0.18428,1.50267
-0.491301,0.573167,-0.0623295,0.630401
0.307092,0.0243139,-0.0198466,0.0985215
0.423154,-1.41051,0.0807882,2.21257
0.0938927,1.47758,0.181084,2.23474
-0.535608,0.854985,0.175505,1.05982
-0.353106,-1.18201,-0.0677824,1.57162
0.368878,-1.40162,-0.00859629,2.1526
0.468472,-0.244133,-0.189269,0.319813
-0.264726,-1.2298,-0.0742171,1.60733
-0.653506,-0.134677,0.108515,0.464155
0.480125,-0.269699,-0.0845385,0.358817
0.185415,1.39496,-0.110598,2.0292
0.467862,0.266055,-0.0490803,0.347051
-0.511311,1.19308,-0.193431,1.72285
0.343621,-1.5275,0.0973455,2.47805
-0.354747,-0.152255,0.132365,0.16831
-0.404623,1.16165,0.0655903,1.56789
-0.589171,0.380857,-0.1031,0.536191
0.514073,0.148714,0.173523,0.331461
0.0751457,-1.4694,-0.158414,2.21568
0.236213,-1.1921,0.0207105,1.48041
-0.294566,-1.43148,-0.101867,2.18977
-0.618347,-0.0088325,-0.0285576,0.419905
0.330993,0.608626,-0.0982383,0.492338
0.201184,1.53516,0.0855916,2.44424
-0.301049,1.4611,-0.10238,2.27784
-0.0425379,1.52363,0.161974,2.36945
-0.43498,-0.952145,-0.0241131,1.14621
-0.496958,-1.13943,0.090358,1.60365
0.574808,0.0415488,0.178089,0.367943
0.507026,-0.354956,0.172869,0.426665
-0.498883,-1.33039,0.0270866,2.05921
0.504573,0.498867,0.196968,0.543905
-0.602455,0.312447,0.00633467,0.506246
0.604754,0.676083,0.0637237,0.866433
0.048286,-1.43404,0.181015,2.09701
-0.574838,0.355972,0.122437,0.503188
0.604966,-0.904251,0.00583907,1.22689
0.647415,0.0958038,-0.0554753,0.455176
-0.169237,1.46529,0.0555928,2.22999
-0.497229,-0.405507,-0.0926976,0.465574
0.524276,-1.19042,-0.0663803,1.7419
0.433227,1.02174,-0.0980172,1.28111
0.556792,-0.762523,0.147121,0.935669
0.439291,1.05707,0.015133,1.36912
0.690768,0.0626441,0.0591823,0.484797
-0.57653,-0.734871,0.156156,0.911496
0.501441,-0.293567,0.0266046,0.397159
-0.446808,-0.891138,0.15627,1.03809
-0.116262,1.38565,0.121179,1.9727
-0.644915,-0.129195,-0.0247026,0.459824
0.392137,-0.44747,-0.0142922,0.395404
-0.62704,1.1827,-0.0213655,1.81541
-0.50405,-1.22457,0.0312821,1.80923
-0.427469,0.59607,0.0298068,0.589648
0.589315,0.779137,0.0387639,1.0021
0.490579,0.182047,0.0613965,0.331529
-0.430203,0.707981,0.0313262,0.738591
-0.6376,0.636496,0.0204946,0.842708
-0.601681,1.2993,0.0968552,2.06059
-0.613348,0.0485179,0.141968,0.409442
-0.573705,1.27645,-0.107589,1.98441
0.525077,1.30976,-0.000142081,2.02987
0.461315,-0.331521,0.175076,0.364916
0.348558,1.23715,-0.157901,1.69165
-0.574415,0.885897,-0.0278272,1.16834
0.485408,-0.359696,0.142019,0.415368
-0.491953,-0.579898,0.147641,0.628051
-0.585918,0.776494,0.128764,0.987965
-0.178279,-1.40306,0.0619966,2.05216
0.64533,0.560565,0.118174,0.751387
0.0247178,1.60939,-0.131671,2.62343
-0.287466,-1.51323,0.0719111,2.41395
0.386141,0.438136,0.0642105,0.381897
-0.342294,-1.43619,0.0671268,2.23547
-0.599253,-0.106545,-0.107909,0.409898
0.550583,0.0191507,0.0330235,0.357517
-0.513879,0.608469,0.113015,0.68622
0.530253,0.0996739,-0.0722686,0.346981
-0.332222,1.34754,-0.18332,1.96829
0.592043,0.413405,-0.04318,0.566881
-0.125216,1.55495,0.164371,2.47268
0.510616,-0.608727,0.0947961,0.687573
-0.441827,1.10886,0.157095,1.47024
0.533531,0.82021,-0.0776112,1.0127
-0.0689587,1.45104,0.0413618,2.1666
-0.363459,0.434402,-0.0805824,0.350151
0.253932,1.57264,0.0528212,2.56894
0.340674,-1.32176,0.119088,1.9141
-0.231763,1.23763,0.0443099,1.60252
-0.526871,-1.2275,-0.051762,1.83347
0.475395,-0.269266,-0.13093,0.349404
0.0955395,1.55525,0.144022,2.47202
-0.448144,1.09864,-0.102461,1.45669
0.483129,0.720259,0.161171,0.800947
-0.482913,0.82644,-0.0826881,0.973675
0.538628,0.118285,-0.191259,0.34362
0.291806,1.41647,0.0116823,2.14804
0.418643,-0.822045,0.093524,0.895452
-0.51485,-0.181277,-0.0269008,0.358714
0.605919,-0.759133,-0.0944739,0.984174
-0.602384,0.913367,-0.0385728,1.23864
-0.581486,-0.676127,0.159121,0.832823
-0.480108,1.44021,0.0816164,2.32646
0.18989,-1.52005,0.0405686,2.39783
-0.497755,-0.596597,-0.0754314,0.662648
0.296497,-1.50041,0.0802862,2.38444
0.0248297,1.34753,0.0249781,1.84416
-0.443145,0.432908,-0.125636,0.431216
-0.480788,0.580754,-0.10181,0.620976
0.47978,1.1953,0.0394372,1.71821
0.256156,-1.40628,0.194161,2.08446
-0.245156,-1.49688,-0.090007,2.35044
-0.574291,-0.0703694,-0.0661705,0.383229
-0.613467,-1.06837,-0.0625218,1.55415
-0.607973,0.402899,0.00658461,0.575971
0.635447,0.935421,-0.0465342,1.30842
0.388022,1.13055,-0.0484514,1.47764
0.368572,-1.17948,-0.0284626,1.57498
-0.111134,1.35599,0.0851354,1.88392
0.453917,0.411477,-0.0564034,0.429313
-0.46342,0.392122,-0.0210259,0.425098
0.499907,0.364829,0.111852,0.433883
0.261539,1.57952,0.00129358,2.59419
0.173282,1.37391,0.00438572,1.96888
0.661883,0.560845,0.115594,0.766556
0.437703,1.21834,0.182386,1.71882
0.514285,-1.33056,-0.154683,2.06197
0.436555,0.582066,0.0055163,0.587245
-0.331126,-0.298108,-0.00460113,0.215343
0.520688,0.0167324,-0.0409966,0.329079
-0.611144,-0.868184,-0.14148,1.15961
0.362913,1.30432,0.0218685,1.89005
-0.572039,-0.878466,-0.148758,1.13998
-0.505922,-1.03094,0.159341,1.36451
-0.629699,-0.501919,-0.00103712,0.685989
-0.311528,1.34172,0.19341,1.93643
-0.468299,0.0325194,-0.147944,0.267626
0.502708,-0.16124,0.0976289,0.334822
0.255146,1.37907,-0.0575567,2.022
-0.249459,-1.55764,-0.120869,2.52105
0.418165,-0.878988,-0.0552936,0.997564
-0.355894,0.535006,-0.0884498,0.43799
0.461301,-0.953517,-0.149799,1.17008
0.50016,-0.613657,0.0503288,0.686062
-0.392724,-0.202194,-0.0199151,0.23874
-0.520638,-1.0492,0.136073,1.42318
-0.0925363,-1.34783,-0.021528,1.85828
0.55378,-0.337966,-0.0756913,0.472498
0.408523,0.945176,0.174611,1.09235
0.696975,-0.0704228,0.0194185,0.492155
-0.329213,-0.304645,0.0198467,0.216936
0.317914,1.24813,0.111864,1.69791
-0.382641,1.4083,0.00765024,2.18256
-0.200873,1.37461,0.104944,1.97735
0.544818,-0.744694,-0.105306,0.903136
0.505438,0.201487,-0.0157731,0.358081
0.412129,-0.885034,-0.0156725,1.00218
0.451766,-0.249075,0.0882411,0.319364
-0.508626,-0.931457,0.015088,1.18487
-0.438507,-0.451239,-0.178663,0.433806
-0.625467,-0.991552,0.0418753,1.41107
-0.325035,1.49167,0.118837,2.36981
-0.460918,-0.76836,0.133115,0.852312
-0.41548,0.0437784,0.0410814,0.223316
0.427498,-1.51297,-0.0893859,2.48603
-0.40183,0.322012,0.0863713,0.305565
0.257685,1.48747,0.0578366,2.32914
-0.393155,0.462966,-0.0458958,0.411042
0.414059,-1.42743,-0.0996901,2.25114
-0.372777,0.47291,0.104548,0.393755
-0.669996,0.662768,-0.0140018,0.904986
-0.471416,-0.179158,-0.164583,0.299372
0.163773,-1.39389,0.0477244,2.02524
-0.441926,0.439972,0.00544299,0.442126
0.347432,-1.14483,-0.00389005,1.4765
0.0992977,-1.52513,-0.0271577,2.38856
-0.300364,1.09978,-0.0317209,1.30871
0.378225,0.30812,0.130989,0.267049
0.534229,-1.14023,-0.120683,1.63337
-0.396166,0.756793,-0.01695,0.774728
-0.425978,-0.421778,-0.0327518,0.409967
-0.56462,-0.818816,0.104975,1.03544
-0.294959,1.19216,0.0143906,1.5394
-0.361105,-0.908705,-0.0146111,0.985333
0.605512,0.299374,0.153127,0.488063
0.549447,0.419829,-0.0368619,0.533685
-0.56079,0.358693,-0.181207,0.481485
-0.271687,-1.38172,-0.174221,2.02794
-0.604092,0.0673734,-0.0826305,0.410599
-0.588033,-0.347844,-0.0526043,0.512065
-0.506631,1.19653,-0.150751,1.73293
0.664762,0.327963,-0.0885368,0.56458
-0.578954,-1.23098,0.0974669,1.88365
0.504182,-0.0276968,0.0926738,0.309978
-0.279905,-1.51909,0.113279,2.42908
-0.318207,-1.0832,-0.101778,1.28529
-0.462212,-0.0199755,-0.175678,0.256689
-0.34866,0.6453,0.0538934,0.56063
-0.0748709,-1.41915,-0.135399,2.06285
-0.362291,0.633867,-0.0300385,0.5656
0.335393,1.13692,0.0142607,1.44002
0.248703,1.53419,0.149871,2.45459
0.519886,0.212694,0.0294876,0.374659
-0.228365,1.28846,-0.0163618,1.74881
-0.245109,-1.35049,-0.170026,1.92128
0.249096,-1.57023,-0.0603825,2.56108
0.0797232,1.66102,0.067179,2.78284
0.554197,0.822543,0.0274434,1.03667
0.406894,1.41822,-0.0429803,2.22581
-0.691447,-0.159817,0.055667,0.507029
-0.40459,1.33857,0.0654866,2.00944
-0.364904,-1.51147,0.0614888,2.44938
-0.305912,0.0950973,-0.0422959,0.105444
0.442118,0.533743,-0.0766967,0.531245
-0.520525,0.0895846,0.17535,0.322686
-0.49392,-0.330721,0.0094503,0.412424
-0.317691,1.51091,0.158419,2.41588
-0.175064,-1.39091,0.105456,2.01386
-0.071006,1.50658,-0.178252,2.31512
0.499191,1.07217,-0.15236,1.44768
0.521748,0.390213,-0.17721,0.467872
0.689733,-0.381694,0.0497398,0.626232
0.428918,1.31797,0.0102213,1.97631
0.572059,1.07702,-0.161803,1.52406
-0.637227,-0.187321,-0.0374983,0.47246
0.387835,0.836359,-0.0334239,0.889997
-0.0843166,1.57884,-0.0285813,2.55007
-0.113112,1.6142,-0.122342,2.64734
-0.336608,-0.638791,-0.0637387,0.540526
-0.00530746,1.43874,-0.113105,2.1199
0.279861,1.54367,0.0967736,2.49774
-0.377521,-1.38573,0.17412,2.10529
-0.557836,-1.08993,-0.061733,1.5519
-0.454261,0.939324,0.0112722,1.14475
0.419904,-0.211185,-0.016766,0.269923
-0.600868,-0.204012,0.0879936,0.443086
0.393434,-0.0669832,0.0186461,0.202472
0.265504,1.37847,-0.0962765,2.02615
-0.450855,-0.808178,0.0738842,0.912888
-0.358201,-0.665755,0.0225779,0.600672
-0.267098,-1.26632,-0.137007,1.70449
0.574369,-0.383722,0.181742,0.512512
0.323812,-1.43335,0.0176811,2.21867
0.498351,0.0156611,0.0809885,0.304526
-0.162234,-1.4956,-0.189166,2.30346
-0.546355,-0.202106,-0.147761,0.383191
-0.485024,0.471916,-0.119463,0.511264
0.360881,1.54503,-0.0477494,2.5414
-0.554343,0.777321,0.00412816,0.964718
-0.511836,0.81678,0.118407,0.979743
0.0432151,1.50975,0.0351834,2.33913
-0.301284,1.25708,0.111554,1.71215
-0.518722,0.295514,0.166249,0.401454
-0.314183,0.981458,-0.00560241,1.07149
0.351761,1.52297,-0.127753,2.4703
-0.572803,-0.610755,0.140569,0.743394
-0.433195,-1.16927,0.0762145,1.6138
-0.404645,-1.4391,0.0769051,2.27704
-0.339541,0.106679,0.0197436,0.147418
-0.680329,0.887892,0.00804642,1.2609
-0.396458,-0.339717,0.119116,0.310039
-0.162031,1.41777,-0.141591,2.08262
0.315103,-0.743885,-0.0229219,0.660678
0.64901,0.978953,0.0781065,1.40244
-0.35377,1.02699,-0.0742272,1.20532
-0.432164,0.972385,0.124212,1.17925
0.527606,-0.142675,0.0904985,0.354205
-0.469758,0.440469,-0.194154,0.454381
-0.0765885,1.32984,-0.0485233,1.79352
-0.543023,0.512949,0.0211346,0.613077
0.421121,1.50887,-0.10009,2.47021
0.378216,-1.3242,0.128618,1.95189
0.590845,-1.2115,-0.132317,1.84265
-0.529172,-0.25794,-0.0345245,0.404042
0.364402,0.536735,-0.00572351,0.453039
0.402067,-0.134391,0.00491428,0.224784
0.611189,0.461592,0.0883656,0.623509
-0.424452,-0.132637,0.166143,0.235516
-0.469692,-0.231943,0.111324,0.325841
0.649261,-1.02914,0.0957093,1.50181
-0.438834,0.433505,-0.128817,0.426381
0.454598,0.134278,-0.0976007,0.277502
0.483411,-0.371057,0.00580143,0.430463
-0.370659,0.603815,-0.14932,0.525611
-0.660149,0.707653,-0.115149,0.951789
-0.272743,-1.15204,0.0205141,1.40988
0.0996762,-1.55367,0.0181919,2.47382
-0.143161,1.4554,0.0093887,2.20049
0.534173,-0.93691,-0.149444,1.20963
0.557427,0.382283,-0.166033,0.498143
-0.592453,0.836305,0.0019786,1.09819
0.541971,0.470946,-0.153163,0.561815
-0.590944,0.277992,-0.0128829,0.47428
0.102323,1.33411,0.0813439,1.81628
0.349423,-0.173062,0.101409,0.173551
0.484104,0.142709,-0.0713043,0.311763
-0.436907,-0.968841,-0.00205789,1.18485
-0.587431,-1.2759,-0.0516089,1.99892
0.144837,-1.64433,-0.0892735,2.73893
-0.0184902,-1.48325,-0.184361,2.24123
0.621972,-0.964485,-0.0690024,1.35314
0.628321,-0.844502,-0.0903007,1.13816
0.395402,1.2873,0.0452667,1.87031
-0.342762,-1.27813,0.174294,1.79042
-0.549079,-0.572095,0.134829,0.677847
-0.368352,-0.404656,0.135638,0.324228
0.479896,-0.220679,-0.052991,0.337911
0.622772,-1.00787,0.10372,1.43674
-0.519641,1.34836,0.130587,2.11582
-0.507661,-0.886396,0.18666,1.08595
-0.546864,-1.24414,-0.0200487,1.89094
0.460333,0.647148,-0.150423,0.675698
0.409435,-0.681442,-0.157918,0.667437
-0.518425,1.33123,0.0785595,2.0784
0.403337,0.187059,0.163512,0.229878
-0.48331,-0.675987,-0.0535079,0.747565
0.52878,1.39402,0.095507,2.24048
0.195937,1.50633,0.0688684,2.35999
0.0313141,1.42035,0.0489747,2.07231
0.421446,-0.821379,0.0117363,0.9059
-0.444834,-0.0232361,-0.050329,0.251952
-0.116066,1.47361,-0.157862,2.23262
0.465868,0.874289,0.0725973,1.03501
0.490022,-0.361294,-0.039454,0.429063
-0.371251,-0.470008,0.0835647,0.389309
0.601094,0.745746,-0.0637629,0.959082
0.512657,0.698243,0.00865022,0.812106
-0.358522,0.280485,-0.0189235,0.23716
0.413282,0.57981,-0.0316757,0.556266
-0.529793,-1.06052,-0.15063,1.45171
-0.479162,0.289378,0.0455259,0.370634
0.621721,-1.08406,0.0578765,1.59685
0.488734,-0.0856733,0.0262518,0.306405
0.280008,-1.29004,-0.067786,1.78582
0.364962,-0.720035,0.0637504,0.680687
0.606027,1.03716,0.127281,1.47524
-0.446731,-1.3162,-0.00690807,1.98376
-0.574254,-0.74865,-0.0939054,0.937955
0.153214,1.4769,-0.156403,2.25307
0.429767,-1.12441,-0.0311701,1.50514
-0.526694,1.36005,0.0332852,2.15555
-0.0812479,-1.4676,0.175716,2.20091
-0.65127,-0.912211,0.0582811,1.27937
0.643105,0.262007,-0.0389551,0.510494
0.457598,-0.522338,-0.187669,0.521856
-0.514968,-0.0129354,0.185084,0.307368
-0.438859,1.4776,0.0526803,2.40303
-0.402017,-1.00716,-0.149786,1.21077
0.562058,-1.2672,0.100979,1.95113
-0.40349,-0.252188,-0.0338003,0.270924
0.50714,-0.838539,-0.063274,1.01818
0.390624,0.807641,-0.098213,0.840099
-0.552465,-0.271059,-0.0727883,0.432931
0.565214,0.00308634,0.0987703,0.367341
0.00264187,1.65357,0.127644,2.75085
0.363818,-1.39557,0.0902785,2.13991
0.608482,0.636907,0.14145,0.807127
0.342577,1.27589,0.136473,1.79317
0.317963,1.0565,0.0589983,1.22843
-0.415641,0.127551,0.0620368,0.236165
-0.611116,0.45077,-0.0115479,0.616938
-0.0301663,-1.53291,-0.0801643,2.40911
0.390682,0.209065,0.0989453,0.23398
-0.27892,1.24286,-0.120351,1.65316
0.271014,-1.51517,-0.0627858,2.41581
-0.470246,-0.246643,0.0765591,0.337759
-0.571138,0.523951,-0.15254,0.640494
-0.148312,-1.5602,-0.151172,2.4964
0.557438,-0.0595546,-0.012409,0.369088
-0.486717,0.422799,0.0850873,0.47222
0.481896,-0.492951,-0.120744,0.528668
0.352364,0.41491,0.0957473,0.318957
0.551701,0.300709,-0.0804658,0.448531
0.527602,1.03038,0.163572,1.38503
0.432968,1.22283,0.10843,1.73403
0.61207,-0.468364,-0.101489,0.629599
-0.478992,-0.211648,0.12866,0.325251
-0.47154,0.996287,-0.000363155,1.2702
0.417793,1.1305,-0.0412343,1.51036
0.466239,-1.29331,-0.0530438,1.94782
-0.331082,-1.49643,-0.0920839,2.38595
0.468367,0.0641922,0.0358463,0.281086
-0.139801,-1.54277,-0.0802397,2.45377
-0.582561,-0.608562,-0.0741433,0.757984
0.403618,0.714326,0.165277,0.705921
-0.45043,-1.32004,-0.115441,1.99784
-0.383983,0.169287,0.0251107,0.215392
-0.533317,-1.34357,-0.136798,2.11254
-0.42023,-0.489634,0.030956,0.464458
0.573202,0.45549,-0.115222,0.582493
-0.508083,-1.28279,-0.00271032,1.94964
0.606414,1.25954,0.0515719,1.97456
0.13795,-1.29833,-0.0409661,1.7211
-0.287371,-1.37843,0.0128019,2.04229
0.350629,1.4686,0.0219897,2.32932
0.595393,-0.671391,0.157987,0.83863
0.540423,0.0448623,-0.073295,0.34808
-0.411321,-0.848588,-0.118603,0.931292
0.491905,-1.10434,0.141634,1.50878
-0.350181,-1.57177,-0.0422128,2.60625
0.341572,-1.33796,0.105462,1.95959
-0.264726,1.48762,0.0884273,2.331
0.59553,-0.972596,0.0267534,1.34497
-0.490241,-1.45002,0.0407839,2.35975
-0.674018,-0.164941,0.0946109,0.491531
-0.661803,-1.07826,0.00349127,1.6176
-0.531905,0.0989083,-0.0497345,0.349093
-0.0166852,1.50711,-0.166115,2.31784
0.465916,-0.0071453,-0.181103,0.259051
-0.631011,0.118128,-0.103207,0.440718
0.495565,-0.0795024,0.177156,0.295876
0.496571,-0.874324,0.0196182,1.06969
-0.585333,0.785175,-0.0460576,1.00587
-0.491527,0.716578,0.18727,0.797667
-0.316175,1.26035,-0.128645,1.72854
-0.40573,0.370911,-0.0280225,0.348477
0.43993,-1.44787,0.109136,2.31911
-0.364343,-0.0304661,-0.0545364,0.166186
0.511456,-1.18756,-0.0419752,1.72303
0.357302,0.943421,0.0307066,1.04691
-0.607758,-1.09509,-0.115265,1.60172
0.261205,-1.33493,-0.0232572,1.89986
-0.456418,0.654735,0.031788,0.694741
-0.56003,-0.545351,-0.0883102,0.662577
0.330596,-1.30808,0.115219,1.8738
-0.523678,-0.729021,0.148984,0.853376
0.238877,1.33908,0.0311791,1.8973
0.655197,-1.0969,0.0698868,1.64974
-0.143849,-1.48154,-0.0619104,2.27198
0.690827,-0.636539,0.0520904,0.886187
-0.115674,1.48206,-0.126585,2.2658
0.101272,-1.50226,0.0940408,2.32529
0.414432,-0.0180603,0.0889964,0.217294
0.574311,0.0458594,-0.185397,0.366453
-0.430002,-0.327081,0.108129,0.338078
0.238234,1.43327,0.00451526,2.16868
-0.43725,-1.15842,-0.125248,1.57995
-0.298334,-1.27923,-0.161495,1.76155
-0.523387,-0.338751,-0.103758,0.442073
-0.579138,0.3437,0.0102057,0.506155
0.157459,-1.32701,-0.0442445,1.81629
-0.518364,0.461331,0.0963686,0.537286
0.580614,-0.0389824,0.074786,0.386099
-0.422195,0.286933,0.0850707,0.305862
-0.35106,-1.47969,0.153498,2.34697
-0.457855,0.314662,-0.188,0.348174
0.161882,1.60443,0.0502813,2.63267
-0.258173,-1.603,0.0466438,2.65783
0.543379,-1.17407,0.0227521,1.72445
-0.159296,1.57779,-0.0350291,2.56059
-0.0832261,-1.36153,-0.0799732,1.89144
0.361973,-1.16484,0.131125,1.52622
0.60922,0.0658967,0.165697,0.403977
-0.467972,0.513728,0.0487787,0.540773
0.385288,0.912924,0.0325406,1.02372
-0.458473,0.885202,0.020312,1.05584
-0.248857,1.49074,0.000887708,2.33522
0.586459,0.563429,0.135128,0.700277
-0.197987,-1.35725,-0.15942,1.91721
0.641002,-0.37932,-0.0277521,0.584725
-0.454059,-1.155,-0.00896843,1.59484
0.579738,1.19757,-0.0765984,1.80484
0.39587,0.311454,0.128674,0.289449
-0.0305846,1.45069,-0.143924,2.15307
0.373598,1.40895,-0.068589,2.17613
0.40514,0.39342,0.0709626,0.363903
0.061702,1.51425,0.107152,2.34971
0.550148,0.590039,-0.0698972,0.703482
0.353101,-1.16263,0.111877,1.51442
-0.579604,0.426747,0.111484,0.56393
-0.598731,-1.02927,-0.0345521,1.46391
0.492991,0.663509,-0.0472971,0.743551
-0.329102,0.980262,0.0718933,1.08273
-0.0247192,-1.58057,0.0460163,2.5477
-0.624413,-0.621065,0.0824152,0.807922
0.400674,1.33284,0.137676,1.9878
-0.391653,1.48119,-0.0890075,2.38022
-0.692853,-1.04578,-0.0459025,1.57598
-0.65329,-0.836068,-0.0641876,1.14681
-0.0499149,1.47519,0.146679,2.22825
0.59274,-0.591289,-0.119543,0.740075
-0.664823,0.313516,0.0620141,0.556422
0.474684,0.823524,0.0982417,0.960637
0.456724,-0.390122,-0.152008,0.405483
-0.49879,-1.33048,0.0910364,2.05726
0.476217,0.901752,-0.0670265,1.0963
0.206761,-1.28765,0.0442863,1.73318
0.394758,0.973994,0.0703021,1.14522
0.643767,0.191,0.108293,0.474009
-0.462395,0.654151,-0.00276884,0.700932
0.152518,1.38569,-0.141607,1.9827
0.505893,1.12861,-0.130583,1.5778
-0.573656,-0.309348,-0.0320094,0.475933
-0.495145,0.194912,-0.113627,0.336735
0.650521,-0.466221,0.000917658,0.667353
-0.373,0.608296,0.127752,0.537261
-0.499673,1.04033,0.100773,1.38721
0.369265,0.940001,-0.137147,1.04439
-0.595253,0.36792,0.141041,0.524443
0.510921,0.462309,-0.00662154,0.535208
-0.33137,-0.996632,0.100943,1.1154
-0.633008,-0.102364,-0.00907494,0.444797
-0.593777,-0.176642,-0.0768974,0.427037
0.526225,-1.02795,0.0324431,1.39655
0.57689,-1.07505,-0.0219887,1.53669
0.384693,0.796042,0.0434859,0.822378
-0.548215,0.25559,0.0106594,0.42174
-0.183154,1.33965,-0.138448,1.85844
-0.250126,1.47691,0.0621809,2.29925
0.59558,0.299115,0.175139,0.47516
-0.383824,0.244442,-0.134943,0.237625
0.499323,-0.999718,-0.0555113,1.30755
0.175906,-1.52898,0.0756688,2.41656
0.324037,0.0914865,0.0593146,0.12516
0.00507179,-1.63271,0.0714867,2.69827
-0.36119,1.01896,-0.0306655,1.20365
0.050188,1.64253,-0.0557601,2.72604
-0.458331,-1.19762,-0.0214287,1.70706
0.615539,-0.450181,0.00563157,0.621168
-0.637355,1.23556,0.0634551,1.94264
-0.320597,1.48691,-0.137765,2.35557
-0.405213,0.264046,-0.0812316,0.277013
0.585149,-0.0605443,-0.167718,0.381101
-0.229269,-1.63612,-0.00775507,2.74469
-0.480804,-0.745568,-0.198611,0.826693
-0.504081,0.901494,-0.110501,1.12014
-0.146531,1.3092,-0.0834188,1.75384
-0.382158,0.967421,-0.0993736,1.1154
-0.441836,-0.914802,0.0744375,1.08375
0.561574,-0.296204,-0.156629,0.446093
-0.54025,0.862718,0.0906234,1.08984
-0.0832485,-1.56535,0.184845,2.49274
-0.121123,-1.48301,0.168179,2.26112
0.0954421,1.56361,0.133752,2.49635
-0.381775,0.518512,0.0366964,0.45355
0.382305,-1.00455,0.0513315,1.19198
0.377226,0.918225,0.0836742,1.02002
0.537536,-1.19534,0.0130879,1.76859
0.600818,-1.09573,-0.0475977,1.59952
-0.226565,-1.3142,-0.0830856,1.81648
0.357447,-0.694458,-0.120893,0.632245
0.672518,0.208709,-0.0599952,0.508905
-0.501204,0.377743,-0.0182121,0.455053
-0.328775,-0.0711772,-0.0534383,0.127368
0.398583,1.19624,-0.0962381,1.6385
-0.578043,-0.603776,0.148629,0.737038
-0.468974,-1.3536,0.0440999,2.09621
-0.308902,-1.50468,0.0587038,2.40321
-0.657336,0.908162,0.0537139,1.27757
0.623322,0.530581,-0.0350146,0.706417
0.418992,1.05501,0.113323,1.33233
0.354554,0.194378,0.0783673,0.188934
-0.377759,0.357005,0.119362,0.300676
0.514341,0.744541,-0.0225681,0.878832
-0.300823,-1.28748,-0.0547231,1.80083
-0.466354,1.0334,-0.193247,1.32496
-0.446522,-0.634692,-0.18687,0.640407
-0.617295,0.912092,-0.0762446,1.24795
-0.508665,-1.21153,-0.187017,1.76447
0.576115,0.769242,-0.0301227,0.97506
0.165835,-1.5809,0.150989,2.55995
0.551799,-0.716294,0.110736,0.865873
0.519762,0.746083,-0.129642,0.879417
-0.576007,-0.274829,-0.0452522,0.45734
0.425325,0.20677,-0.145033,0.264588
0.6593,0.275226,0.119355,0.525243
0.40787,-0.827432,0.00548579,0.898278
-0.362504,-1.39758,-0.0230354,2.13963
0.483992,1.24266,0.0998538,1.82972
0.531526,1.03073,-0.164612,1.39
-0.432403,-0.949687,0.186561,1.1248
0.403149,0.826381,0.00368477,0.888533
-0.067857,1.53144,-0.0218967,2.40816
0.26709,1.43968,-0.0916719,2.20029
0.446904,0.956844,0.078103,1.16689
-0.50025,0.172919,0.170977,0.326179
-0.341077,0.727843,-0.052856,0.667067
-0.631951,0.963888,0.112262,1.35686
-0.511691,-0.568194,0.105016,0.640531
-0.690998,-0.0517728,-0.0325754,0.485023
0.519545,0.229998,-0.179489,0.366096
0.202672,1.3717,0.0843806,1.97277
0.500593,-0.670928,-0.148478,0.748711
-0.546998,-0.0366423,-0.125651,0.349623
-0.539523,0.997695,-0.131885,1.33318
-0.598295,-0.245644,-0.0899247,0.458465
0.573958,0.207944,-0.0790623,0.421254
0.605414,-0.692516,0.0936559,0.886958
-0.344372,1.47061,0.00242105,2.33448
0.48487,-0.281725,0.111003,0.365383
-0.534241,0.197731,-0.112121,0.376432
0.397948,-0.418964,-0.0341676,0.377442
-0.435579,0.735987,0.0618962,0.782537
0.488439,-0.0124982,-0.00966954,0.29922
0.403846,1.02083,-0.141663,1.24182
0.125158,1.36257,0.0640826,1.91353
0.342176,-0.630294,0.0934929,0.533715
0.496503,0.579976,0.0952835,0.639168
0.56866,0.0508777,-0.162982,0.365155
-0.579679,-0.720594,0.162137,0.892376
0.57215,0.123103,0.0160404,0.394505
-0.342634,0.313522,0.0952791,0.233429
-0.093012,1.5386,0.0718866,2.42676
0.246679,-1.33752,-0.171971,1.88501
0.116549,1.30385,0.0634363,1.72664
0.592914,0.326806,-0.0448973,0.503966
-0.360323,-0.492338,-0.0667842,0.400767
0.339414,0.476516,-0.103213,0.358166
-0.352332,0.350472,-0.0651576,0.269972
0.605621,0.47483,0.0353446,0.63625
0.197097,1.35064,0.129205,1.89945
0.297059,-1.18069,0.0333075,1.50873
-0.514832,-0.49524,0.128182,0.561915
-0.325572,0.930295,0.0954205,0.981651
-0.419201,-1.38671,-0.129349,2.14065
-0.439904,-0.104921,0.135748,0.249469
0.463433,-0.957121,0.0232238,1.18687
-0.538398,1.09162,0.0544818,1.53977
0.536868,-0.670262,-0.0737308,0.79239
0.565557,-0.902977,-0.16215,1.17702
-0.324797,-0.208696,0.0442512,0.161851
0.643035,0.756215,-0.00912315,1.01567
0.553165,-0.0325045,-0.0402272,0.363346
0.419947,-0.345761,0.00799366,0.343002
0.388625,-0.13119,-0.0727455,0.206259
-0.442955,-0.668832,0.0777907,0.695743
0.242776,-1.33091,-0.0919175,1.87326
0.498629,-0.00874624,-0.18606,0.291636
-0.367836,1.26472,-0.162134,1.77992
-0.610928,-1.14001,-0.122497,1.69964
-0.431986,-0.213722,-0.0807646,0.280361
-0.21898,1.42921,0.174213,2.13398
-0.482346,-0.396514,-0.0453819,0.448092
-0.413432,-0.939849,0.147123,1.09297
-0.519555,1.41367,0.0769017,2.28438
0.38026,1.30024,-0.0767772,1.8899
-0.362569,1.37382,0.162123,2.06398
0.207632,1.2902,0.0080831,1.73643
0.455517,-1.03668,-0.0512079,1.33951
-0.416398,0.106831,-0.0826152,0.231299
0.391688,-0.71904,0.0312427,0.711422
-0.503821,-0.891479,-0.146044,1.09861
-0.32812,-0.998735,0.0883513,1.11594
-0.315781,1.09082,-0.017877,1.31055
-0.24915,-1.30689,0.106851,1.8087
0.357771,0.761243,0.00273087,0.735733
-0.0548867,-1.59026,0.0967571,2.57492
-0.442287,-1.41257,0.16382,2.22141
0.364441,1.51889,0.0991692,2.47179
0.0800709,1.66023,-0.00764126,2.78172
0.516263,-0.384182,0.0315733,0.473932
0.662765,0.782522,-0.00299669,1.07233
0.579981,-1.2538,0.0551881,1.93949
0.413214,1.13915,-0.00453717,1.52861
0.598746,0.477737,-0.0263313,0.630655
0.479287,0.312712,-0.180276,0.371173
-0.409657,0.312568,-0.13017,0.304466
0.45269,-0.658166,-0.0898378,0.689447
0.445323,0.314123,0.104425,0.346771
-0.433126,0.170524,-0.0984343,0.263738
0.1516,1.56897,0.0125935,2.53063
0.258636,1.57175,-0.0262157,2.57251
0.307702,1.06662,-0.0333919,1.24248
0.594505,-0.484215,0.0738384,0.630345
-0.653546,-0.297554,0.0480811,0.538974
-0.167978,-1.3913,-0.135443,2.0089
-0.266014,1.5497,-0.01433,2.50959
0.575815,-0.616588,-0.16038,0.75064
-0.602283,-0.676095,0.0598418,0.859899
0.37819,1.34584,-0.146433,2.00363
-0.247024,1.38846,0.108811,2.03974
-0.424811,0.673829,0.0628514,0.683909
-0.594057,1.10693,-0.102642,1.6159
-0.475065,-1.23373,-0.00226073,1.80922
-0.422927,-0.384707,-0.0527551,0.377115
-0.619378,-0.972431,-0.0678918,1.36354
-0.593817,0.038865,0.0831195,0.396889
0.207428,-1.26967,-0.0371148,1.67737
-0.692334,0.72058,-0.00507301,1.00295
-0.665384,-0.792587,-0.0551908,1.08932
0.426036,-0.236226,0.124864,0.282195
-0.550568,1.3982,0.0503242,2.26669
0.457692,0.432001,-0.00814455,0.455177
0.365963,1.41725,-0.0472839,2.19695
0.454574,-1.17097,0.0272724,1.64091
0.362279,-1.28403,-0.0231861,1.83752
0.431096,1.02376,0.0181531,1.28772
0.190605,1.63612,-0.077562,2.72948
0.39553,-1.07263,-0.16583,1.33901
-0.319029,-0.324711,0.0343168,0.216921
-0.466617,0.870291,0.102451,1.03006
0.43605,-0.501677,-0.106885,0.488782
-0.264281,-1.35242,-0.0140841,1.95684
0.687029,0.645249,-0.0206365,0.894588
-0.151575,1.60884,0.0215523,2.6402
0.354783,1.37402,-0.161521,2.06231
0.523138,-0.966644,0.0546305,1.26788
0.518466,-0.524912,-0.104472,0.598679
-0.511446,-1.09197,-0.090121,1.5098
-0.471243,-0.915575,-0.15466,1.1068
-0.654533,1.21621,0.0616025,1.91185
-0.34959,-0.0145851,0.0996198,0.142879
0.0601529,-1.49739,-0.160122,2.29164
0.467996,0.648703,0.158352,0.685019
-0.446404,-0.829058,-0.139203,0.932478
-0.013307,1.35661,-0.0502068,1.8726
0.479342,0.807266,-0.0874251,0.936515
-0.415502,-0.800538,-0.026945,0.860112
0.648423,0.245811,-0.0178549,0.508991
0.268534,1.61717,0.02555,2.70165
0.0255798,-1.40401,0.0228537,2.02036
-0.571236,-0.663039,-0.0386388,0.817509
0.602104,0.448292,-0.015799,0.609285
-0.407642,-0.699167,-0.0982874,0.699331
0.518494,-1.28775,-0.103895,1.96889
-0.54696,-0.584979,0.00668215,0.698384
-0.6423,-1.15934,0.0331375,1.77472
0.368544,0.281474,0.121374,0.241963
-0.618011,-0.217974,0.0617021,0.466322
-0.497053,1.15508,-0.127959,1.63276
0.658762,0.435142,0.0666622,0.642378
0.32229,0.394146,0.0130999,0.271439
-0.562994,0.171632,-0.115034,0.393821
-0.389335,0.726937,-0.0487854,0.720297
0.0114692,1.48045,0.198999,2.23145
0.526167,-0.62737,0.0513299,0.730036
0.495022,-1.00082,0.0493308,1.30741
0.078549,-1.54096,0.134953,2.42591
-0.653257,-0.784493,0.0314264,1.06746
-0.65453,0.627317,-0.0924028,0.841263
-0.298336,1.56371,-0.0794908,2.56181
0.569474,0.0177538,0.0585457,0.376598
0.175194,1.48516,-0.0905661,2.29032
0.475033,-0.133498,-0.0312872,0.30069
-0.472529,-0.544614,0.177785,0.563203
0.370285,-0.647396,0.0395454,0.591746
0.207287,1.46372,-0.169878,2.23329
-0.553014,0.196721,-0.1393,0.390234
-0.412746,1.15741,0.0296497,1.56916
0.305255,0.722617,0.0420626,0.617583
-0.425118,-0.986379,0.160698,1.19289
-0.17589,1.47219,0.153753,2.24278
0.265095,-1.41072,0.169439,2.10697
0.521746,-0.959237,0.0110425,1.25396
0.628102,-0.965037,0.033774,1.36228
-0.397225,0.465426,-0.094713,0.413006
0.512709,-0.742257,0.0197321,0.87359
0.410466,-0.621517,-0.0952869,0.598693
-0.342568,-0.0898072,0.0288261,0.148222
0.533908,0.22275,-0.154581,0.380561
-0.318737,1.12921,0.124338,1.39251
0.370217,-1.08835,0.0976819,1.35363
-0.330053,-0.23549,0.011479,0.181084
-0.471862,1.15088,-0.071081,1.60602
-0.654229,-0.724019,-0.113243,0.970528
0.435095,0.836301,0.0386997,0.941683
-0.362758,-0.713886,-0.100144,0.668162
-0.439854,-0.614512,-0.0845249,0.620336
-0.65256,0.9094,0.0881798,1.27561
0.653969,-0.499048,-0.111835,0.69431
-0.486729,0.676838,0.0421482,0.751325
-0.69613,-0.376876,0.0108723,0.62915
0.556433,-0.599379,-0.157887,0.713307
-0.107145,-1.36203,-0.100915,1.90319
0.585012,1.01413,0.145916,1.41061
-0.357255,1.47357,0.141101,2.33723
-0.463298,0.357908,0.0679118,0.39889
-0.637751,0.0570957,-0.097875,0.436469
0.486948,-0.876022,-0.0051059,1.0656
-0.156897,-1.29812,0.110961,1.72411
-0.314539,1.58959,0.0765139,2.64163
-0.355054,0.930423,-0.0299159,1.02003
-0.413157,-1.08395,0.150911,1.38548
0.468762,0.979112,0.138776,1.22851
0.598026,0.270163,-0.0887599,0.471837
-0.508058,-0.388527,-0.0880006,0.467801
-0.576155,-0.733659,-0.0892289,0.917687
-0.463095,-0.909809,0.14213,1.08867
-0.618467,0.962592,0.0967635,1.3415
-0.49655,-0.422952,-0.15284,0.474473
0.351226,-1.45481,-0.0840351,2.29025
-0.609742,-0.355255,-0.0836502,0.535958
0.221888,-1.34657,-0.0255093,1.91151
0.581354,-0.294201,-0.103089,0.469002
-0.540419,-0.355835,0.0983391,0.472687
0.338945,-1.42674,-0.101375,2.19887
0.555729,-0.331204,0.0667224,0.473417
0.661794,1.15512,0.0423966,1.78343
-0.324565,-1.18846,-0.149295,1.54321
0.588282,0.0994827,-0.00309599,0.404138
-0.488711,0.825006,0.169694,0.965713
-0.434963,-0.0191044,0.182547,0.226665
0.366506,1.27967,-0.144138,1.8226
0.126135,1.50417,-0.138532,2.33139
0.420451,0.924605,0.00796279,1.08157
-0.326623,-0.407769,0.0417979,0.286635
0.652287,0.803348,0.0900305,1.09135
-0.346646,1.06258,0.0623176,1.27856
0.370813,1.07469,0.0607051,1.32829
-0.500286,0.552177,-0.139989,0.605884
-0.228337,-1.49889,-0.102966,2.34743
-0.276148,-1.57162,-0.0397854,2.57624
0.326036,-0.2416,-0.0179924,0.179437
0.236912,1.3347,0.0401956,1.88475
0.28371,-1.36613,-0.0833028,2.00724
-0.204089,1.58221,-0.0046721,2.5839
-0.46732,-1.46677,0.098882,2.38758
-0.537659,-0.280975,-0.0286248,0.425684
-0.483636,1.36678,0.1581,2.13091
0.565476,-0.524905,0.118002,0.640475
-0.332508,1.22269,0.0244925,1.65358
0.472241,-1.28535,-0.170652,1.91669
-0.676305,-0.30115,0.0882915,0.557616
-0.336098,-0.18372,-0.0991159,0.16064
-0.478039,1.18521,0.0144059,1.6967
-0.529754,0.468986,-0.0887442,0.554079
0.116847,-1.58064,0.0275555,2.5582
-0.373111,-0.707906,-0.12408,0.669878
-0.55658,0.157027,0.136815,0.38094
-0.674028,0.48652,-0.0785416,0.702587
-0.168387,-1.53604,-0.122931,2.43417
0.489857,0.988942,-0.0530524,1.27171
-0.540944,-0.2245,-0.0454181,0.399089
0.464228,-0.169075,0.0406172,0.29925
0.448596,-1.40389,-0.127169,2.20494
0.51539,0.218803,0.180002,0.357269
0.333935,0.964022,-0.0746758,1.05577
-0.63931,1.07329,-0.0329516,1.58697
-0.377079,1.41801,0.0943403,2.202
0.061429,-1.67595,0.00913574,2.82499
-0.407924,-1.10879,0.130654,1.4395
0.600373,-0.570265,-0.0211567,0.731362
0.340882,1.40982,0.105896,2.16111
-0.382969,-0.397334,0.114683,0.337086
-0.534475,1.28187,-0.163266,1.95764
-0.241532,-1.61562,-0.0604433,2.68752
0.278152,1.53259,-0.115126,2.46179
0.614495,1.16427,-0.139003,1.75587
-0.437102,-0.120995,-0.148931,0.249091
-0.475755,0.208441,0.116591,0.322251
-0.00800872,1.48018,0.0179779,2.24528
0.533811,0.0964426,0.193043,0.334097
-0.394234,1.01218,-0.11479,1.21854
0.352289,1.33938,-0.0899751,1.97261
-0.458355,0.887296,0.0814372,1.05007
0.623365,0.499824,-0.0332508,0.67536
0.279117,1.40122,-0.158276,2.08896
-0.430446,-1.04406,0.135992,1.3192
0.647176,-0.959784,-0.0923571,1.36304
0.444475,0.882976,0.142047,1.02161
0.0248429,-1.55853,-0.167267,2.46827
0.44202,0.522833,-0.101762,0.518466
0.157989,1.63514,-0.0637834,2.72011
-0.201542,-1.52852,0.169021,2.41626
0.571952,-1.06558,-0.166711,1.50069
-0.441917,-1.42472,-0.0310627,2.2666
-0.381667,-1.36143,0.00480173,2.05998
0.119664,1.49529,0.0620893,2.30661
0.386249,-0.834406,-0.0124584,0.885187
-0.648672,0.693331,0.0179274,0.929581
0.311391,-0.659977,0.00353507,0.537958
0.611403,-0.346224,-0.149528,0.523498
-0.223323,1.37728,-0.117671,1.99566
0.560226,-0.061115,-0.143565,0.362676
-0.549978,1.01217,0.144919,1.36939
-0.384408,-1.05177,0.0668581,1.29338
0.646114,0.305628,0.0377534,0.537666
0.349408,1.50746,0.0128245,2.43159
-0.193698,-1.5724,-0.0110393,2.5546
0.658719,-1.14792,-0.0895581,1.76142
-0.331582,-0.378429,0.0208953,0.272063
0.32445,0.0651113,0.0522568,0.12169
-0.401522,0.424501,0.146117,0.376307
-0.664122,0.623553,0.105639,0.843511
0.429305,-0.635059,0.0150708,0.64113
-0.326875,-0.613383,0.0803606,0.49416
-0.43637,-0.785612,0.0986401,0.857577
0.384616,1.53518,0.0430079,2.5255
-0.666588,0.320797,0.00622523,0.565686
0.383466,1.49588,-0.0692734,2.41895
0.331577,-0.841985,-0.0260483,0.83708
0.564119,-1.17826,0.122931,1.74395
-0.575096,-0.00584859,-0.0264371,0.381933
0.0334086,1.34708,-8.68477e-05,1.845
-0.326625,-0.219176,-0.0119501,0.170084
0.574642,-0.978925,0.111273,1.33396
-0.482217,-0.312901,-0.0193355,0.390584
0.606512,0.155326,-0.10677,0.429606
0.659862,-0.506099,-0.0467087,0.712143
0.595637,-0.61508,0.0912975,0.775159
0.438342,0.185609,-0.0278182,0.279408
0.431222,-0.668997,0.113068,0.679892
0.642075,-0.590089,-0.0107087,0.790799
0.363031,-0.366388,0.131521,0.289479
-0.570545,-1.06948,-0.176846,1.50491
0.379707,-1.44109,-0.110778,2.26382
-0.543638,-0.909747,-0.05965,1.17636
0.621928,-1.09014,-0.145758,1.59928
0.628565,-0.378521,-0.0227436,0.573493
0.439656,-1.51236,0.0508833,2.49215
0.389882,-0.726373,-0.0669233,0.718736
0.235956,1.50293,0.188453,2.35298
0.264155,1.61733,0.0197128,2.69942
-0.385836,1.35713,-0.180701,2.03412
0.622849,-0.285117,-0.0612867,0.503184
0.566867,0.342136,-0.139766,0.482515
-0.477391,-1.09651,-0.145616,1.48127
-0.591247,0.386714,0.010709,0.547874
-0.172705,-1.55369,-0.149644,2.48129
0.414822,0.284413,0.0901842,0.298036
0.591987,0.122778,-0.144208,0.402574
-0.363883,-1.26493,0.109677,1.78698
0.325187,0.189648,0.028844,0.15411
-0.445218,-0.298034,-0.133949,0.332281
0.558012,-0.771693,-0.118921,0.952455
0.280443,1.30059,-0.0834675,1.81605
-0.54465,-1.23044,-0.086609,1.85013
-0.449034,-0.00848794,-0.181015,0.240918
-0.546002,0.998518,0.0324832,1.35227
0.562497,-0.526257,0.0591239,0.645007
-0.616309,1.22428,0.0293394,1.902
-0.598973,0.781842,0.0381038,1.01207
-0.611404,-0.850749,-0.113712,1.13567
-0.37506,-0.0637396,-0.0386687,0.180664
0.485616,0.666308,-0.0981886,0.734905
0.364825,1.26947,0.0607436,1.80333
-0.669559,0.983233,0.0921922,1.42768
-0.363744,1.26929,0.0813963,1.79628
0.568751,-0.526278,0.0754987,0.651743
-0.450934,0.321552,-0.169773,0.349002
-0.308195,0.519914,0.0180126,0.369813
-0.636436,-0.346398,0.00708037,0.556567
-0.0711487,1.46174,0.162257,2.18944
-0.432626,0.870581,0.153463,0.985045
-0.0542829,-1.48836,0.0923156,2.27212
-0.386544,0.910358,-0.110007,1.01105
-0.479894,-0.463925,0.141572,0.496896
0.664913,0.76919,0.0389699,1.05432
0.549266,-1.00499,0.0271505,1.36858
-0.529063,0.907043,0.0623322,1.15971
0.457347,1.39251,-0.0843472,2.18982
-0.462602,-1.40543,0.122263,2.22032
0.560262,-0.0326924,0.0636967,0.366736
-0.301662,-1.35205,-0.079879,1.97589
0.621877,-0.702402,0.141707,0.907555
-0.478079,0.616555,0.0432742,0.669198
-0.0189077,-1.47721,-0.193326,2.22312
-0.549016,1.34186,0.0200074,2.12864
0.522284,0.692893,-0.12644,0.802874
0.398646,-0.419125,-0.167639,0.364619
0.461227,-1.33131,0.0685552,2.03461
-0.145161,1.51382,0.159733,2.35855
-0.591392,0.041382,0.0787683,0.396513
0.202269,-1.46232,-0.0385841,2.24011
0.400205,1.18541,-0.00599527,1.6224
0.459646,1.28608,0.0868361,1.91886
0.331922,0.5481,0.00348889,0.427591
0.520555,1.15785,0.0682387,1.66887
-0.434688,-1.1411,0.144083,1.53598
0.603507,-0.792366,-0.0320566,1.03585
0.454389,-1.04168,0.0957745,1.34681
0.543176,-0.591067,-0.108924,0.693539
0.6811,0.908052,-0.037095,1.29841
-0.449409,-1.22631,0.194716,1.74661
-0.363671,0.984372,0.145529,1.12277
-0.326881,1.60765,-0.0497962,2.6955
-0.461614,-1.02017,-0.185333,1.29502
-0.175831,-1.59757,-0.138344,2.6096
-0.360087,1.2573,0.0458149,1.76719
-0.577855,-1.00897,-0.156038,1.38824
-0.626729,-0.955404,0.0282215,1.3381
-0.425724,-1.04701,0.0237894,1.33291
-0.544197,-1.25795,-0.108372,1.92014
-0.162789,-1.61961,0.115633,2.67373
-0.490925,0.197086,-0.129671,0.330106
0.338516,-0.552652,0.0469993,0.439799
0.509453,1.37562,-0.068142,2.1832
-0.0595626,-1.46939,-0.0545924,2.22283
-0.645612,0.42325,-0.0347438,0.624446
0.327399,0.942032,0.0218624,1.0086
-0.445939,-0.217082,0.034421,0.300194
0.444376,-1.36879,-0.153494,2.11084
-0.425206,-1.12734,-0.0654034,1.5071
-0.387957,-1.12582,-0.0618244,1.46276
0.0034611,1.37206,-0.153153,1.90638
0.0720654,-1.53211,-0.0950865,2.4055
0.405623,-1.42351,-0.0667054,2.23746
-0.261453,1.44738,0.146617,2.21184
-0.137724,-1.53714,0.0451824,2.43814
-0.0999575,1.35381,0.132647,1.86869
-0.588287,-1.34591,0.061821,2.16532
-0.652317,0.0834443,0.0458182,0.45539
0.362636,-1.05148,0.0585428,1.26912
0.56429,-0.328205,-0.103082,0.473729
-0.563749,0.94417,0.168746,1.24896
0.361911,-0.283424,-0.106781,0.237494
0.31406,-0.910242,0.069372,0.933183
0.365797,-1.32351,0.0458479,1.94153
-0.526399,-0.301743,0.141577,0.41528
-0.365608,1.14097,-0.00412915,1.48145
0.56757,1.14885,0.1207,1.68403
0.57133,-0.236034,0.0326168,0.432261
-0.504836,-1.41695,0.101921,2.28163
-0.356929,-0.374421,0.0948404,0.292459
0.35442,1.11572,-0.123913,1.39668
-0.590002,-0.262876,-0.171601,0.450164
0.0871373,1.67467,0.0317214,2.82311
0.417226,0.142701,0.0922782,0.239971
0.154576,-1.32223,0.025284,1.80241
-0.469379,-0.297694,0.0789287,0.363327
0.274225,-1.31579,0.106281,1.85294
-0.216667,1.45069,0.0871701,2.20674
0.613806,-0.321326,0.093109,0.519294
-0.64248,-0.648455,0.0702653,0.860817
0.409265,-0.196877,-0.0903152,0.250672
0.564235,0.109045,0.0236723,0.383059
0.385754,-0.635399,-0.0970228,0.587405
-0.448481,-0.399888,0.171297,0.402393
-0.377632,-1.00666,-0.0794244,1.19164
0.439252,-0.293942,-0.108278,0.327733
0.507545,-0.946179,-0.0448887,1.20886
0.310608,1.38795,-0.160092,2.06911
-0.216205,-1.62357,0.103231,2.70029
-0.32662,0.253282,0.0523693,0.184186
0.308372,1.43291,-0.0288319,2.20912
-0.361491,0.995517,-0.0559719,1.15338
0.584156,0.631821,0.110694,0.784014
-0.572545,-0.9957,-0.169837,1.3564
0.563514,0.0558553,-0.0235779,0.375452
0.623723,0.0659323,0.023458,0.431686
-0.396982,-1.29204,-0.006999,1.89146
-0.470765,1.43459,-0.0646792,2.30617
-0.218244,-1.60085,0.0275577,2.64128
0.407665,0.0718892,0.0563013,0.21762
-0.631153,-0.655811,0.00839225,0.863512
0.516031,-0.481583,0.0131171,0.558462
0.339182,0.219896,0.0106271,0.18457
-0.534022,0.460106,-0.181366,0.537885
0.114564,-1.52781,0.118797,2.39851
0.548295,-0.514501,0.160916,0.610547
0.265688,-1.19514,0.0569034,1.51474
-0.359758,0.149719,-0.142108,0.172238
-0.480786,-0.742967,0.173448,0.827235
-0.322134,-1.16462,-0.127997,1.48434
0.418998,-1.38566,-0.147717,2.1338
-0.0628386,-1.62813,-0.136443,2.67915
-0.433941,1.24744,0.179163,1.78845
-0.388975,-0.341013,-0.130972,0.301483
-0.625423,0.751641,-0.0798548,0.988026
0.429447,-0.0325948,0.0485964,0.236398
-0.491661,-1.05636,-0.0117598,1.41721
0.0715581,-1.51747,0.0994041,2.36155
-0.589387,-0.87604,0.15889,1.15046
0.45319,-1.17442,0.124209,1.64048
-0.411444,-1.43832,0.0923699,2.27591
-0.593577,0.719891,-0.0576173,0.915181
0.242267,1.37644,-0.00199215,2.01014
0.617393,0.060518,-0.0226002,0.424753
-0.57397,-1.30759,0.0655843,2.06225
0.484026,0.855244,0.177785,1.0092
0.251362,-1.36455,0.0966857,1.97583
0.0701925,1.49799,-0.0575292,2.31117
0.663081,-0.703418,-0.00812584,0.955121
0.61855,0.811579,-0.122166,1.07355
-0.443098,0.0511205,-0.00918776,0.252553
-0.468943,-0.183478,0.122543,0.304553
-0.195586,1.48035,0.0971062,2.28192
0.489131,-0.837722,-0.0344315,1.00229
0.373955,-0.739671,0.105291,0.71806
0.358247,0.211377,-0.101162,0.197258
0.418096,1.3181,0.0656797,1.96786
-0.391148,-0.814888,-0.0614529,0.859684
-0.449088,0.921544,-0.178755,1.09011
0.596815,-0.670734,0.0610038,0.849714
-0.416555,-1.359,0.00242433,2.07802
-0.335886,-0.631582,0.0429515,0.531112
-0.0850538,-1.55404,-0.10767,2.46997
0.312406,1.58042,-0.116338,2.61108
-0.475046,0.982196,0.0604115,1.24492
-0.43324,0.350251,-0.179175,0.347765
0.633944,-0.0785419,0.0726814,0.437986
-0.420081,-0.302544,0.0969327,0.313885
-0.437381,-0.200617,0.0612708,0.283902
0.372919,1.52164,-0.00683722,2.48104
-0.521496,0.425408,-0.116412,0.505854
-0.407787,0.338697,-0.168167,0.313561
-0.546608,1.21957,0.108309,1.82645
-0.402508,-0.343312,0.00467156,0.326105
0.184603,1.60277,0.125729,2.629
0.181632,-1.33126,-0.00754422,1.84598
-0.228748,-1.45766,0.0257706,2.23196
-0.381005,0.857675,-0.100748,0.913535
0.44988,1.44612,0.0118168,2.32655
-0.509237,0.138198,0.139093,0.328381
0.364964,0.355186,-0.126079,0.28379
0.1538,-1.52341,0.176892,2.38585
0.567931,-0.763082,-0.178339,0.941605
0.544263,1.32764,-0.123593,2.08385
0.478668,-0.181104,-0.116356,0.314711
-0.50592,-0.676541,0.0855305,0.767805
0.636692,-0.86818,-0.00302389,1.19031
-0.347374,-1.4827,0.108309,2.3587
0.252569,1.29042,0.0392655,1.76929
0.17623,-1.54525,0.12253,2.46489
0.413655,-1.47513,-0.0914109,2.37713
-0.625089,-0.80345,-0.060083,1.07274
0.0471599,1.3026,0.0306243,1.70293
-0.498952,-0.190815,-0.0402408,0.344685
0.499418,-1.22265,0.0826449,1.79614
0.259717,-1.28043,-0.128352,1.73949
-0.351138,0.376586,0.0959665,0.287522
0.441181,-0.990082,-0.104046,1.22389
-0.005568,-1.39779,0.167323,1.98409
0.555228,0.565548,0.105925,0.676185
0.0399804,1.39085,-0.0689806,1.98063
0.355567,0.701163,-0.103044,0.640572
0.325899,-0.652627,-0.0682713,0.543146
0.616271,0.403286,-0.0132162,0.582103
0.6271,-0.609758,0.0360131,0.801047
-0.470985,-0.217621,-0.086424,0.323634
-0.619099,-0.667051,0.0580724,0.864447
-0.41707,-1.43374,-0.0781095,2.26822
-0.342523,-1.19801,0.0946065,1.59335
-0.519577,0.820975,0.0380087,1.00312
0.584038,0.235087,-0.0544314,0.443783
0.32743,-1.53282,0.0490878,2.49191
0.501447,0.41176,0.138449,0.471478
0.490807,-1.297,0.0475505,1.96937
-0.516596,-1.03476,-0.109515,1.39417
0.351172,0.85026,0.0584526,0.870037
-0.412622,-0.815864,-0.0911169,0.879423
0.522574,0.53986,-0.0701778,0.621092
-0.670705,0.161572,-0.0466768,0.491395
0.53662,0.200172,0.130049,0.378038
-0.573976,-0.482582,0.108164,0.608222
0.63256,0.731319,0.0988892,0.961865
0.509218,-0.0729315,-0.161366,0.312039
0.186965,-1.65811,0.0434971,2.79371
0.271066,1.56118,0.06753,2.5454
0.542865,-1.12944,0.18608,1.60781
-0.399526,-0.869455,0.0155204,0.960444
-0.504321,-0.228607,0.146644,0.356056
-0.473177,-0.311996,0.182807,0.363177
-0.300364,-1.50324,-0.123989,2.39042
-0.407147,-1.22822,0.0983695,1.72926
0.284178,1.24343,-0.113131,1.65768
0.502586,-0.510319,-0.0445492,0.571559
-0.429308,1.19823,-0.0691831,1.67602
-0.522364,-1.21757,0.0801839,1.80865
-0.0485765,1.48556,-0.0627152,2.26511
0.668141,-0.60092,0.0837047,0.821941
0.300463,-1.63127,-0.00459558,2.75208
-0.459426,-0.509984,0.0737876,0.528558
0.536397,0.729137,-0.0347579,0.877656
-0.0644646,1.63005,-0.0828627,2.6882
0.525436,0.503348,-0.105672,0.583532
0.407582,0.569633,-0.148032,0.526512
0.619544,0.933781,-0.00838343,1.29316
0.469972,-0.9329,-0.184186,1.133
0.196024,-1.30557,-0.0110727,1.77765
0.363186,1.34533,0.155225,1.98952
0.462996,1.42141,-0.115956,2.26203
0.468254,0.936413,0.0676643,1.15402
0.366706,-1.2569,0.0811969,1.76838
0.342093,-1.28933,-0.0290825,1.83608
-0.267187,1.38466,-0.0640988,2.05177
0.669692,0.972164,0.0273921,1.4105
-0.128366,-1.4623,-0.0909593,2.20715
-0.349317,1.0033,-0.0980582,1.15245
-0.405106,-0.788381,-0.028295,0.829843
0.441325,1.04315,0.0914499,1.33747
0.584635,-0.844513,-0.00587905,1.10481
-0.468365,0.232495,-0.177324,0.315321
0.241907,1.36117,-0.0190666,1.96673
0.0600821,1.69024,-0.0341923,2.86404
0.345659,1.38694,-0.0683814,2.10256
0.452486,1.02855,0.0194739,1.31954
0.621044,-0.173472,0.138223,0.444047
0.279277,-1.39257,-0.159349,2.06566
0.457096,0.0172314,0.0662812,0.265742
0.368128,0.896727,0.0409317,0.971995
-0.204707,1.33844,-0.0361756,1.87756
0.564698,-0.30008,0.109382,0.457172
-0.583718,0.602262,-0.0314283,0.751518
-0.471449,-1.13541,0.0653284,1.57251
-0.461698,0.169881,-0.0806445,0.295255
0.456322,0.683715,-0.0796305,0.729227
-0.468675,-0.970137,-0.191728,1.20083
-0.484275,-0.214775,-0.112496,0.336165
0.526563,-1.25597,0.0765865,1.89968
0.588484,-0.228384,0.000226067,0.44716
-0.567154,1.28607,-0.00867192,2.00734
0.349169,-1.52803,-0.092508,2.4826
-0.330387,0.0162722,-0.0305859,0.126484
0.336863,-1.46203,0.0113614,2.30045
-0.607415,-0.982164,0.157524,1.36323
-0.408088,1.24244,-0.00497432,1.76978
0.452938,1.50332,0.0105918,2.47477
-0.487892,-1.32409,-0.0321683,2.03848
-0.32474,0.910974,0.0859012,0.945208
0.469681,-1.21767,-0.0382119,1.76258
0.307836,1.23818,-0.154677,1.65775
0.566545,-0.070973,-0.149315,0.368732
0.637426,-0.913937,0.111543,1.26746
0.430496,-0.486726,-0.0414284,0.474827
-0.348196,-0.908836,0.0663233,0.970471
0.395378,-1.19476,-0.0134131,1.64102
-0.268833,-1.20599,0.0062631,1.54948
-0.361409,-0.645277,-0.0118962,0.577105
-0.140619,1.47988,-0.1258,2.26306
-0.172348,1.48558,-0.141953,2.28711
0.577419,1.1913,-0.0978074,1.7912
0.556706,-1.01691,0.0765307,1.39505
0.630118,0.155885,0.113367,0.449036
-0.436165,-0.98116,-0.159681,1.19404
0.426691,0.438141,-0.118186,0.420601
-0.334422,0.2807,-0.00587361,0.208826
0.541519,0.618988,-0.0708858,0.729846
0.656084,-0.634314,0.0118278,0.855562
0.438885,-0.964809,0.154572,1.16713
-0.425733,0.320322,0.0446769,0.331992
0.639746,0.369067,-0.0654747,0.574867
-0.385648,-0.869934,-0.0176093,0.948117
-0.588676,1.07925,0.0268113,1.55397
0.557905,-0.976217,-0.136358,1.31058
-0.471799,-1.2684,-0.0210391,1.88648
0.0130984,1.65574,0.0867556,2.76012
0.635255,-0.146505,0.0438562,0.455149
0.548966,0.147612,0.0929969,0.374448
-0.67431,-0.509269,0.0134002,0.728289
0.476775,0.883424,0.128316,1.05791
0.355056,0.735842,0.0826496,0.691721
-0.286567,1.38084,0.0575973,2.04848
0.576257,0.555049,-0.162227,0.678383
0.364915,0.572578,0.0402714,0.492097
-0.506956,-0.00769729,-0.194573,0.298129
0.609709,0.141946,0.0704019,0.431358
-0.472898,1.40137,-0.102829,2.21702
0.546558,0.380563,0.00375122,0.498578
0.428891,-1.2832,0.162668,1.8767
-0.247955,-1.49823,0.0148067,2.35875
-0.542321,0.248347,0.110529,0.406309
0.422672,1.41877,-0.0587044,2.23457
0.415756,0.618779,-0.0945932,0.60067
0.5185,-1.31744,-0.0939949,2.03935
0.429627,-0.819177,0.184755,0.891007
-0.384627,1.02579,-0.126781,1.23311
-0.0229438,-1.53577,-0.181643,2.40002
0.492359,-0.261325,-0.114269,0.36511
-0.500343,1.41996,0.0804388,2.2884
-0.57707,1.04924,-0.0131331,1.48333
0.384954,0.507412,0.0830858,0.441433
0.22027,-1.54382,0.111406,2.4745
0.505402,-0.728613,-0.197121,0.826464
-0.66286,0.297176,-0.0502765,0.546418
0.529142,0.787017,-0.0324701,0.958224
0.199407,-1.33005,-0.0917046,1.84758
-0.350066,1.33413,-0.00661056,1.96046
-0.0737912,1.64996,-0.0113705,2.74829
0.337679,0.0657824,0.042767,0.138989
0.5095,0.758726,0.148165,0.882469
-0.386309,-0.813501,0.089723,0.845238
0.56739,0.179313,-0.108951,0.400447
-0.166341,-1.66919,0.0631451,2.81808
-0.557333,-1.01161,-0.0533703,1.38513
-0.660972,-0.0799209,0.0340553,0.462525
0.491912,0.373088,-0.143307,0.430423
-0.657818,-0.92414,-0.0528153,1.3054
-0.413276,0.606778,-0.155523,0.576641
0.17478,-1.55777,0.0325271,2.50964
0.513104,-1.26759,-0.0480455,1.91826
0.426866,-1.44543,0.136039,2.30121
0.53603,-0.554687,0.0988404,0.645847
0.360688,-0.707157,-0.111996,0.654778
0.327696,0.359524,-0.0994191,0.246877
0.502309,1.32025,0.0635825,2.03719
-0.483687,0.176223,0.156779,0.312583
-0.570635,-1.16413,-0.09601,1.71767
0.647904,-0.993338,-0.00915728,1.43467
-0.468225,1.11125,0.0796345,1.5087
-0.257799,-1.26966,-0.118231,1.70731
-0.392163,0.0495313,-0.145306,0.18784
0.56784,-0.80856,-0.0868483,1.02604
0.545287,0.276807,0.075795,0.428688
0.167719,1.27058,0.013629,1.65568
-0.408379,-0.0298493,-0.115679,0.207977
0.153174,-1.64746,0.105513,2.75074
0.0834616,-1.63052,-0.0107384,2.69926
0.342819,-0.595765,0.0573375,0.492805
0.41267,0.632613,0.0463648,0.616716
-0.305228,1.24823,0.114102,1.69354
0.516119,-0.744927,-0.0586371,0.874679
0.521049,-0.208871,-0.18839,0.356764
-0.578671,-0.196462,-0.144203,0.413362
0.415098,-1.00345,0.0774733,1.22685
-0.0537084,1.40065,-0.0805428,2.01477
-0.612205,0.819436,-0.146142,1.07656
-0.510217,0.0213646,0.0357066,0.319964
0.658191,-0.140555,-0.0990205,0.470784
-0.64238,-0.186532,-0.111955,0.471404
-0.484499,1.13278,-0.180116,1.56156
0.539001,-0.10484,0.148277,0.349289
0.657865,0.206007,0.0886242,0.494479
0.443303,0.45571,0.170637,0.443765
0.355529,0.462817,-0.0519116,0.368701
0.250608,1.49856,0.015295,2.35968
0.210378,-1.33863,-0.145157,1.87183
-0.624989,-0.992837,0.12199,1.40469
-0.354928,-0.425207,0.0765568,0.332092
-0.506497,-0.927736,0.113516,1.17044
0.300826,1.34759,-0.107756,1.961
0.447839,-1.37329,-0.0773614,2.1345
0.116089,-1.49745,0.194519,2.29762
0.209193,-1.52032,0.153627,2.39543
-0.505642,0.813459,0.0568249,0.972583
0.419403,-1.52276,0.0749122,2.50737
-0.432697,-0.120848,-0.0826806,0.25252
-0.643197,-0.0555912,0.0996595,0.440794
0.628033,-1.21178,-0.0975326,1.87787
0.644539,-0.556376,-0.0259918,0.75467
-0.506211,0.0667315,0.178412,0.304604
-0.161985,1.53402,-0.186393,2.41642
0.0853081,-1.6544,-0.0584409,2.7617
-0.369946,0.51275,0.0579056,0.433361
-0.410607,-0.996573,-0.131139,1.2019
0.531202,-0.804477,0.171253,0.974284
-0.590334,-0.671709,-0.15547,0.834537
-0.30014,1.24285,-0.0641283,1.67902
-0.361948,0.370528,-0.141767,0.289477
0.358419,-0.930944,0.118752,1.01907
0.44957,1.52565,-0.0114614,2.5349
-0.516345,-0.793204,-0.0876072,0.950164
-0.628472,-0.0344061,0.0273942,0.430675
-0.582845,-0.410587,0.126655,0.550553
-0.391147,-0.0608393,-0.0948442,0.193436
-0.241619,-1.33227,0.0178824,1.8854
0.461737,0.308237,0.137172,0.355334
0.108768,1.49908,-0.0480281,2.32133
-0.623819,-0.265486,0.0415304,0.494697
0.295382,1.08549,-0.000373861,1.26937
-0.52753,-0.017976,0.175854,0.321465
0.507794,0.722494,0.0293583,0.839136
-0.470013,-0.894124,0.178012,1.06422
-0.571608,0.569413,0.0074123,0.703552
0.355928,-0.610453,-0.0780175,0.524821
0.497042,0.0677211,0.0928795,0.307847
0.428322,-1.35082,-0.0797471,2.05689
0.363638,-0.963608,0.0125852,1.09215
-0.603932,-1.14366,0.0241226,1.70825
-0.478772,-1.31118,0.000255656,2.00177
0.445728,0.479824,-0.168626,0.47052
-0.615949,0.230338,0.123853,0.464863
-0.00467636,-1.54354,0.00987309,2.44162
0.373218,-0.227228,0.132035,0.218133
0.612687,0.257511,-0.0439484,0.481463
0.473807,-1.12079,0.161549,1.52878
-0.634298,-0.424773,-0.00499799,0.614923
0.0697401,1.65562,-0.0563505,2.76478
0.64898,-0.874344,0.00202208,1.2091
0.646509,0.305174,0.123938,0.531004
0.49298,-0.937828,0.0775696,1.18068
0.375888,1.38466,-0.024801,2.11141
0.672196,-0.0546995,-0.0885902,0.466303
0.59401,0.292878,0.144271,0.474682
-0.343773,-0.126603,0.0944947,0.153115
0.53357,-0.967204,-0.00631095,1.27819
0.41133,0.012603,-0.0651379,0.214703
0.561005,-0.412973,0.100825,0.535361
0.343127,1.16151,-0.0887596,1.5032
0.14832,1.53179,-0.0556324,2.42146
0.515723,0.163763,-0.0194014,0.351912
0.41859,-0.116771,-0.168312,0.224221
-0.22363,1.33973,0.129144,1.8842
-0.523727,0.817944,-0.0145404,1.00054
0.462753,-0.688851,0.0220307,0.746558
0.517853,-0.145467,-0.0409781,0.347996
0.346025,-1.45213,-0.00410555,2.27855
0.466162,-0.2543,-0.0840602,0.335832
-0.280902,-1.60038,-0.0303277,2.65566
-0.599628,-0.414433,-0.0574167,0.572944
-0.558322,0.421957,-0.0859123,0.541154
-0.584743,0.656422,0.0605898,0.81921
0.318741,1.39107,-0.164518,2.08206
0.421043,-1.54041,-0.0217404,2.5573
0.655641,-0.549522,0.108558,0.750407
-0.53658,0.229444,-0.168158,0.386069
-0.416222,-1.21318,0.0287765,1.70682
0.383469,0.643707,-0.153564,0.589133
-0.611456,-0.0963725,-0.138638,0.41516
0.416282,0.89357,0.0258952,1.02165
0.395898,0.805059,0.0652152,0.845801
0.511833,-0.149793,0.181534,0.328003
0.461388,0.666205,0.102969,0.709097
-0.458042,0.533888,0.153836,0.541446
0.121443,1.66,-0.0954924,2.78133
-0.580348,0.172877,-0.134751,0.407767
-0.540391,-0.355248,-0.0482994,0.474571
0.571663,-0.940143,0.0875517,1.26024
0.3959,-1.25145,-0.087146,1.78057
-0.548601,1.12279,0.146648,1.60038
0.45364,0.341564,0.0102037,0.381271
-0.500389,-0.111318,0.171526,0.308462
0.460068,-0.453472,0.195199,0.45578
-0.540025,-0.435877,0.0991331,0.532801
0.319537,-1.41153,-0.07021,2.149
-0.404897,-0.801834,0.123284,0.846427
-0.641342,0.486629,-0.104622,0.673074
-0.411476,0.222423,0.115111,0.260735
-0.374536,-0.976677,-0.0649261,1.12775
-0.514318,-0.658485,-0.0420857,0.756895
0.428366,1.50695,0.0463427,2.47045
0.44834,0.770367,-0.11953,0.841402
0.426074,0.315967,-0.180148,0.31681
0.356206,-0.414604,-0.0746777,0.324215
0.487142,0.280872,0.0191917,0.375551
0.588271,-1.02729,0.174565,1.43448
-0.460611,0.866225,-0.119779,1.01206
0.434423,0.632211,0.151167,0.630946
0.399261,-1.08949,-0.00193481,1.39689
0.176229,-1.57876,0.0680109,2.5676
0.488986,-1.14317,-0.171804,1.58936
0.409566,-0.99217,-0.099383,1.19675
-0.60999,0.108542,0.0224666,0.424625
-0.440868,-1.12213,0.117751,1.50647
-0.271157,1.38965,0.148329,2.05239
0.410323,1.21357,-0.134601,1.6898
-0.490899,0.0443349,0.165393,0.289212
-0.440167,-1.37979,0.156312,2.13437
0.412069,-0.155291,-0.0679372,0.238944
0.454068,-0.14524,0.140106,0.273531
0.476024,1.23534,-0.11505,1.80438
0.525606,1.30132,0.0944439,2.00942
-0.538565,-0.687691,-0.048392,0.820365
0.394729,0.593498,0.133138,0.542945
-0.195604,-1.46006,0.117128,2.22425
0.539599,0.770031,0.16165,0.929124
0.454753,1.46437,0.111107,2.37173
0.475067,0.901211,0.000796491,1.097
-0.375857,-0.61566,0.0698246,0.554468
0.546781,-0.268895,-0.128334,0.420464
0.646424,-0.359978,0.0102958,0.575672
-0.510163,0.562399,0.0951073,0.632117
0.399411,1.47333,-0.1371,2.36091
0.684621,-0.205551,0.0758068,0.51698
0.0366696,1.4902,0.0835079,2.27183
0.642712,0.360638,-0.02159,0.572167
0.380914,-1.4882,0.0953391,2.39372
0.457924,-0.863492,-0.124964,1.00526
0.478763,-1.06477,0.0947867,1.41702
0.33009,-1.26298,-0.0732694,1.75358
-0.687223,0.275569,0.00662519,0.555536
0.523535,1.36647,-0.0300628,2.17014
-0.656447,-0.100955,0.0804004,0.461439
0.0180002,-1.61703,0.142509,2.64355
0.46564,-0.761783,-0.124859,0.847351
0.422936,1.1418,-0.0556181,1.54213
0.356164,-0.709389,-0.0720944,0.655958
-0.147201,1.6677,-0.00824095,2.81131
-0.662566,-0.505267,-0.0927946,0.710219
0.434443,1.42059,0.0159152,2.24767
0.613029,-0.433235,0.0181106,0.604127
0.54153,0.639834,0.121858,0.752247
0.591463,0.625145,-0.0977015,0.782403
-0.45345,-0.197812,-0.146476,0.290211
0.135204,1.34034,-0.00166509,1.85045
0.403663,1.39289,0.0422978,2.15598
-0.395755,0.834184,0.104284,0.892559
0.400379,0.981911,-0.00824708,1.16898
-0.424949,-1.41357,0.0100896,2.22607
0.628784,0.247569,0.0994842,0.486371
0.133896,-1.66535,-0.0283936,2.80224
-0.445797,-0.509047,-0.160052,0.499065
-0.554073,-1.14487,0.164753,1.65639
-0.422273,1.29503,-0.0485571,1.91485
-0.654623,0.438722,-0.0698245,0.641887
0.347895,-0.903273,0.121068,0.954493
0.0346283,1.60111,0.0673895,2.60363
0.493309,-0.202714,-0.170723,0.328963
-0.516006,0.967956,0.00969657,1.26818
0.441924,-0.998078,0.0692453,1.24798
0.535364,1.39613,0.0195325,2.2518
-0.409374,0.930274,-0.128806,1.07131
0.362446,-1.34881,-0.0734542,2.00952
-0.601497,-1.21083,0.0697829,1.8557
-0.383155,0.0135423,-0.103035,0.182467
0.524324,-0.334259,0.16712,0.43179
0.469507,0.238021,-0.173622,0.319907
0.567077,1.01269,0.161438,1.38756
0.0523335,1.53242,0.0387143,2.40635
-0.346263,1.07325,-0.0892311,1.29674
0.200088,1.51898,-0.142547,2.39372
-0.544763,0.343598,-0.17729,0.456676
0.667035,0.89945,0.0418623,1.27081
-0.568903,0.609618,0.121883,0.740891
-0.41422,0.944724,0.0114316,1.11023
0.345303,-1.35731,0.190004,2.00478
-0.55486,-0.854436,0.121947,1.0859
0.451663,0.983195,0.161463,1.2119
-0.298773,1.38539,-0.0327231,2.07332
-0.447152,-1.02463,0.0109543,1.30901
0.532724,-0.411075,0.155569,0.498441
-0.586351,0.853947,-0.0927192,1.11526
0.389761,-1.43211,-0.157566,2.24079
0.542519,0.494649,-0.133008,0.586661
0.188195,-1.43462,-0.124055,2.14373
-0.167486,1.62995,-0.093813,2.70447
0.3426,-1.19137,-0.0809107,1.57543
0.503326,0.146424,-0.0235406,0.33542
-0.50428,-1.44374,0.022931,2.35281
-0.49406,1.32958,0.112947,2.05008
0.645279,-0.808178,-0.0483891,1.0958
-0.547185,0.789258,0.0541635,0.978993
0.504232,0.876531,0.138235,1.07505
-0.463643,-0.640913,-0.178476,0.66881
-0.271548,1.34304,0.134221,1.9246
-0.394933,-0.0703566,0.00361212,0.204522
0.631509,1.14418,0.0469257,1.7343
0.373813,1.06664,0.0491132,1.31853
-0.322753,-1.39073,0.138448,2.08771
-0.544147,0.378172,-0.116534,0.488504
-0.494157,0.656731,0.113966,0.729664
-0.602051,0.775536,-0.135841,0.999122
-0.619246,0.526497,0.127743,0.690483
-0.11886,1.42399,-0.00341482,2.09712
0.458288,-0.732386,-0.00732574,0.805603
-0.536672,-0.939995,0.054471,1.2245
0.579394,-0.67165,-0.0764818,0.836141
-0.545721,-0.772565,0.147552,0.939476
-0.57184,-0.513494,-0.0312961,0.643655
-0.619073,-1.28672,-0.0557163,2.04799
0.425886,1.23674,0.128693,1.76298
-0.437408,-1.32268,0.0254377,1.99697
-0.64544,-1.19638,0.0961506,1.85737
-0.394006,0.50051,-0.0489179,0.448915
-0.542684,0.0741387,0.177789,0.342309
0.594194,1.20346,0.0894082,1.83181
0.456798,0.0667366,-0.123483,0.261287
-0.289585,1.31126,-0.138169,1.84323
-0.484794,-0.563469,0.0985384,0.607965
-0.401704,-1.56437,0.0462123,2.61204
-0.342562,1.56976,0.0319866,2.60003
-0.144602,1.56316,-0.123236,2.5066
-0.576484,0.954903,-0.0178585,1.29397
0.679242,1.01638,-0.0349823,1.50508
-0.367707,1.34413,0.181852,1.98312
-0.560602,0.213828,0.0269038,0.413317
-0.534294,-1.13465,-0.17695,1.6136
-0.235188,-1.35303,0.121355,1.93381
-0.644765,0.914488,-0.0645209,1.27788
0.564938,0.740587,0.147362,0.908519
0.319589,-1.41238,0.100695,2.1488
0.595119,-0.584092,0.0884976,0.740373
0.640798,0.0643222,-0.0136458,0.444306
0.445586,-0.477551,0.182319,0.465009
-0.411469,0.219561,-0.112822,0.259481
0.33685,-1.32053,0.170411,1.90149
-0.364525,-0.249946,-0.137697,0.218636
0.0783961,1.33005,0.00971608,1.79951
-0.417595,0.144442,0.140787,0.235836
-0.191382,-1.57169,-0.165875,2.53664
0.340918,-0.0207307,-0.0234395,0.137469
-0.358843,-1.33466,-0.13974,1.95714
-0.334648,0.78894,-0.109648,0.747275
-0.42136,-0.334502,0.0410233,0.336991
0.625202,0.766038,-0.117741,1.00749
-0.493766,1.01542,-0.034521,1.3359
0.031913,-1.56985,-0.117793,2.5087
-0.380375,-0.455788,0.0187244,0.3901
0.584015,-0.251868,0.0269217,0.454212
-0.629654,-0.31426,0.0497765,0.526801
0.400708,0.655855,-0.135633,0.62711
-0.604284,-0.836588,0.139477,1.09675
-0.420224,1.2413,0.137899,1.77119
0.54293,1.26283,0.123217,1.92381
0.639276,0.129919,0.117743,0.449079
-0.28485,-1.44781,-0.156156,2.22542
-0.603261,-1.09605,0.054348,1.60163
0.318163,1.2879,-0.0588654,1.81247
-0.57799,-1.10929,0.0371071,1.6122
-0.626021,0.261033,-0.0668818,0.492809
0.00734821,1.34341,0.0627264,1.8256
-0.356514,1.2318,0.0203534,1.69573
0.613329,-0.0623174,0.00116421,0.420584
0.381035,0.522916,-0.109349,0.450419
0.532479,1.19778,-0.157643,1.75725
-0.0470841,1.46076,-0.171271,2.17845
0.619063,0.881659,-0.00587012,1.20025
-0.433348,-0.417525,-0.0201966,0.41773
0.421721,0.0550389,0.0668531,0.230081
0.606036,0.568567,0.14447,0.723902
-0.510456,0.291029,-0.13463,0.395144
0.163265,-1.57683,0.041305,2.55453
0.486312,0.0199721,-0.0288711,0.295471
-0.440868,0.736683,-0.0821105,0.786838
-0.368188,1.51924,0.127273,2.467
0.66975,-0.272642,-0.0301436,0.537996
0.552788,0.510488,0.0793142,0.619234
-0.591811,-0.222906,0.151191,0.434415
0.210841,1.5792,-0.018014,2.57649
0.502037,-0.548213,0.147052,0.601348
-0.415438,1.28603,-0.175801,1.87
0.593402,-0.112251,0.0475883,0.409603
-0.134596,-1.34466,0.0981919,1.86052
-0.385588,0.319223,-0.0687893,0.288281
0.403212,-0.589894,-0.0577119,0.555083
-0.5081,-0.245294,0.0169768,0.377692
0.388861,-1.3548,0.0348562,2.04465
-0.58666,0.243136,0.00555153,0.451202
-0.515743,-0.753625,-0.0263797,0.890563
0.478769,0.881623,0.107251,1.05944
-0.580623,0.443258,-0.0674515,0.580518
-0.579769,0.0177013,0.0210669,0.386543
0.661584,-0.287112,0.0813553,0.536942
-0.533693,1.11392,-0.0755398,1.57346
-0.546825,0.450788,-0.177915,0.542502
-0.611552,-1.00546,0.030066,1.42562
-0.0960457,-1.42044,0.163179,2.06803
0.206475,1.59227,0.120717,2.60381
-0.411731,-1.17389,0.107409,1.59677
0.630999,0.86036,-0.0627861,1.16955
-0.434568,-1.32479,0.0830459,1.99436
0.350562,0.682641,0.0415962,0.614546
0.587172,-1.01566,0.178237,1.40898
-0.312441,0.553907,-0.0236399,0.409944
-0.438106,-1.40486,0.117963,2.20407
0.623192,0.604088,-0.0286936,0.78856
-0.633778,-0.014596,-0.106984,0.429728
-0.331799,0.408076,-0.0468544,0.293113
0.156803,-1.56369,0.0123654,2.51665
0.662627,0.84773,0.115298,1.17124
0.535549,-1.00036,-0.044613,1.34128
0.167338,1.59546,-0.154141,2.5996
-0.419423,0.809494,0.0916145,0.879017
0.475321,-0.409692,-0.125486,0.443888
-0.148466,1.42825,-0.0125853,2.11315
-0.480199,-1.11563,-0.0518309,1.52973
-0.332576,1.26984,-0.131964,1.7677
-0.118377,1.48703,0.113208,2.27879
0.556906,0.604991,0.138634,0.720637
-0.42945,0.435363,0.163691,0.41233
-0.660589,-0.154267,-0.111222,0.475577
-0.531592,-0.409636,-0.0778269,0.50839
0.259072,-1.58417,0.0923923,2.6047
0.372772,-1.39047,0.118924,2.12302
-0.451913,-0.147606,0.175264,0.266619
0.255092,1.55638,0.0638084,2.52395
0.387897,0.648342,-0.0329842,0.611379
-0.366842,-1.07656,0.0865723,1.32913
0.4985,0.713967,-0.0401996,0.816457
0.331917,-1.29619,-0.085365,1.84203
0.48885,-0.126615,0.0447245,0.314712
-0.484976,-0.560652,0.0729583,0.606002
-0.382414,1.23201,-0.0115575,1.72082
0.483872,0.149854,-0.147677,0.305311
0.542712,1.06367,-0.039611,1.48315
-0.444417,1.2618,0.195958,1.83035
-0.605944,-0.813761,-0.072706,1.0702
0.119326,-1.54598,0.00391479,2.46061
0.0627769,1.50512,-0.0627089,2.33003
-0.0953996,-1.65696,-0.0176602,2.7728
-0.289704,-1.3213,-0.119624,1.87149
-0.367169,0.73007,0.139106,0.691303
0.499981,-0.583738,0.0932676,0.644695
-0.576412,-0.922387,0.0878958,1.2286
0.362646,1.51531,-0.0893027,2.45388
0.448141,0.0830851,-0.068265,0.261544
0.453755,0.132715,0.147385,0.26966
0.667888,-0.208443,-0.0329167,0.507547
-0.167516,1.49466,-0.195965,2.30209
-0.670793,-0.705817,0.0498472,0.963679
0.140212,-1.60812,0.0429272,2.64161
-0.427021,-1.12129,-0.0827663,1.48852
-0.490016,-0.595926,-0.176444,0.639512
-0.232743,-1.41564,-0.000157001,2.11471
0.191997,1.43525,0.19728,2.13648
0.190751,1.50735,0.180254,2.34764
0.471619,0.968516,0.00564168,1.22105
-0.0752432,-1.56258,-0.0504112,2.49756
0.324943,0.533579,0.0551363,0.403569
-0.639467,0.53936,0.100046,0.726124
0.570014,-0.550773,-0.137222,0.671749
0.287308,-1.21033,-0.0654242,1.57728
0.265092,-1.16528,0.0285398,1.43668
-0.413637,0.854098,0.106167,0.941051
0.502536,-0.746722,0.119509,0.861868
-0.537967,-0.936009,-0.177544,1.20784
0.540266,-0.657042,0.0700473,0.777871
-0.502322,-0.479213,-0.198196,0.522313
0.507143,-0.454491,0.140678,0.513068
-0.594104,1.317,-0.00346603,2.09946
0.0508063,1.56067,-0.181629,2.47575
0.529244,-0.475356,0.138937,0.553514
-0.551474,-0.865156,0.0582515,1.10606
-0.0756395,1.4831,0.0499737,2.26451
-0.384668,-0.416885,-0.0379521,0.360774
0.368261,1.18198,0.166951,1.56596
-0.640432,0.147895,0.128093,0.453978
0.449916,0.731502,0.0405999,0.792643
0.422169,1.47195,0.102472,2.37384
-0.362917,-0.479793,0.13862,0.384022
-0.446701,1.25036,-0.129798,1.81639
0.300781,1.35138,-0.0342023,1.97629
0.338049,1.44379,-0.146601,2.23931
0.48986,-1.0767,-0.185152,1.44243
0.458455,0.267787,0.122165,0.332987
0.328824,-0.0710527,0.103173,0.123849
0.675019,-0.953639,-0.0571545,1.37804
0.406449,1.2422,0.197007,1.7478
-0.429923,-0.772086,-0.145875,0.823044
-0.281638,1.57345,0.0942099,2.58106
-0.638625,-0.457337,-0.123886,0.64129
0.535572,0.593347,-0.113546,0.690597
-0.599021,-0.247041,-0.0562733,0.463343
-0.57779,0.25247,0.16376,0.435148
0.564832,1.05508,0.150916,1.47323
0.572337,-0.377828,0.109946,0.517491
0.556208,0.711457,-0.0531847,0.8681
0.427207,0.133801,-0.0577873,0.24965
0.521721,-0.865906,0.166367,1.06851
0.0147179,-1.6063,0.123132,2.61388
0.410941,-0.511358,0.0592264,0.478721
-0.543827,0.654223,-0.143595,0.773116
-0.357112,-0.0427063,-0.0237106,0.158501
0.403739,-0.470866,-0.129225,0.421438
0.644504,-1.15031,-0.0388902,1.75949
0.542323,-1.0266,-0.0633838,1.40242
-0.472096,-1.07071,-0.0853886,1.42524
-0.278714,-1.55147,-0.0683547,2.52067
0.442901,1.09697,0.012688,1.45694
0.436434,-1.22798,0.166637,1.74393
-0.555253,0.510048,-0.0536077,0.620409
0.504668,-1.20823,-0.00778097,1.77171
0.464191,0.103567,0.128357,0.274834
0.306633,-0.235802,-0.0250791,0.153108
0.633524,-0.760512,0.0588262,1.0091
0.44166,-0.275281,0.0124578,0.325555
-0.611258,1.21495,-0.00856945,1.87622
-0.651386,0.176079,-0.0505328,0.479573
0.142798,-1.46456,-0.147112,2.21477
-0.128691,-1.64541,0.0545715,2.74676
-0.527543,1.1773,0.156001,1.70671
0.464186,1.24095,-0.174493,1.79833
-0.613963,-0.19174,0.0847298,0.451802
0.0637151,-1.60137,0.0230032,2.61062
0.44526,-1.38416,-0.0923969,2.15724
0.342084,-0.873211,0.0357059,0.901781
-0.658604,-0.439642,-0.0888207,0.644751
-0.494903,-0.34064,-0.169406,0.406278
0.365706,-0.329623,-0.111611,0.269068
0.628696,-0.996015,0.0130244,1.41982
-0.540025,-0.588681,-0.0533658,0.694021
0.621468,-0.110341,-0.0390454,0.436003
-0.60422,0.866787,-0.165836,1.14586
-0.449619,-1.00035,-0.0586573,1.25654
-0.657497,1.11141,0.0761753,1.68202
-0.466283,-0.0540075,0.101415,0.273534
0.51051,-0.557403,-0.118572,0.622987
0.516975,-0.37931,-0.126332,0.462377
0.36617,0.699477,0.0404197,0.655411
-0.631319,0.474558,-0.00453025,0.658647
-0.202295,1.33284,-0.00841638,1.86077
-0.129158,1.51262,0.0683702,2.3614
-0.460767,0.592921,0.125638,0.6123
-0.629067,0.53873,-0.0413058,0.720394
-0.567008,0.116594,-0.0200606,0.38885
0.258108,-1.30926,0.0642105,1.82437
0.0248825,-1.50288,-0.118066,2.31287
0.319375,-1.17436,-0.126907,1.50795
0.518271,0.360053,0.11556,0.4503
0.429546,-1.16657,-0.0821048,1.60465
0.646463,0.934316,0.0345439,1.32051
-0.314401,0.917709,-0.0438505,0.948021
0.581389,0.631166,-0.175486,0.770308
0.315364,-0.249238,-0.000463062,0.169915
-0.473665,-1.34994,0.0243227,2.09134
-0.548388,0.120172,-0.00129408,0.371133
0.537298,1.21773,-0.0988146,1.81813
0.298237,-1.46208,0.0238913,2.27895
0.425796,-1.05025,0.159206,1.32484
0.189161,-1.3687,-0.0366724,1.96074
0.262395,-1.45408,0.00418215,2.24477
-0.390467,0.628438,-0.0401077,0.588286
0.487395,-0.595034,0.110564,0.645569
0.418468,-1.03896,-0.158667,1.29347
-0.205437,1.30663,-0.144165,1.77206
-0.416847,0.36797,-0.137051,0.350774
0.132382,-1.42539,-0.0789057,2.10846
0.494348,-0.154075,-0.0260684,0.325703
0.559447,0.61552,-0.0912159,0.74214
0.490307,-1.13722,0.170424,1.57999
-0.427251,-0.625888,0.0955553,0.619041
0.555995,1.05807,0.076216,1.47964
0.474082,-0.00728031,0.107764,0.277322
0.396922,-0.22089,0.0891117,0.246017
-0.255748,-1.4866,0.156509,2.31662
0.000292398,1.5805,-0.00317946,2.54416
0.409039,-1.13726,-0.0901211,1.51452
0.0660592,1.60963,0.0044013,2.6313
-0.583294,0.379876,0.145322,0.523411
0.625052,-0.379577,0.0503515,0.570459
0.465681,0.365134,-0.122729,0.400066
0.5276,-0.0487364,0.111305,0.332728
0.296349,1.1918,0.0457606,1.53663
0.0672358,1.56859,-0.131707,2.51063
0.444089,1.21855,0.0922673,1.7381
-0.0166795,1.55881,-0.105296,2.48117
0.240577,1.52721,-0.0492837,2.43661
-0.0845652,1.38414,0.0257335,1.97176
-0.622285,0.926228,-0.105319,1.27683
-0.26004,-1.51698,-0.0571688,2.41591
0.496205,1.42568,0.0725682,2.29859
0.333504,-1.47891,0.109618,2.34044
0.510953,-0.563818,-0.12213,0.630305
-0.612164,-0.666091,-0.127846,0.851538
-0.259716,1.24533,0.0780735,1.64692
0.089178,-1.57039,-0.0347409,2.52563
-0.465199,0.880348,0.0972303,1.04553
-0.259117,1.50175,0.123169,2.36549
-0.443769,0.165242,0.0161878,0.279848
-0.376837,1.49697,-0.123932,2.41266
0.395657,-0.365902,0.123045,0.32619
-0.345766,1.25103,0.169942,1.72068
0.410867,-1.09371,0.118582,1.40692
-0.619661,-1.22334,-0.0964749,1.89908
-0.584654,0.57993,-0.161485,0.714201
-0.397008,1.22447,0.0178939,1.71405
0.457871,-0.765315,0.0258039,0.855148
-0.502899,-0.103252,0.028569,0.321993
0.553186,0.119407,-0.0201734,0.376616
-0.28084,1.53409,-0.122683,2.46736
0.0982258,1.51003,0.163806,2.33553
0.484462,-0.760874,0.143616,0.865438
-0.274581,-1.45981,0.15381,2.25197
0.549063,1.28325,0.0776793,1.98438
-0.404625,-1.38588,0.0289869,2.14351
-0.658264,-0.156368,0.109084,0.474347
0.650311,-0.436724,0.0669498,0.637909
-0.55909,0.314852,0.122994,0.459401
0.381087,0.926798,0.0440386,1.04064
0.472484,-0.641955,-0.110816,0.687632
0.388869,-1.19954,-0.0304625,1.64316
-0.444556,-0.416118,0.0465992,0.422665
0.580684,1.17821,0.000790196,1.76721
0.376721,-0.361708,-0.00345303,0.311761
0.508027,0.667804,-0.110668,0.757993
-0.416105,-1.13952,0.0158255,1.53105
0.302987,1.49781,0.0540216,2.38625
-0.496904,1.0525,0.102208,1.40986
0.209843,-1.22751,0.0148921,1.55693
0.366304,-1.5203,0.117281,2.47024
-0.340032,1.03426,0.0808221,1.2045
0.344748,0.0256158,0.0119442,0.144122
-0.505689,1.066,-0.164748,1.43662
-0.346011,-0.665847,0.0813946,0.583983
-0.281018,-1.25553,-0.107358,1.69191
0.151415,1.53173,-0.0511321,2.42068
-0.00281903,-1.50466,0.106507,2.31965
-0.393703,1.14417,0.133162,1.50645
-0.413501,0.450328,0.0857132,0.417799
0.615138,1.09364,0.130476,1.60411
-0.584532,-1.20698,0.118847,1.82959
0.388862,-1.26069,0.0905962,1.79133
0.320649,-0.351059,0.0818827,0.234718
-0.529619,-0.486179,0.147862,0.564633
-0.107827,-1.39239,0.0536094,2.002
0.00881139,-1.44571,0.1375,2.13706
-0.526336,-0.00053255,0.146009,0.32643
-0.0190093,-1.42425,0.151377,2.06867
0.0965632,-1.61343,-0.0607305,2.64533
-0.271408,-1.31644,-0.100243,1.84994
-0.485063,0.888759,0.176951,1.06904
-0.224528,1.30891,0.14426,1.79436
0.333612,0.8392,-0.029725,0.835234
-0.599095,-0.349734,0.152504,0.514931
-0.539033,0.458199,-0.0941388,0.554798
-0.609623,-0.23019,0.0486466,0.466295
-0.539432,-0.705621,-0.0518016,0.846727
-0.645253,-0.511139,-0.00478561,0.705681
0.231391,1.49136,0.0226146,2.33247
0.322347,-0.0783623,-0.028191,0.122252
-0.498683,-1.2426,-0.113127,1.84268
0.414118,0.100183,-0.11087,0.223945
0.589104,-0.947507,-0.17222,1.27798
-0.524913,0.30333,0.177394,0.410946
0.543859,0.864215,-0.163177,1.08666
-0.340812,-1.26068,-0.152605,1.74677
-0.200785,1.26771,-0.0845895,1.66382
-0.302269,1.52264,0.0354373,2.45098
-0.337355,1.36618,0.0806826,2.03991
-0.567616,0.819377,-0.179545,1.03015
-0.605238,0.843742,-0.161351,1.10758
0.484014,0.00286944,-0.178307,0.277827
-0.526933,-0.12045,-0.11576,0.345717
0.438699,-0.831651,-0.0112648,0.940589
-0.490191,0.605556,0.178787,0.650183
0.667416,-0.0532987,0.0852748,0.462468
-0.537845,0.923228,-0.0574524,1.19756
-0.344053,-0.65201,-0.0807398,0.563956
0.348053,-0.721824,-0.110757,0.66148
-0.353994,-1.12707,0.104898,1.42868
-0.579656,-0.247154,0.0864442,0.442334
-0.225283,-1.51882,0.13022,2.40162
0.50589,0.64705,-0.166991,0.72054
0.504354,1.42794,0.00647659,2.31306
0.449422,0.119717,-0.136844,0.262791
0.608637,0.0793009,0.152242,0.407857
-0.53977,-0.99893,-0.0835146,1.34507
0.478442,0.287168,-0.0204776,0.371697
0.0400786,-1.34758,-0.121489,1.83606
-0.574928,-1.27111,-0.0040746,1.97624
0.578354,-0.128723,0.0407818,0.399871
-0.232906,-1.39033,0.0625935,2.04667
0.409415,0.344328,0.0365844,0.333218
-0.525924,-1.27293,0.0173983,1.94577
0.338099,0.71027,-0.0878307,0.636927
0.271008,1.22686,0.0853143,1.60477
-0.593686,0.645029,-0.152261,0.804911
0.47186,-0.530155,-0.133514,0.553218
0.566197,1.13453,-0.00610775,1.65692
0.588407,-0.409974,-0.053308,0.56341
-0.407588,-1.33888,0.0298475,2.01513
-0.407993,-1.22415,-0.187476,1.70655
-0.443992,-1.00777,-0.0188863,1.27118
-0.185245,1.55592,0.0689859,2.50164
-0.413623,1.05703,0.161569,1.3262
0.345807,1.42654,0.0981737,2.20442
-0.575312,-0.838795,-0.180383,1.06956
0.237017,-1.58628,0.110034,2.59799
-0.0867737,-1.32124,0.0877084,1.76635
0.623777,0.349659,-0.107491,0.543374
0.576724,0.990202,-0.0487333,1.35925
-0.634452,-0.514927,-0.112576,0.694255
-0.565936,-1.10656,-0.0418674,1.59305
-0.326525,1.59474,-0.0187885,2.65922
-0.606755,-0.0570119,0.102744,0.409257
0.464409,-0.270095,-0.0879856,0.342998
0.427967,1.26635,-0.133726,1.83609
-0.223843,-1.44965,0.0289014,2.21209
0.48637,-0.520126,-0.0792791,0.56263
0.529826,-1.11254,0.040252,1.57297
0.519876,-0.247192,0.101415,0.384574
-0.420256,-0.0704115,-0.0514333,0.230992
0.447129,0.253544,0.11473,0.313082
-0.536332,0.399362,-0.16612,0.491921
-0.395922,-0.534855,0.128199,0.478599
-0.297062,-1.06779,0.0216128,1.23164
-0.294344,1.12294,-0.0725405,1.35605
0.659093,0.365875,0.0894742,0.586462
0.0873489,1.53751,-0.109342,2.42026
-0.0970752,-1.35999,-0.0275329,1.9
0.382902,-0.299109,0.0520204,0.272151
0.133489,1.59307,0.148988,2.58684
0.659747,1.15297,-0.0149799,1.77659
-0.408962,-1.38709,-0.150624,2.13404
-0.555707,-0.771317,-0.0668073,0.957471
-0.488575,-0.789306,-0.154107,0.909319
-0.0214135,-1.47386,-0.0864599,2.22753
-0.578356,-1.05032,0.172041,1.47315
0.000101753,-1.55207,-0.0629324,2.46391
-0.392603,-1.38862,0.143051,2.12865
-0.481599,-0.749301,-0.117555,0.844848
-0.359795,-0.719674,0.0732054,0.674109
0.562763,0.610725,0.177764,0.72809
-0.426335,-1.21815,0.0162877,1.72649
0.360932,-0.998764,-0.0808059,1.15544
0.660649,0.685324,-0.116312,0.920689
0.320211,1.03215,0.0765911,1.17681
-0.671966,0.566741,0.0918736,0.783954
0.40661,0.872428,0.105007,0.965402
-0.239193,1.27903,0.0404399,1.73026
0.478855,0.548495,0.190349,0.571387
-0.358981,-0.541429,0.0857484,0.448349
0.609636,-1.1132,-0.149223,1.63679
0.564799,1.24201,0.0493939,1.89975
0.381196,-1.17685,0.095943,1.57825
-0.354277,-0.953437,-0.129928,1.05441
0.595901,-0.189395,0.146406,0.42642
-0.573077,-1.13725,0.0568149,1.66716
-0.625205,-1.0901,0.0615547,1.60989
0.427507,-0.462705,-0.11047,0.443732
0.651007,0.09293,0.0759114,0.455042
0.637487,0.941534,-0.108762,1.31838
0.443608,-0.378429,-0.0876264,0.390714
0.388091,-1.40119,-0.0965748,2.166
-0.24048,1.49218,-0.151096,2.32975
0.570171,0.0199776,0.138363,0.369563
0.533925,-1.02385,0.0696916,1.38943
-0.563066,1.07939,0.0141515,1.53157
0.337198,1.21403,-0.0695275,1.63238
-0.538447,1.31828,-0.118759,2.05722
0.485562,-0.0267131,-0.161999,0.282745
0.349651,1.06332,0.127009,1.27515
-0.68003,-0.0565724,-0.083731,0.473518
0.426795,0.263042,0.0634768,0.300977
-0.545636,-0.592679,0.0943084,0.699958
0.437205,1.01621,0.0750021,1.27621
-0.557527,0.673907,0.163824,0.806967
0.440183,1.19213,0.154392,1.66436
-0.688421,-0.0690503,-0.0295925,0.485175
0.421014,-1.28482,0.183684,1.87093
-0.383888,-0.718431,0.120224,0.696964
0.149282,-1.57333,-0.0419746,2.54522
0.564321,0.75212,0.0962464,0.933751
-0.487476,-0.65103,0.192887,0.70285
-0.455464,0.674066,0.128659,0.710118
-0.286051,1.45452,-0.026151,2.25744
-0.147769,-1.54517,-0.143808,2.45358
0.422672,1.3451,-0.0230555,2.0435
-0.192544,-1.38805,-0.00358054,2.01888
-0.437123,1.27111,-0.0861544,1.85882
-0.619428,-1.08869,-0.0979667,1.59815
0.26525,-1.62988,-0.0462595,2.73526
-0.312166,0.791806,-0.0591736,0.729743
0.541,-1.0139,-0.156157,1.36836
-0.556267,-0.353665,0.0829625,0.486088
0.116688,1.57724,-0.0780113,2.54502
0.434456,0.347772,-0.149214,0.35153
0.15651,1.48292,0.169056,2.27071
-0.0469726,-1.31583,0.0289245,1.74482
0.432199,-0.19221,0.178394,0.261246
0.312221,-1.2599,0.111286,1.72843
-0.402359,0.769155,-0.0803915,0.793681
0.615627,-1.22935,0.103427,1.90743
0.321957,-1.36682,-0.0458953,2.03245
0.378526,0.472698,0.10368,0.40107
0.500524,-0.137215,0.0370411,0.328249
0.124735,-1.36539,-0.109808,1.91611
0.653272,0.205135,-0.08209,0.490599
0.199949,-1.59245,-0.127769,2.60496
0.241102,1.51018,0.188602,2.37478
-0.649757,-0.246222,0.0253532,0.509205
0.615236,0.135218,-0.0565684,0.435697
-0.560832,-0.0280641,-0.00694296,0.370884
-0.471856,1.47505,0.0413592,2.41333
0.566433,0.518621,-0.02238,0.642289
0.552341,0.418034,0.0467105,0.535172
-0.400928,0.879965,-0.0726784,0.978041
0.385423,0.474008,0.0944463,0.410188
-0.345933,-1.52142,-0.077504,2.4641
-0.594617,-0.534448,-0.147152,0.67426
0.0284589,-1.63972,0.105651,2.71493
-0.436061,-0.0667709,0.0295931,0.247554
0.636963,-0.748551,0.141603,0.987841
0.334374,-1.49643,0.0416058,2.39142
0.429065,-1.07232,0.0523577,1.38719
-0.319042,1.34859,0.135883,1.97328
-0.222312,1.39403,-0.173121,2.03611
0.288807,-1.25519,-0.125228,1.68974
-0.375139,-0.420595,-0.0630645,0.351093
-0.199571,-1.57244,0.101707,2.55168
-0.662625,-0.820123,0.097369,1.12709
-0.457699,1.23219,0.0370331,1.78522
-0.526159,0.716322,0.0957446,0.841082
-0.0551246,-1.43003,0.0314362,2.0995
-0.470974,0.789894,0.167216,0.890543
-0.695514,-0.592036,0.0188761,0.836369
-0.106395,-1.40792,0.131266,2.03755
0.578472,0.251319,0.105363,0.442587
-0.532372,-0.846328,0.160191,1.04364
-0.0148786,1.30795,0.0427093,1.7145
-0.392335,0.589815,-0.125235,0.53434
0.621037,-0.667459,-0.0761033,0.865867
-0.560306,0.773981,-0.153126,0.955759
-0.520094,0.399684,0.187776,0.471912
-0.64251,1.23353,-0.0335184,1.94225
-0.428027,0.785319,0.109503,0.849963
0.508513,-0.113298,-0.187435,0.313439
-0.24004,-1.33331,0.130679,1.87973
0.25201,1.46023,-0.155822,2.24394
-0.380363,-0.226243,-0.0269518,0.234957
-0.38885,-0.955398,-0.0292396,1.10393
-0.568748,0.548616,-0.0580066,0.676203
-0.687054,0.792101,0.0347676,1.10628
0.171151,-1.66832,-0.0162005,2.81721
-0.127552,1.39906,0.14085,2.01338
0.62969,-0.275134,-0.00149996,0.508384
0.399918,1.29014,0.0897363,1.88203
-0.684582,0.353848,0.0653278,0.600551
-0.552602,0.342403,0.0717321,0.475751
0.441084,0.212168,0.146532,0.282849
0.309194,1.30647,0.0535905,1.8615
-0.506518,-1.11455,-0.170021,1.54262
-0.611322,-0.51439,0.135067,0.670158
-0.623732,0.00438156,-0.0935983,0.422246
0.315173,-0.993172,0.0491946,1.09374
0.100404,1.53172,-0.0555017,2.4116
-0.634526,-1.1755,0.052402,1.80493
0.623744,1.25059,-0.0739261,1.96431
-0.00681511,-1.64267,0.066939,2.724
0.651528,-0.0579207,-0.0520136,0.452017
-0.674309,0.0905956,-0.0618013,0.474645
0.404505,0.79463,-0.0408673,0.838607
0.34279,1.0073,-0.086345,1.15106
0.530885,0.445309,0.0498437,0.538554
-0.317087,-1.28552,0.159208,1.79104
0.434396,1.20362,-0.122857,1.69139
-0.480257,1.25349,0.0658973,1.85433
-0.541919,-0.994019,-0.173457,1.32344
-0.18925,1.45359,-0.0465845,2.20789
0.36207,-0.779341,-0.0943346,0.765958
0.427016,-0.683321,-0.0141237,0.699414
-0.505238,1.02785,0.0548264,1.3734
0.385694,0.790601,0.0610372,0.811327
-0.413287,0.240411,0.109485,0.272771
-0.442026,1.05197,0.0277472,1.36282
-0.6278,1.0455,0.0621333,1.52035
-0.480884,-1.40138,0.0180634,2.23358
-0.028077,1.61457,-0.0439178,2.64357
-0.554455,-1.09332,0.134029,1.54857
0.653518,0.637079,-0.101521,0.851464
-0.179773,1.34983,-0.104645,1.89648
0.282997,1.37204,-0.0851923,2.02032
0.317056,-0.681669,0.0385257,0.573466
0.422939,-1.15187,-0.166837,1.54721
-0.11157,1.44928,0.106984,2.1622
0.543792,-0.348367,-0.12591,0.465981
-0.150012,1.39761,0.139415,2.01805
0.53154,1.32265,-0.0456757,2.06721
0.20258,-1.37772,0.156631,1.98088
-0.485413,0.928559,-0.0899516,1.15769
0.0574597,1.36406,-0.0318222,1.89688
0.390105,-1.18455,0.139269,1.59556
0.583193,-1.02312,-0.0292226,1.43739
-0.522401,1.06497,0.163358,1.45345
0.486798,0.157184,0.177054,0.304885
-0.564623,-1.20695,-0.0542886,1.81777
0.236892,-1.23859,0.0830473,1.60791
0.491218,0.088654,-0.198515,0.289279
0.452045,0.970193,-0.097348,1.1979
-0.508334,-0.495939,-0.129708,0.555871
0.428413,-0.034398,0.00245118,0.237776
0.374961,1.56427,0.0557324,2.59964
-0.592418,0.900405,0.138633,1.19856
0.405832,-1.50082,0.110351,2.43755
0.316136,-1.40617,-0.158467,2.12495
0.386787,0.913808,-0.04949,1.02356
-0.5397,-0.38505,0.173824,0.481726
-0.534802,-0.922746,-0.172732,1.18049
0.364778,1.46436,0.057927,2.3235
-0.594314,-0.572943,-0.0965931,0.724315
-0.426212,0.236388,-0.101287,0.283332
0.384151,-0.530424,-0.0485801,0.468612
-0.528556,-1.11227,0.0625782,1.571
-0.593608,-0.146855,-0.002257,0.4195
-0.510217,0.000123337,0.191835,0.301341
-0.160017,-1.38221,0.142852,1.97755
-0.159962,-1.41641,-0.063629,2.0845
0.403792,1.15938,0.167357,1.54706
-0.554979,-0.519027,0.128455,0.623778
0.202265,-1.41652,0.0716786,2.10144
-0.466386,0.135379,-0.0678267,0.291284
0.613004,-0.0802528,0.0708184,0.42084
0.250467,1.56776,-0.0933704,2.55254
0.188771,1.64618,0.0662138,2.75753
0.506796,-0.249284,0.0237082,0.37859
-0.58771,0.666832,-0.120276,0.834533
-0.602215,-0.570054,-0.116715,0.725596
-0.431334,-1.2325,-0.104513,1.75878
-0.239226,1.21727,0.0412907,1.55222
-0.375492,1.10359,-0.0384667,1.40397
-0.507935,0.400955,-0.0958407,0.473878
-0.0442874,-1.37053,0.0192157,1.91485
0.578209,-0.374159,0.165141,0.512115
0.408956,-0.311652,-0.0296374,0.312581
0.513559,0.142413,0.150369,0.332576
-0.440499,1.11234,0.185498,1.47071
0.31102,1.55641,0.0505995,2.54774
-0.470899,-0.0121967,0.13365,0.272047
-0.44579,-0.476576,-0.116164,0.47344
-0.571973,-0.304928,0.119048,0.464963
-0.372612,-0.780814,-0.0431899,0.781233
-0.26478,1.32506,0.031107,1.88051
0.599398,0.960627,0.0788613,1.32205
0.477055,0.78263,-0.00719797,0.896006
-0.130496,1.31597,-0.0804901,1.76877
-0.300105,-1.37498,-0.0546007,2.04113
-0.409271,-0.999813,-0.144892,1.204
0.291844,-1.34336,-0.0428652,1.95065
-0.339337,1.14895,0.00257821,1.47057
0.297746,-1.30797,-0.04175,1.85514
0.383113,0.250536,0.054215,0.248328
0.418547,0.602776,0.0853037,0.585098
-0.358035,0.825953,0.0214616,0.839613
0.41484,-0.270295,0.0280788,0.294292
-0.410164,-0.799507,-0.175568,0.839918
0.466471,-0.0366569,0.106102,0.271523
0.333984,0.183056,0.0564989,0.161282
-0.532704,0.335103,-0.0624863,0.451872
-0.399713,-1.05997,-0.0491931,1.32845
-0.416197,-0.588507,-0.119472,0.562624
0.614422,-1.28653,-0.0626819,2.04253
0.423137,0.374274,0.0700158,0.367106
0.595894,1.06973,-0.133886,1.53504
-0.537695,0.577117,0.186968,0.662404
-0.624436,-0.8548,-0.0411,1.15597
-0.608686,-0.0398553,-0.125414,0.407641
0.512579,-0.32847,-0.0360675,0.431439
0.379474,0.769154,0.138619,0.766071
0.426672,1.19084,0.0947945,1.6532
-0.113081,1.5072,0.0368209,2.34458
-0.409698,1.28936,0.0388244,1.88777
-0.296969,1.484,-0.121391,2.33577
-0.166208,1.54348,-0.111977,2.45764
-0.430943,-1.05604,0.0260822,1.35365
0.0728572,1.47956,0.107218,2.24931
0.61042,0.47757,0.0547226,0.639809
0.481366,-0.955541,-0.0824515,1.19952
-0.0636743,-1.67498,-0.0525636,2.82104
0.564893,0.778035,0.0504596,0.974201
0.510553,-0.602268,0.151852,0.673464
0.506477,-0.122911,-0.136189,0.321283
0.633151,0.668938,-0.0182316,0.883686
-0.338217,1.26861,0.038002,1.77766
0.236806,-1.56242,0.0336659,2.5362
0.373091,-1.26363,0.106996,1.7897
-0.567342,-0.430793,-0.0762295,0.557022
0.58401,-0.920454,0.160394,1.22327
-0.508573,0.0732571,-0.086071,0.319855
0.489778,0.0139642,-0.191695,0.281738
-0.360262,-0.0405369,-0.124004,0.154091
-0.587516,-0.621275,0.0733248,0.777676
-0.600841,-0.506432,-0.0360888,0.661239
0.363992,-1.10368,-0.123576,1.38098
0.391378,-1.08575,-0.108744,1.37228
0.114395,1.67068,0.0343111,2.81413
0.194382,1.56177,0.09158,2.51709
0.0161374,-1.33743,-0.0800622,1.80652
0.456729,0.841085,0.120311,0.965781
0.660933,-0.0530087,0.0152906,0.460316
-0.0422347,-1.43935,0.0427687,2.12672
-0.160947,1.4318,-0.193768,2.1145
-0.204104,1.41971,0.127328,2.10886
-0.349076,-0.523722,-0.0998034,0.418251
-0.0852087,-1.54126,-0.178713,2.42299
0.507085,0.703858,0.190253,0.794206
0.457847,1.06698,-0.137891,1.39784
0.457247,1.40957,-0.0382805,2.2327
0.543631,-0.850961,-0.099485,1.07244
-0.218599,1.37943,-0.140514,1.99713
-0.634088,-1.1913,0.113957,1.83517
0.263935,1.42499,0.0361142,2.15813
0.651413,0.430344,0.11497,0.628582
0.43274,-1.36744,-0.0318301,2.10938
-0.604416,0.702143,0.0359057,0.901693
0.540592,0.174479,0.165599,0.365801
-0.445916,0.193937,-0.036364,0.290551
0.489338,0.540871,0.0818646,0.589895
-0.414577,1.08277,0.0651125,1.39394
0.202172,1.27811,0.039692,1.70218
0.0923604,1.42,0.0578053,2.08513
-0.43945,0.383395,0.0239033,0.394909
0.475872,-0.206703,-0.123315,0.320894
0.661187,0.916309,0.0509221,1.29662
-0.481548,-0.732121,-0.0292174,0.827447
0.604537,0.532704,-0.128669,0.683519
0.567579,-0.679112,0.0266371,0.837515
-0.300785,-1.49641,-0.000457181,2.37781
-0.337935,-1.27903,-0.0837019,1.80421
-0.465096,-1.41872,-0.053882,2.26138
-0.61737,0.977569,0.07255,1.37384
0.571191,0.25502,0.00033255,0.441792
-0.277766,-1.26114,0.0634344,1.70506
-0.217423,-1.45499,0.0530033,2.22225
-0.243063,1.45187,0.189746,2.20696
0.395204,-0.321859,-0.162739,0.290398
-0.545045,0.659454,0.0860471,0.785814
-0.542626,-0.0534549,-0.108772,0.348139
0.176035,1.36284,-0.00828658,1.93623
-0.472909,-0.012025,-0.106797,0.276101
0.01717,1.62231,0.072446,2.66303
0.255834,-1.51433,0.0257982,2.409
-0.444412,1.0525,-0.155399,1.35043
0.393444,-0.759895,-0.144011,0.763793
-0.574491,-1.23771,0.101055,1.8957
0.526749,0.522121,0.0268716,0.60764
0.556506,1.00926,0.0744401,1.37907
-0.628316,0.823388,-0.0689072,1.10545
0.391344,0.0197372,-0.094736,0.190646
-0.509623,1.1366,-0.0470392,1.60626
0.581716,-1.05951,-0.0965195,1.50239
-0.487955,-0.519237,-0.130329,0.557216
0.422446,0.114256,0.113345,0.235331
-0.358656,-1.43528,-0.0780301,2.23549
0.518617,-0.812153,-0.0770507,0.985615
-0.479469,0.181511,0.0512515,0.320366
-0.582686,-0.72033,-0.100651,0.9031
-0.612344,-0.0760406,-0.000646972,0.422873
0.486085,0.592159,0.0718996,0.642533
0.548912,-1.2367,-0.0955309,1.87124
0.65479,0.53202,-0.110964,0.729497
-0.372575,0.473937,0.0118588,0.399277
0.533048,-0.828498,-0.0818318,1.02468
0.547545,-0.584009,-0.0324741,0.699279
0.296531,1.13717,0.000220454,1.39751
0.352927,0.0297231,-0.029938,0.152136
-0.513078,1.11474,0.164035,1.55031
-0.367696,-0.41321,-0.102078,0.33601
-0.333958,0.33464,0.0776909,0.238763
0.422325,0.500029,0.0347278,0.477192
0.221674,1.50924,0.00475636,2.38128
-0.176523,1.50336,-0.155714,2.3393
-0.579437,0.159094,-0.132137,0.402875
0.643863,-0.34467,-0.00865762,0.56164
0.531836,0.723764,0.116277,0.858937
0.426771,-0.819026,-0.0819969,0.901691
-0.540363,-0.822173,-0.193033,1.00649
-0.392432,-1.02265,0.0865824,1.2398
-0.524513,-0.878828,-0.0646814,1.10576
0.086795,1.47375,0.198104,2.21955
0.10262,-1.48003,-0.0843077,2.25824
0.498796,0.848704,-0.0539642,1.03065
0.668173,1.00737,0.0269697,1.47786
-0.410525,0.880576,-0.170654,0.977527
-0.0221811,-1.31534,-0.0603114,1.73904
0.539934,-0.578451,0.0155569,0.683242
0.470268,-0.61064,0.122739,0.644332
-0.572338,-0.513848,0.177093,0.628348
-0.327121,-0.361631,-0.0988869,0.247928
-0.177491,-1.29301,0.0389599,1.72815
-0.209454,1.45406,-0.104881,2.21109
0.0442969,-1.48365,-0.0090355,2.2649
0.324218,0.526444,-0.034547,0.395793
0.329818,0.711768,-0.00154084,0.630966
0.566726,0.113881,0.0790714,0.384278
-0.313425,-0.824497,0.0478448,0.784839
-0.167629,1.52195,-0.162588,2.38626
-0.556077,1.14637,-0.0207212,1.67491
0.61055,-0.18452,-0.0645758,0.446348
0.565471,1.09517,0.135465,1.55893
-0.567345,1.02536,0.180083,1.40924
-0.44931,-1.32445,0.0456136,2.0099
-0.112476,1.56325,-0.0757212,2.49995
0.446868,-0.276103,-0.094231,0.32777
0.432806,-0.343577,0.0381731,0.358644
-0.148831,1.51664,0.0859676,2.37854
0.352614,-0.64378,-0.0395938,0.566301
-0.201076,1.32191,-0.147848,1.81591
0.504649,-0.0716323,0.183836,0.302327
0.533751,-1.28385,0.0148452,1.97524
-0.384244,-1.45524,0.120094,2.30857
0.28603,1.23262,0.0389271,1.63984
0.549119,-0.340153,0.0451573,0.474052
-0.457234,-0.572866,-0.0069579,0.593039
0.357903,1.1914,-0.121665,1.58919
0.546722,-1.22036,0.175783,1.82136
0.387556,-0.101609,-0.123161,0.193582
0.563696,0.880914,-0.142072,1.13783
0.323824,1.49078,-0.0802364,2.37011
0.166868,1.5327,0.141634,2.42015
-0.533168,-1.17877,0.179044,1.71177
-0.509201,-0.269122,-0.177885,0.375035
0.0289036,1.35506,-0.121303,1.85888
-0.00333777,-1.42568,0.185093,2.06714
0.0916624,-1.32349,0.00693962,1.78396
-0.0406209,-1.35824,0.137446,1.86673
-0.672838,-0.217374,0.0639781,0.512418
-0.521143,-0.479452,0.0396131,0.561677
-0.236952,1.33455,-0.0740234,1.8858
0.480658,0.954645,-0.188975,1.18423
0.241923,-1.36817,0.0487844,1.98532
0.0180583,-1.62982,-0.0865081,2.685
0.530556,0.65702,-0.163191,0.759746
-0.424472,0.744248,-0.082062,0.782207
0.275669,1.46698,-0.120666,2.27726
0.3169,0.873368,0.0583311,0.872754
-0.499328,0.604265,-0.149409,0.66292
-0.367827,1.08333,0.151439,1.33564
-0.482687,-0.923065,0.181597,1.12898
-0.380555,-0.812582,-0.0174396,0.846066
-0.0814261,1.33755,0.0342948,1.82041
-0.695917,-0.751559,0.0379125,1.05066
0.453755,-0.287779,0.147963,0.33416
0.671222,0.332128,-0.0798477,0.573279
0.129973,-1.48385,0.134653,2.27002
0.491326,-0.60133,-0.165394,0.648879
-0.56121,0.450192,-0.157491,0.56113
-0.420063,1.43325,-0.159705,2.25961
-0.473989,0.126109,-0.196236,0.280246
0.534107,-0.410004,0.0412411,0.511036
-0.317994,1.23046,-0.0874304,1.65818
-0.0147053,1.54747,0.188292,2.43205
-0.484571,1.31156,0.114608,1.99776
-0.443921,-1.24807,-0.176742,1.79896
0.411912,0.517599,0.124497,0.479763
-0.411249,0.392143,-0.0128072,0.370256
-0.52463,-1.17256,-0.125409,1.69849
0.665639,-0.256166,-0.0696914,0.52515
0.377557,-0.310954,0.0844073,0.270992
-0.32876,-0.478197,-0.071782,0.350449
0.44296,0.943555,0.118434,1.13323
0.550756,-0.908265,-0.172551,1.16976
0.494404,0.879895,-0.0337703,1.07919
0.462089,-0.0648738,-0.027297,0.275558
0.461766,0.42986,0.195213,0.43642
0.420666,1.20017,0.0980956,1.67004
-0.507569,-0.538936,0.0662644,0.604748
-0.510632,1.04191,-0.0152917,1.40827
0.638863,0.269806,0.0370012,0.510721
0.422619,0.836653,-0.166107,0.91586
-0.00814114,1.4108,0.0578592,2.04344
-0.639693,0.463974,-0.142906,0.644944
0.462193,0.497827,-0.152257,0.508421
-0.520362,0.383405,0.0950561,0.472642
-0.21961,1.65893,-0.013796,2.80303
-0.590316,-0.348624,-0.0878502,0.514571
0.29403,1.62122,0.0612979,2.72027
0.449175,0.778035,0.139492,0.85303
0.530815,-0.939116,0.147895,1.21091
0.0200094,-1.60498,-0.153186,2.60735
-0.508143,1.04769,-0.0558897,1.41639
-0.563643,0.160646,-0.117338,0.390454
-0.49277,1.31158,-0.158758,1.99942
0.339011,0.935227,0.0483855,1.00885
-0.459192,-1.23826,-0.0526754,1.8041
-0.633273,0.568468,-0.106302,0.752569
0.598771,0.960575,-0.0552516,1.32178
0.509008,0.593063,0.0696169,0.669421
-0.158831,-1.47895,0.0809296,2.26476
-0.00434295,-1.53254,-0.157053,2.39612
-0.459305,1.16628,0.0756929,1.62577
0.480369,0.37994,-0.0726569,0.43172
-0.596849,-1.01639,0.150079,1.42327
0.475069,1.42828,0.075725,2.28984
0.241375,1.31805,-0.123186,1.83449
0.413581,0.070701,0.0581115,0.223242
0.375404,-1.12095,-0.0113391,1.44106
0.489451,-0.686319,-0.199479,0.750486
0.471493,0.536275,0.0269896,0.569114
-0.457129,1.20262,-0.0458779,1.71419
-0.190672,1.39981,-0.00158824,2.05323
-0.610812,-0.18148,0.104357,0.442038
-0.447054,1.31054,0.156592,1.96304
0.596693,0.631726,-0.132354,0.790871
-0.371331,0.745208,0.0312657,0.727933
0.588879,0.439796,-0.00521035,0.588293
-0.534459,0.796362,0.149526,0.96846
-0.627768,0.348302,-0.110621,0.545676
-0.397557,-0.795837,-0.149262,0.824527
-0.571983,0.930363,0.126334,1.23734
-0.549983,-0.113225,0.120763,0.365467
0.0140992,1.35466,-0.107993,1.85744
0.649466,0.974088,0.0760343,1.39618
0.482684,-0.594735,-0.0681971,0.645262
0.204439,-1.3975,-0.0593229,2.04816
0.527394,0.297975,-0.0360958,0.424546
-0.298728,-1.41066,-0.156866,2.12864
0.396621,1.10321,0.068692,1.42127
0.178277,-1.50955,0.0190326,2.36895
0.643695,-0.128975,0.0196985,0.460262
0.306068,-1.58097,-0.055701,2.61528
-0.583988,-0.511211,-0.123478,0.64085
0.355794,0.47342,0.0950194,0.373119
0.561775,-0.828426,0.161299,1.04393
-0.555036,-1.1159,-0.185797,1.58934
-0.386003,-0.152504,0.0256569,0.212844
-0.130023,1.53934,-0.0133718,2.4401
-0.207833,1.44355,0.0174838,2.18515
0.643017,-0.72277,0.105087,0.960705
0.643682,-0.420542,0.01256,0.620501
-0.611757,0.187248,-0.0979489,0.443991
-0.473186,-0.240194,-0.102578,0.335373
-0.407404,-0.108154,0.0890681,0.220569
0.483431,1.30619,-0.0361138,1.99076
0.566029,-0.349094,0.145319,0.484764
-0.393717,0.679615,-0.0852057,0.657552
-0.499846,-0.528978,-0.124711,0.580725
0.552764,1.25397,0.0599749,1.91634
-0.287313,-1.5546,0.138833,2.52488
0.350628,-1.22922,0.0903399,1.68135
0.446604,0.586527,0.172429,0.584328
-0.609066,0.949245,-0.121627,1.3052
0.618582,-0.448284,0.0283782,0.621581
-0.103832,1.49896,-0.13677,2.30506
0.421783,1.02031,0.0577763,1.26961
-0.313849,-1.4488,-0.0833852,2.25011
-0.631276,-0.880827,-0.0873559,1.20302
0.21374,1.46974,-0.126715,2.25874
0.117559,-1.60019,0.0692252,2.6133
0.435968,0.399809,-0.136743,0.395337
0.627843,-0.498844,-0.0338072,0.676568
0.535018,-0.768316,-0.0784835,0.93275
-0.166728,1.57335,0.0441659,2.54314
-0.369299,1.10437,0.126105,1.38965
0.0211998,1.34863,-0.117374,1.83808
0.605354,0.848723,-0.0546292,1.12838
-0.366944,-0.329361,0.0918312,0.272202
0.442364,0.0937093,0.127656,0.250905
0.475317,-0.794912,-0.001246,0.914809
0.645619,-0.185158,0.0799227,0.4763
-0.446385,-1.11981,0.00280335,1.50911
-0.281455,1.48174,0.169285,2.31534
0.53613,-0.0896315,-0.0586997,0.351841
0.583918,0.678261,0.0499711,0.850407
-0.356734,0.375588,0.0876915,0.294395
0.198855,-1.52164,-0.14156,2.40146
0.120543,-1.58038,0.0605019,2.55388
0.378541,-0.16739,-0.0717149,0.205893
0.00990439,1.4412,0.0688748,2.13125
-0.230651,-1.52464,0.155038,2.41669
-0.577508,-1.02941,-0.164834,1.43049
0.488129,1.09648,-0.113308,1.4947
0.143492,-1.29183,-0.0170792,1.70436
-0.312419,0.621042,0.0558577,0.48901
0.620198,-1.16588,0.0993524,1.76717
-0.119068,1.33759,0.0412572,1.8348
-0.586024,-1.17917,-0.0979745,1.76779
-0.579918,0.240228,-0.144763,0.434692
-0.355058,-1.38309,-0.0830285,2.0946
-0.427093,-1.06178,-0.00307049,1.36308
-0.563524,-0.883759,0.187873,1.13479
-0.532005,0.067359,0.051508,0.343272
0.501499,-1.31719,0.17253,2.01824
-0.589263,0.284017,0.0270443,0.473498
0.615932,-0.78128,-0.126666,1.02222
0.309112,-1.28914,-0.0749835,1.80878
-0.485174,0.160361,-0.106232,0.314739
0.490092,-0.835996,0.183644,0.981167
0.436875,-1.28256,0.167339,1.88024
-0.484309,-0.516565,-0.118029,0.552599
0.475525,1.36335,-0.111956,2.12378
-0.63035,-0.142956,-0.0265459,0.45217
0.579032,-0.640517,-0.140637,0.786427
-0.481629,0.90703,-0.037095,1.11254
0.620918,-0.978755,-0.121441,1.37569
0.102462,1.64071,0.0562427,2.7283
0.263604,-1.51434,-0.182685,2.39712
0.394834,-0.0473062,-0.16826,0.187399
0.615856,0.672932,-0.105263,0.865665
-0.548351,0.489076,0.168141,0.582218
0.243063,1.25417,0.120134,1.65239
0.534616,-1.1407,0.0707306,1.64001
0.488366,1.44422,0.115055,2.33844
-0.339127,1.19203,-0.161916,1.56374
0.571138,-0.926447,-0.17682,1.22037
-0.599933,0.80885,0.0341206,1.05977
0.629774,-0.438245,-0.11677,0.616178
0.0447938,-1.56496,0.111575,2.49504
-0.237482,-1.58661,0.127018,2.59796
-0.511243,-1.09623,-0.00128543,1.52581
0.437664,-0.270806,-0.167091,0.305232
0.453818,0.284227,0.0885256,0.338118
-0.418821,-1.52101,-0.101605,2.5011
0.0350162,1.54039,-0.0762774,2.42764
0.588361,0.481695,-0.0223685,0.625512
0.361856,-1.10211,0.118659,1.37411
-0.312038,-0.559066,0.0509759,0.415534
0.38547,-1.13741,0.112947,1.48603
-0.069414,-1.37896,0.157602,1.9338
0.481886,0.0536265,0.181587,0.278428
0.513565,-0.474084,0.105249,0.541273
0.532704,1.06569,0.0463161,1.47861
-0.645886,-0.276887,-0.0537103,0.521838
0.272438,1.48739,-0.0697141,2.33741
-0.103561,-1.50689,-0.0689557,2.33561
0.504271,-0.50451,-0.174936,0.553541
0.572983,-1.12239,-0.159983,1.62435
0.516263,0.381854,0.0841249,0.468125
-0.533801,0.91911,0.169381,1.17286
-0.159719,-1.45158,-0.0938304,2.18931
-0.698461,-0.867993,0.0100236,1.24214
-0.247995,-1.34317,-0.116826,1.90969
0.207101,-1.46919,-0.00186044,2.25669
0.384561,-0.198923,-0.120743,0.219469
0.622861,-0.057051,0.126401,0.420174
0.414775,-1.36019,0.0301537,2.07852
-0.496982,0.887941,-0.0687275,1.09076
-0.0312734,1.52089,0.198441,2.35381
-0.409695,1.22067,0.0702679,1.71709
-0.504311,0.938094,0.174239,1.18046
0.512367,-0.291149,0.155188,0.395108
-0.659547,-0.327743,-0.0867922,0.561018
0.400469,0.395603,-0.020062,0.3617
-0.0144228,1.36406,-0.107137,1.88814
0.291368,-1.58991,-0.111119,2.62873
0.513861,0.626304,-0.0264787,0.717454
-0.139516,-1.56354,-0.148869,2.50356
-0.59763,-0.0981654,-0.0501997,0.410492
0.457782,0.231745,-0.0913337,0.315993
0.654812,-0.161707,-0.025363,0.479373
-0.646008,0.25257,-0.0540253,0.508505
0.494444,0.208027,-0.0210644,0.347092
0.389938,-1.36161,-0.136279,2.0551
-0.539968,-1.00335,-0.112154,1.34976
-0.66285,-0.260656,0.0842032,0.523325
0.608531,-0.981453,0.149036,1.36504
-0.158778,-1.48753,-0.116329,2.28987
-0.00897209,1.56073,0.143234,2.47708
0.143977,1.51401,-0.0376903,2.36653
0.559979,-0.282833,0.0104798,0.448319
-0.473371,0.376087,-0.125987,0.416494
0.583787,-1.28025,0.0101504,2.00616
-0.535963,0.836766,0.0578327,1.04311
0.6828,0.5324,0.0575503,0.757838
-0.420188,-0.991119,-0.120427,1.20301
-0.590311,0.284139,0.00415757,0.479268
-0.685803,-0.873515,0.0121403,1.2413
0.149136,-1.52874,0.00962064,2.41939
-0.622065,0.316728,-0.0746896,0.522492
-0.000581738,1.31362,-0.00090209,1.73328
-0.194996,1.63814,-0.0109196,2.73719
0.193399,1.60994,-0.113999,2.65181
-0.0730947,-1.45857,0.0615325,2.19172
-0.63527,-1.01951,0.0198842,1.46959
0.505056,0.82159,-0.0441903,0.989469
0.0519838,1.39529,0.141286,1.98299
-0.400025,1.38531,0.0685148,2.13016
0.333195,-1.19447,0.122742,1.57181
-0.373708,1.27913,-0.190934,1.81664
-0.423943,0.640019,0.0994383,0.634375
0.496277,-1.22948,-0.0566612,1.81245
0.475861,-0.644311,-0.0470704,0.698814
0.267003,-1.42613,0.0405732,2.16697
-0.347232,-0.137945,-0.00633444,0.164113
-0.411264,-0.757796,-0.157321,0.779117
-0.605583,0.97064,0.035622,1.34901
-0.0705898,-1.58188,-0.0448218,2.54957
0.519846,1.19456,0.18574,1.73485
-0.42928,0.811318,-0.0394485,0.898101
-0.66379,0.194467,-0.0934665,0.494176
-0.530847,-1.13395,0.0783811,1.62239
-0.299185,1.42708,0.181567,2.16829
-0.206157,1.40143,-0.119597,2.05482
-0.247419,-1.5068,-0.0869129,2.38379
-0.314831,1.00446,0.0448369,1.11649
0.610662,-0.771077,0.138396,0.999104
0.526354,0.196449,-0.151719,0.362989
0.558177,0.996595,0.180859,1.34459
0.420733,0.565035,0.0329653,0.546835
-0.348259,0.256171,-0.102371,0.206578
0.443486,1.05952,-0.108986,1.36987
-0.570365,-0.0140616,0.173928,0.36285
-0.304734,-1.21799,0.128381,1.60776
-0.116138,-1.52966,-0.0787412,2.40665
0.595012,0.530464,0.059951,0.682005
0.44014,0.0148223,0.0358726,0.246022
0.573676,-0.907153,-0.041299,1.20133
-0.448841,-0.429694,0.0331273,0.439902
0.456219,0.0225961,-0.192151,0.247486
-0.082634,-1.61093,0.0589629,2.63993
0.634063,0.549306,-0.0213356,0.735318
0.539787,-0.626821,0.0868447,0.736898
-0.67879,0.601444,-0.0258987,0.835044
-0.193886,1.3543,0.0304717,1.91949
-0.198577,-1.52075,-0.104483,2.39969
0.442589,-0.78117,0.0657356,0.860285
-0.594112,-0.000132368,0.16262,0.386141
0.415464,0.0684117,0.143312,0.215695
0.259424,-1.61215,0.0811727,2.68216
0.555298,0.760669,-0.0229879,0.942574
-0.550494,-0.886852,0.0284131,1.14842
0.663421,-0.736119,0.09472,0.998707
-0.561545,0.803245,-0.0524095,1.01541
-0.413047,-1.30429,-0.11253,1.92812
-0.434873,1.35498,0.166598,2.06421
-0.615559,-0.452368,-0.0190066,0.624409
0.281391,-1.32447,-0.0735536,1.88278
0.39641,0.287276,0.162537,0.269838
0.027797,1.54255,-0.109772,2.43064
0.437792,-0.315044,-0.151677,0.333453
-0.380456,1.31761,-0.113137,1.93559
-0.434017,0.948917,-0.00328134,1.14146
-0.365869,0.079835,-0.0284806,0.174068
0.591531,-0.684909,-0.0245513,0.865939
0.0543349,1.50581,-0.131653,2.32202
0.615536,-0.254264,-0.0392099,0.483106
-0.529324,-1.30582,0.113788,2.01895
-0.3522,-1.26709,-0.178697,1.76902
-0.631249,1.06115,-0.115701,1.55028
0.473841,0.4184,0.177455,0.442845
0.546248,-0.514853,-0.0235806,0.622571
0.16804,1.2949,-0.00603146,1.73042
0.55592,-0.0831213,0.0187345,0.371314
-0.298493,1.50001,-0.158178,2.37428
-0.519262,-1.26133,-0.159005,1.89703
-0.567583,1.39634,0.039689,2.27465
0.605131,-0.439515,-0.0886262,0.599843
-0.346775,-1.15027,-0.0348701,1.48209
-0.471961,-1.26847,0.166767,1.8743
0.61808,-0.459431,-0.0807973,0.627332
-0.236762,-1.39465,-0.0323568,2.05411
-0.540624,-0.699751,0.0373811,0.841105
0.105148,1.45305,-0.185799,2.16312
0.386701,1.03231,-0.0551428,1.2544
-0.425823,-0.385569,0.117295,0.372613
0.653207,-0.500395,0.116473,0.695171
-0.423149,0.0137886,0.108721,0.224705
-0.50283,-1.25424,0.0827969,1.87649
-0.335896,-1.24104,-0.178067,1.68563
-0.449865,-0.502131,-0.0482325,0.509498
0.213343,-1.3057,0.127086,1.77808
0.0528815,-1.38831,0.0226554,1.97913
-0.456393,0.610569,-0.0546832,0.639124
-0.403513,0.910423,0.124792,1.03083
-0.533533,-0.517176,-0.124379,0.603111
-0.493564,-1.34722,0.0729225,2.10016
0.381608,1.02069,0.102541,1.22353
-0.656811,-0.962336,0.0885875,1.37659
0.176585,1.39886,0.0990057,2.03843
0.182277,1.47062,0.0769218,2.25208
-0.310923,1.29018,-0.0338584,1.8157
0.457288,0.0800857,0.179359,0.257082
-0.419387,0.73274,-0.139654,0.752287
0.56969,1.11219,0.120407,1.60359
-0.490314,1.23556,-0.0502172,1.81898
-0.381769,0.0452557,0.101358,0.181907
0.473167,1.19861,0.134326,1.71388
-0.441856,0.979721,0.18031,1.19302
-0.580055,1.28643,0.0818262,2.01526
-0.0228264,-1.30482,0.0455235,1.70517
-0.433394,1.17955,-0.0954854,1.63514
-0.285162,1.35541,-0.0153178,1.97864
0.583513,-1.23636,-0.15176,1.89226
0.379308,1.53344,-0.0790762,2.51357
0.37845,-0.611619,-0.132279,0.547276
0.38725,-0.811885,0.0557219,0.848954
-0.394702,-0.814987,0.00558412,0.863913
0.501791,0.907802,0.173469,1.11994
0.415125,0.592864,-0.0703764,0.570899
0.504785,-0.901877,0.170579,1.11595
0.352542,-0.51176,-0.0189593,0.415183
-0.356411,-1.29575,-0.0492811,1.86706
-0.40681,-1.43179,0.0042272,2.26049
-0.481017,-0.621738,-0.14859,0.666086
-0.537748,1.31447,0.000908872,2.05334
0.198377,1.36203,0.0491255,1.94786
0.389884,-0.878566,-0.15468,0.95364
0.482132,1.04174,-0.0124306,1.37895
-0.491166,0.998369,0.0839187,1.29481
0.295245,-1.57845,0.0675678,2.60453
-0.364981,1.31301,0.143392,1.90538
0.530321,-1.01787,0.121266,1.36592
0.603163,-0.621646,-0.0370555,0.794918
0.271136,1.37146,-0.185043,1.99388
0.647775,0.897167,-0.0182952,1.25249
0.261205,-1.58738,-0.0698325,2.61279
-0.638825,0.422464,0.111255,0.610989
0.533888,0.0558195,-0.0498212,0.344912
-0.468115,-1.0599,-0.0836133,1.39771
0.64073,0.190607,0.0952985,0.472544
0.355614,1.3062,0.0223941,1.89214
-0.399556,1.1464,0.112456,1.52166
0.550205,-0.827497,0.142051,1.03364
0.334216,-1.44252,-0.0468662,2.25465
-0.492008,0.718435,0.147633,0.806804
-0.631841,0.538484,0.00169796,0.721297
-0.585177,0.0438771,-0.169111,0.37864
-0.479538,-0.980025,0.133796,1.24119
0.359319,-0.924756,-0.0885111,1.01057
-0.170333,1.63176,0.030754,2.71518
0.442463,0.0909598,-0.140484,0.249389
-0.43877,0.0593054,0.045866,0.249363
0.332249,0.659891,-0.0352856,0.561097
-0.142953,-1.53453,-0.0506155,2.42781
-0.333412,-0.576163,0.0327321,0.461562
0.35627,-0.336032,0.0237023,0.26889
-0.273423,1.16521,0.0508324,1.44355
-0.434266,0.372396,-0.0115986,0.380341
0.659683,0.297233,-0.0778652,0.542134
-0.238627,1.37672,0.0354774,2.00857
0.448625,1.17293,0.18661,1.61783
-0.0920151,1.39831,0.00975615,2.01059
0.557726,0.868032,0.175383,1.10396
0.364666,-1.40389,-0.155721,2.14783
-0.603118,0.574648,0.11408,0.731223
0.503936,-0.476638,0.134754,0.53445
0.634326,1.24044,0.053501,1.95143
0.576611,-0.565972,-0.0719789,0.699116
0.484154,0.726577,-0.185442,0.804182
-0.515292,0.0234511,0.145949,0.314398
0.511245,0.730011,0.104669,0.84768
-0.469944,0.198258,-0.0229663,0.317359
0.546503,-1.23239,0.0443677,1.86213
0.452842,0.620351,0.16296,0.634153
0.368396,-1.24133,0.0233569,1.73354
-0.378057,0.306446,0.0939608,0.27228
0.562939,0.726835,0.0104311,0.898614
-0.458389,0.700482,-0.102879,0.752096
-0.369323,0.227085,0.0292025,0.222002
-0.474564,0.198498,0.162185,0.311686
0.599536,0.981103,-0.136963,1.35627
0.495503,0.956295,-0.145252,1.21058
0.439748,0.0676492,0.0455574,0.2516
0.125083,1.61111,-0.0296994,2.64576
-0.468715,0.313473,0.131318,0.367459
-0.322061,-1.32718,-0.133421,1.91382
0.520528,0.575454,-0.0275812,0.661778
-0.410481,0.414956,0.0899703,0.383275
0.484957,1.34505,-0.0515534,2.08854
-0.388281,-1.02709,-0.076242,1.24492
0.590429,-1.14384,0.135833,1.69211
0.335555,-1.56388,0.0815957,2.57611
-0.496859,-1.35689,-0.122729,2.12169
0.553268,-0.22759,0.190465,0.395533
0.485392,0.506505,0.0848499,0.547791
-0.645648,-1.20072,-0.0310987,1.86946
-0.47548,0.882227,0.119198,1.05698
0.459308,0.290922,0.0937084,0.349593
0.657837,-0.257309,0.0125901,0.520611
-0.585208,-0.791877,-0.102621,1.01204
0.490151,-1.35015,-0.136052,2.09735
0.430387,0.354626,-0.0702216,0.359288
-0.243933,1.29019,0.155639,1.74933
0.44628,-1.41759,0.0599433,2.25037
0.613839,0.819999,0.0781893,1.08837
0.473008,1.41461,0.11217,2.25362
-0.428317,0.0751554,0.173989,0.225751
-0.411197,1.17928,-0.0411816,1.62317
0.588402,0.331162,-0.0656755,0.501458
-0.597065,-0.321581,-0.085808,0.50307
-0.557687,-0.418097,-0.0627437,0.54037
-0.401767,-0.624565,0.0628908,0.594719
-0.425049,-0.7667,0.0146911,0.821594
0.47988,0.228036,-0.177953,0.325545
0.423869,-1.52097,-0.0530474,2.50486
-0.566179,-0.220414,0.0707481,0.41953
0.338378,0.968856,0.0437364,1.07294
-0.532474,0.144388,0.139171,0.353634
0.0366299,-1.58083,0.132826,2.5391
-0.352413,-1.1177,-0.105655,1.40548
-0.319781,-1.00569,-0.0572194,1.12255
-0.163957,-1.55143,0.134288,2.47618
0.0701833,1.48178,-0.117681,2.2522
0.385234,-0.904958,0.150816,0.996472
0.63673,-0.521139,0.0772723,0.705429
-0.683861,0.986192,0.0204728,1.44956
-0.559171,-0.832194,-0.00102711,1.0593
0.0343115,-1.52484,0.135459,2.37331
-0.354778,1.43837,0.0534502,2.24222
0.580458,-1.0394,0.100506,1.461
0.622627,0.25886,0.134675,0.482697
0.429023,-1.44951,0.122076,2.31614
-0.594069,1.14637,-0.161096,1.69507
0.103376,1.43438,-0.119558,2.11827
0.531909,0.340868,-0.0917669,0.452902
-0.46071,-0.519882,0.104964,0.534959
-0.534978,1.02071,-0.171154,1.37042
0.312202,-0.941006,-0.0306126,0.989342
0.177061,1.51676,-0.11849,2.3791
-0.510082,1.1313,-0.0561075,1.59761
0.607174,-0.708448,-0.0357855,0.910527
-0.0474607,-1.43925,0.118876,2.12176
0.595289,-1.32218,0.0777784,2.11247
-0.409821,-1.28027,0.0148522,1.86295
0.445127,0.284492,-0.172912,0.318871
-0.0681856,-1.31495,-0.0677589,1.7444
0.440534,0.314697,-0.0435984,0.346702
0.469039,0.880665,-0.0344484,1.05379
-0.451845,-0.0595363,-0.0056921,0.262779
-0.652927,-1.16068,0.0854735,1.78399
0.47604,1.07819,0.024061,1.44532
-0.0208134,-1.65038,0.0572083,2.74713
0.361595,-0.460196,0.072252,0.37163
-0.336919,1.29682,-0.126281,1.8452
-0.539633,0.0978595,-0.127819,0.349055
-0.541276,-0.734713,-0.144499,0.881677
0.36755,-0.972332,-0.117071,1.10705
-0.400353,-0.269547,0.0876735,0.273601
0.43945,-0.0562109,0.0809934,0.247337
-0.35461,-1.07026,-0.120591,1.29534
-0.411107,0.139669,0.134829,0.227791
0.552359,-0.434381,0.043351,0.548844
0.456429,-0.550521,0.0158721,0.56869
0.524856,-0.995205,-0.0166969,1.32744
-0.529085,0.850045,-0.0156735,1.06319
0.379568,-0.0487225,-0.0349841,0.184034
-0.617977,-0.796931,-0.0875107,1.05334
-0.364627,0.872365,0.0323902,0.926248
-0.454156,1.34012,-0.0981082,2.05032
-0.452311,-0.41588,-0.149403,0.421573
-0.0436776,-1.33122,-0.0289159,1.79214
-0.330846,1.44049,0.12486,2.23153
0.476216,-0.278163,-0.0468154,0.361206
0.102868,1.54463,-0.148058,2.44357
-0.606636,-0.139866,-0.126146,0.422809
-0.176615,1.58758,-0.0817025,2.58894
-0.291052,1.32215,0.0282704,1.88336
0.0695593,1.45471,-0.0276337,2.18423
0.56315,-1.0182,0.00376835,1.40622
0.448495,0.0732475,0.0910822,0.258303
-0.538511,-0.0843178,0.169789,0.340021
-0.260432,-1.33957,0.0460006,1.91616
-0.00499148,-1.60028,0.124729,2.59755
-0.576319,-0.700832,0.0784028,0.871941
-0.231812,-1.60119,-0.115275,2.63831
-0.45258,-1.13771,0.0113702,1.55684
-0.322562,1.50288,0.161739,2.39505
-0.303907,1.48071,0.172998,2.32313
-0.42064,0.313431,0.0302261,0.324432
-0.550225,-0.732652,-0.0499888,0.893697
0.388388,-1.36826,-0.0547069,2.07693
0.5433,-0.805192,0.178227,0.985665
0.146168,-1.51002,0.184442,2.34362
0.307735,0.745989,-0.0058816,0.654702
0.320468,1.43741,-0.0487333,2.22729
0.0489187,1.54982,0.109126,2.45268
-0.633971,0.891558,-0.0738559,1.2254
0.203939,1.56314,0.14256,2.52065
0.397599,0.263043,0.0156493,0.271561
0.39216,0.883796,-0.116832,0.970491
0.488639,-1.29903,-0.0682754,1.97029
-0.483104,0.824271,0.194204,0.953413
-0.505537,0.235023,0.111098,0.36692
-0.101466,-1.58718,-0.0111718,2.57128
0.37797,-0.558891,0.113789,0.486008
0.321872,-1.08062,0.0316577,1.29249
0.429705,0.430635,-0.152724,0.410564
0.455631,-1.12365,-0.145662,1.51883
0.59534,0.440439,0.156131,0.582156
-0.590907,-1.08636,-0.0342096,1.57395
-0.676939,1.03824,-0.0402706,1.54835
0.503834,1.44473,-0.0456678,2.35554
0.632079,-1.01202,-0.0830036,1.45201
0.68744,-0.205782,-0.0406709,0.521381
0.562137,-0.912441,0.0775806,1.19964
0.403778,-0.0204972,-0.170031,0.195307
0.546231,0.0929957,-0.178468,0.348257
-0.376883,-1.56009,-0.0748986,2.5871
0.363564,1.26529,-0.102921,1.78045
-0.649359,-0.282855,0.102575,0.523095
-0.551403,1.12945,0.03064,1.62987
-0.448753,-0.724776,0.0163584,0.78332
-0.499245,0.319472,-0.155993,0.399282
0.6794,0.485732,0.044957,0.708683
0.256356,-1.2582,-0.126298,1.67348
-0.0572797,1.64196,0.0207543,2.72597
-0.688454,0.152848,0.00782053,0.503501
-0.499825,0.0720675,0.177536,0.299035
-0.331111,0.604011,0.0878753,0.487497
-0.219629,1.24866,-0.0689219,1.62345
-0.427146,-0.839827,-0.0629196,0.938309
-0.619359,0.573204,-0.00675236,0.750339
-0.565311,1.00695,0.112482,1.38076
0.472388,-1.16709,0.153515,1.63442
0.38046,-1.43798,-0.166001,2.24979
-0.652783,0.421905,0.119172,0.621374
-0.524309,-0.628069,0.148831,0.718028
-0.512243,1.25598,-0.098539,1.88709
-0.389442,0.015666,0.034004,0.193416
0.319254,0.34714,-0.0855132,0.229742
0.359348,-0.423334,-0.0285193,0.337437
-0.61301,0.94572,0.0245617,1.30903
-0.346842,0.00155658,-0.0558512,0.143048
-0.412734,1.45782,0.0800377,2.33047
-0.202545,-1.49672,0.170762,2.32411
-0.516378,-1.10211,0.0775515,1.53371
0.4342,-0.595081,-0.138794,0.587107
-0.50795,1.32985,0.149085,2.05744
0.441344,1.36956,-0.098014,2.11316
0.480616,1.19599,0.0278767,1.71894
-0.404658,-1.37043,0.0615011,2.09274
0.610386,0.563496,-0.0578422,0.730665
0.400812,0.991266,-0.170813,1.17373
-0.661303,0.740927,-0.050158,1.00703
-0.337398,-1.53115,-0.115257,2.48635
-0.133282,-1.37304,0.0255159,1.95152
0.400645,-0.844858,0.166286,0.905658
0.407773,-1.14907,-0.112848,1.53333
0.67417,1.12663,-0.0192675,1.73191
-0.194537,1.6243,0.000874591,2.69882
0.512492,0.47715,-0.133779,0.541922
-0.474611,-1.23157,-0.0612088,1.79418
0.60616,0.43271,-0.0248033,0.596806
0.188717,-1.49685,-0.180294,2.31927
0.0854894,1.35263,-0.00315806,1.87402
-0.0490791,1.53924,0.0824779,2.42042
0.277223,-1.31728,0.101481,1.85996
-0.13714,1.38017,0.114377,1.96493
-0.633422,0.773144,0.0103525,1.03217
0.410871,0.972925,0.0376127,1.16318
-0.683221,-0.180636,0.0366136,0.50841
0.13062,-1.31911,-0.11073,1.77305
0.118682,-1.42707,-0.113645,2.10022
0.666166,-0.0213749,-0.00908909,0.462579
-0.4261,-0.311975,0.136814,0.321821
0.642046,0.233776,0.092463,0.492875
-0.561126,-0.131824,0.135899,0.378167
-0.351438,-0.83465,0.0159546,0.847825
-0.623682,1.0864,0.0768871,1.60036
0.450075,0.804229,0.0565303,0.905037
-0.519894,0.376519,-0.111358,0.464411
0.433422,0.164611,0.13397,0.259107
0.485332,-0.22818,-0.0721131,0.344698
0.448222,0.596584,0.0717222,0.614386
0.385595,-1.26756,0.0952699,1.81032
0.0677279,-1.53971,-0.161428,2.42056
0.417233,1.26266,0.0139968,1.82967
-0.174152,1.40917,0.0486971,2.07537
0.629615,-0.304014,-0.108686,0.517573
-0.472854,-0.234603,-0.123712,0.331956
0.5608,0.866965,0.108961,1.11688
0.363367,-1.33508,0.0719542,1.97072
-0.50507,0.558579,-0.0376924,0.625114
0.430069,1.14112,0.19143,1.52558
-0.48951,0.214654,-0.0340325,0.344509
0.563684,0.246398,0.0527926,0.429921
-0.417402,-0.30616,0.143247,0.306248
-0.206814,-1.37773,-0.00308626,1.99953
-0.508895,-0.321824,-0.166597,0.409384
0.667388,0.568794,0.0127743,0.786192
0.418868,-0.329904,0.108761,0.328057
0.614303,-1.31204,0.0164767,2.10523
0.519449,-0.922735,0.0655683,1.18222
0.54457,-0.000420098,0.121788,0.345828
0.617856,0.0155709,0.13886,0.411424
-0.569846,-0.889069,0.0553533,1.16584
0.492647,-0.280807,0.162457,0.369496
-0.0286997,-1.43405,-0.0173973,2.11071
-0.288645,1.49331,0.0869145,2.3598
-0.137379,1.40004,0.167037,2.01638
0.444708,0.537491,0.158427,0.529708
0.49293,0.973875,0.0557297,1.2533
0.457431,-1.31299,-0.181596,1.97257
-0.5886,-0.57451,-0.0230721,0.724319
0.433439,-0.969495,-0.126813,1.1733
0.445866,0.0161257,0.108251,0.249655
-0.354882,0.657707,-0.028128,0.586613
-0.592488,-0.260098,-0.146373,0.45545
0.543634,0.585421,-0.11721,0.690156
-0.655653,-0.560364,0.0154411,0.766689
0.391482,-1.11632,-0.016487,1.44464
0.519993,-0.302305,-0.182703,0.404122
-0.477197,-0.496016,-0.0583732,0.52946
0.464916,-0.851813,0.0975944,0.995006
-0.0477697,-1.42633,-0.0515108,2.09367
0.638173,0.747851,0.120486,0.990385
-0.42921,-0.952125,0.0569701,1.14391
-0.444855,-0.994864,0.0343188,1.24243
0.318854,-0.0842384,0.0774662,0.116601
-0.434868,1.41418,-0.131611,2.22371
0.534345,0.422923,-0.129042,0.514174
0.54009,0.876158,0.130921,1.1071
0.479108,0.943352,-0.10589,1.17489
-0.347319,1.24304,0.0464484,1.71871
-0.497508,0.689988,0.169866,0.767842
0.46496,-0.401056,-0.159198,0.423073
-0.581642,0.487789,-0.113151,0.618428
-0.549053,0.558941,-0.134927,0.660834
0.391632,-0.337864,0.0384028,0.311859
0.544467,-0.102105,-0.143961,0.354007
-0.624932,0.266029,-0.0495051,0.496946
0.476033,-1.33125,-0.0415836,2.04471
0.542928,0.176471,0.161828,0.370604
-0.11481,-1.55311,0.144681,2.46965
0.60191,-0.552343,-0.0106778,0.713645
0.312286,1.46958,0.0994293,2.30504
-0.126831,-1.46318,-0.0441983,2.22033
0.457408,-0.464602,0.069717,0.48213
-0.52309,-0.219736,-0.19717,0.361649
-0.146332,1.34761,-0.0273489,1.87811
0.485756,-0.237943,0.129951,0.344116
0.635174,-0.959095,-0.116196,1.35008
0.59842,0.626727,0.151637,0.784719
0.0563485,1.51119,0.0144508,2.34559
0.255542,1.31328,0.0306546,1.83966
-0.405694,0.883376,-0.123303,0.981449
0.635123,0.431557,-0.100842,0.615542
0.348164,-1.30444,0.11952,1.876
-0.419794,-1.29169,-0.1209,1.89779
-0.502755,-1.2946,-0.160475,1.96623
-0.667389,-0.328185,0.0285047,0.570644
-0.0899897,-1.30898,-0.0830248,1.73087
-0.328536,-0.454631,-0.0513255,0.328916
-0.683504,0.873593,-0.00504494,1.24007
-0.570033,-0.403668,0.181316,0.524532
0.235159,1.43955,-0.157309,2.17629
0.137619,-1.49426,0.0218507,2.30734
-0.575749,1.03684,0.0139687,1.45326
0.554024,1.40769,0.00143079,2.29569
0.412078,0.0858874,0.0621315,0.22348
-0.391639,1.20758,-0.115512,1.66162
-0.0256066,1.56856,0.142528,2.50484
-0.549172,0.480246,0.0093753,0.588626
-0.418992,-0.11565,0.0605019,0.236874
-0.409956,1.48915,-0.0207671,2.41568
0.631138,-1.02306,0.106962,1.47311
-0.398988,-0.46699,0.0636165,0.420121
-0.625012,0.790812,-0.0702696,1.04899
0.433692,0.725237,-0.181646,0.75109
-0.521852,1.12744,-0.0874555,1.59602
-0.389552,1.07157,-0.155933,1.3321
-0.183847,-1.29731,0.0835812,1.739
0.333518,0.990604,-0.109437,1.10502
0.318323,1.01395,0.0725203,1.13882
0.642817,-0.814412,0.0123516,1.10615
-0.375228,-1.4823,-0.114102,2.37226
0.433402,-0.548911,-0.179836,0.526286
0.559561,0.139436,0.122154,0.379015
0.66818,0.872835,-0.0417925,1.22558
0.426656,1.13223,-0.0756736,1.51638
0.423891,-0.917304,0.150204,1.06238
0.579127,0.222044,-0.102171,0.428109
-0.325992,1.42348,0.180355,2.17339
-0.56918,-1.24076,0.0653961,1.89902
0.657398,0.0679023,-0.0624702,0.458687
0.598806,-0.206032,0.0754236,0.444207
-0.529224,0.475816,-0.1658,0.552636
0.365782,0.422686,0.143832,0.33513
0.517418,0.541361,0.191292,0.601598
-0.306087,-0.249406,0.0422625,0.158606
-0.362148,-0.532626,-0.0772003,0.445329
0.0580884,1.54073,-0.168714,2.41818
-0.0943671,1.61981,0.110513,2.66127
-0.379763,-1.08027,-0.101662,1.34656
-0.237632,-1.53161,-0.102037,2.4435
0.320549,0.934226,-0.0676888,0.984322
0.413204,0.435726,0.105795,0.404936
0.371554,0.621423,0.00612251,0.558634
-0.328613,-1.43703,0.0229848,2.22562
-0.408976,-0.892526,-0.0729697,1.00832
0.200463,-1.54179,0.131506,2.45744
0.428338,0.701199,0.128934,0.718939
0.529421,-0.872849,-0.0381574,1.09826
-0.125747,-1.66061,0.070653,2.78486
0.4845,-0.766031,-0.0805373,0.879447
0.500355,0.292744,0.129634,0.388199
0.44399,0.328838,0.100521,0.355691
0.403365,0.0170861,-0.0836012,0.206881
-0.108625,1.41302,0.0197854,2.06165
-0.421311,1.10529,-0.0277353,1.45885
-0.383262,-0.621661,0.0630861,0.569927
0.334196,0.350629,-0.049493,0.252344
-0.446008,0.783913,0.109313,0.861411
0.110429,-1.64038,0.0662609,2.72625
0.473634,0.437249,-0.0334383,0.474786
0.129105,1.38835,0.0237661,1.99421
-0.401585,1.0254,0.0436934,1.25789
0.116199,1.35326,0.134283,1.87189
0.251772,1.52002,0.133189,2.41475
-0.298605,1.48807,0.122102,2.34935
-0.335701,1.44419,-0.0332596,2.25083
-0.510947,0.00366689,0.112586,0.31386
0.552087,-0.791434,0.15551,0.97316
0.5791,0.0811653,0.142206,0.383433
0.391031,0.111104,-0.0682953,0.204622
-0.603888,1.19836,-0.050837,1.82933
0.212111,1.37711,-0.139041,1.98229
0.683364,-0.631004,-0.0282185,0.872729
0.376766,-0.461288,-0.11194,0.385567
0.0131326,-1.6369,-0.119336,2.70341
-0.382552,1.41206,0.17818,2.18022
-0.310185,-1.55046,0.150019,2.52294
-0.580582,0.510784,0.125309,0.641015
-0.568549,-1.07324,0.0389436,1.52254
-0.517001,-0.484454,-0.186794,0.544152
0.393316,0.73791,0.010184,0.746224
-0.476012,0.0565381,0.0849804,0.285496
-0.316145,-1.32011,-0.0488325,1.89727
0.507249,-1.28477,0.0539538,1.95126
-0.356452,-0.0952526,-0.0637692,0.163864
0.494234,1.47732,-0.0243648,2.43186
-0.612295,-1.20459,0.129874,1.84602
-0.374496,0.447354,0.00336556,0.376843
0.261908,1.36992,-0.0638531,2.00412
0.344709,0.489799,0.00876983,0.381983
-0.486484,0.232004,-0.0170488,0.353006
-0.470404,-0.258888,-0.186168,0.329799
0.425389,-1.43934,-0.10179,2.28539
-0.452541,1.22731,0.0386449,1.77226
0.152101,1.33833,-0.086626,1.84917
0.184066,-1.26676,-0.0683309,1.65031
0.609274,1.3054,0.0790442,2.08254
-0.625545,-0.570609,-0.11603,0.747035
-0.507766,-0.978195,-0.167377,1.26237
-0.463811,-0.416563,-0.0863856,0.442339
-0.636902,0.489657,-0.131061,0.669088
0.593347,-0.323473,-0.124883,0.49604
-0.33298,1.32597,-0.0467571,1.92777
0.414457,-0.88593,-0.0623842,1.00344
0.339301,-0.553913,0.116145,0.436201
-0.596895,-0.824621,0.022296,1.08351
-0.421386,-0.0848792,0.17733,0.219543
0.439061,0.933297,0.0529687,1.11897
-0.392884,-0.597622,0.062686,0.550991
0.549488,0.515336,-0.189275,0.605193
0.329701,-0.542201,-0.0823508,0.415226
-0.508581,0.01334,0.107021,0.312007
0.495836,-0.424094,0.00462491,0.486632
-0.5506,-0.166309,-0.034898,0.386413
0.530906,-1.11282,-0.143902,1.57093
0.468571,-0.696447,0.0135903,0.759894
-0.52005,-1.07675,-0.00483911,1.48775
-0.0662817,-1.61778,-0.110199,2.65146
-0.378741,0.269068,0.0325052,0.252865
0.514943,-1.07515,-0.0197548,1.47924
-0.446183,-0.862432,-0.0280571,0.99868
0.151719,-1.58114,0.0273298,2.56772
0.616487,-0.344301,-0.137096,0.529213
0.37535,0.533185,0.0953829,0.458116
-0.425727,1.06931,0.131368,1.36821
0.45152,-0.0466575,-0.11381,0.255775
0.502674,0.858386,0.110559,1.03958
0.433273,-0.503246,0.00336743,0.496844
-0.410285,0.355097,-0.0201833,0.341969
0.531583,-0.681766,0.0145536,0.807692
0.528883,-1.24033,-0.0364134,1.87042
0.33135,-1.20837,-0.0505252,1.61416
0.477807,-1.34789,0.0277948,2.09011
0.630687,-0.826764,0.108296,1.1095
0.588677,-1.11887,0.0592494,1.63905
-0.0466015,1.49006,-0.0412617,2.28045
0.391036,0.43409,0.164043,0.370144
-0.562755,-0.126992,-0.0215152,0.386934
0.3981,1.51334,0.0369011,2.47402
-0.364084,0.89253,-0.0558401,0.961438
-0.486327,1.22081,-0.196636,1.76595
0.0153124,1.66752,0.0183645,2.7976
-0.45428,0.649041,0.150288,0.672797
-0.39228,-1.44771,-0.0144429,2.29381
-0.437807,1.39252,0.101382,2.17149
-0.603507,0.413489,0.00567239,0.578541
0.285713,-1.30191,0.0460585,1.82719
0.536916,-0.331338,0.0483887,0.454148
0.510238,-1.10737,0.0320833,1.5442
-0.650156,0.4612,-0.0576724,0.659796
-0.005623,1.50975,0.112353,2.33405
-0.64664,-1.13423,0.0125722,1.72439
0.112233,1.54092,-0.100055,2.43714
-0.0120176,1.52168,-0.0523606,2.37725
-0.479543,-0.0879397,-0.0294168,0.296461
0.372886,-0.107825,0.0263849,0.186309
-0.366827,-1.53085,-0.072619,2.50071
0.595136,-1.16939,0.053759,1.75717
0.475286,0.383707,0.152192,0.420505
-0.616579,0.665734,-0.139397,0.853905
-0.357091,-1.37085,-0.120657,2.05766
-0.572995,0.915258,0.167443,1.20436
-0.488838,0.980462,-0.0603255,1.25574
-0.501167,0.951895,-0.0258606,1.21696
-0.384688,1.49357,0.0443221,2.41248
-0.506478,-0.825574,-0.0905793,0.992806
-0.46841,-1.50991,-0.00646464,2.50453
0.59718,-0.305809,0.0878645,0.492678
-0.663134,0.290527,-0.0300516,0.54347
-0.324453,-1.37859,0.122253,2.05827
-0.519926,0.230992,0.162119,0.37169
-0.445278,-0.433385,0.124161,0.433323
0.490286,-0.869354,-0.11995,1.04753
0.187195,1.64959,-0.0809648,2.76617
-0.446388,1.19675,0.153659,1.67984
-0.334265,-0.714447,-0.0877356,0.637077
-0.539473,0.0722515,-0.0525794,0.351224
-0.451102,-0.842765,0.0513924,0.970772
-0.549129,-1.07021,-0.030337,1.50336
0.248311,-1.51773,0.11012,2.41248
0.584,1.12084,-0.160713,1.63107
0.556432,0.450043,-0.0539482,0.567092
0.573559,-0.245423,0.0862171,0.43881
-0.450587,0.459022,-0.047519,0.470923
-0.61233,-0.0361297,-0.075455,0.414438
0.602547,1.01202,-0.167883,1.41709
0.644592,-0.642958,0.10237,0.851848
0.562977,0.782625,-0.0828311,0.979064
0.346795,0.506906,-0.0491579,0.400112
-0.467032,1.23079,0.166425,1.77727
-0.541862,0.198686,0.0903406,0.387173
0.261937,1.60174,-0.0230134,2.65712
-0.596416,-0.189954,-0.0739451,0.436156
0.480828,-0.0176789,-0.098097,0.28566
-0.693419,0.596101,0.0141851,0.839496
0.397426,-0.659217,-0.118161,0.630368
-0.602723,-0.071154,0.0642151,0.411154
-0.471951,0.0224699,0.0501177,0.281626
-0.569777,0.0347582,-0.0956083,0.374913
-0.0128951,1.32291,0.0783312,1.76025
0.591731,0.518602,-0.0613085,0.665562
-0.640229,-1.21948,0.00612894,1.90911
-0.403473,-0.850219,-0.144835,0.921025
-0.543376,-0.882408,-0.0969855,1.12394
0.550294,0.538225,0.132624,0.639877
0.514016,1.04065,-0.0253701,1.40888
0.558032,1.17034,0.0599373,1.72729
0.487944,-1.3795,0.13107,2.16848
-0.143826,1.60653,-0.138782,2.6291
0.591688,-0.998045,0.0233027,1.39074
0.414124,1.23643,0.000323795,1.76002
0.475801,1.09389,-0.143591,1.47509
0.432837,1.04743,0.0254707,1.33721
0.411032,0.467427,0.12465,0.427838
-0.215698,1.56145,0.122677,2.52145
0.597092,0.359795,-0.0634917,0.529787
-0.34026,1.36018,0.0380949,2.02618
0.627005,-0.175179,-0.0635685,0.456991
0.660393,-0.81607,0.0337754,1.12407
0.542332,0.481771,-0.00544023,0.583449
0.57919,-1.29655,-0.0707283,2.03801
-0.50917,-1.12745,0.189939,1.57137
-0.365619,1.23801,-0.173919,1.70452
0.380671,1.35046,-0.188702,2.01079
0.397324,-1.45295,0.0930122,2.30925
-0.0882675,-1.51586,0.054235,2.36365
0.402828,-0.226714,0.110158,0.25411
0.170121,-1.40607,-0.0782946,2.06013
-0.457111,1.13218,0.13805,1.53969
0.278923,-1.29336,-0.016939,1.79787
-0.523805,-0.397728,-0.094678,0.488364
-0.390256,-0.0253785,0.0969299,0.190313
-0.114429,-1.4795,0.100086,2.25861
-0.143159,1.37819,-0.129178,1.95752
-0.0293441,1.48181,0.0482604,2.25608
-0.424217,-0.180246,-0.144335,0.252321
-0.509783,1.13506,-0.00480792,1.61236
0.306505,0.934632,-0.0423101,0.969987
-0.436764,1.20352,-0.0828214,1.69664
0.0237788,-1.40596,-0.126481,2.01534
-0.610795,-1.02048,-0.0965311,1.45167
0.530403,0.00283881,0.0910713,0.335597
-0.304353,0.848206,0.0190382,0.814821
0.45702,-0.404658,0.0457399,0.426967
0.571015,0.642962,-0.091861,0.788412
-0.58467,-0.876485,-0.136982,1.14916
-0.386697,-0.290137,0.00144982,0.274474
0.40947,0.735273,0.147543,0.745127
-0.648551,0.386216,-0.132856,0.587729
0.397057,1.12068,0.0995673,1.46001
0.530931,1.20417,-0.0397324,1.78189
-0.584372,0.102531,-0.00484432,0.401845
-0.684878,-0.675146,0.0608096,0.931393
0.318104,0.0406978,-0.0412843,0.11239
-0.52441,-0.707852,0.145779,0.823702
0.538539,1.30263,-0.0145708,2.02164
-0.52411,0.972996,-0.050813,1.27784
-0.641409,0.320714,-0.00967839,0.543956
-0.237032,-1.37058,-0.143029,1.98111
0.648162,-1.06844,-0.0731127,1.58487
0.0205932,1.55395,0.162106,2.45542
-0.341624,1.04447,0.117328,1.22511
-0.152245,-1.36249,-0.0842746,1.91917
-0.00509941,-1.67775,-0.0338209,2.82735
0.490446,0.953049,0.127153,1.2001
0.491333,0.923962,0.0927591,1.149
-0.605702,1.33735,-0.0140541,2.15938
0.656824,0.71656,-0.0595944,0.967577
-0.460291,0.144707,-0.0832451,0.288362
-0.299594,-1.59429,-0.0592623,2.64681
-0.599409,-1.20413,-0.0292033,1.83995
0.570348,0.411594,0.0841129,0.542556
0.159512,-1.55719,0.150291,2.48948
-0.567047,0.910642,-0.119767,1.19867
-0.475414,-0.300306,0.148146,0.365062
0.375558,0.758294,-0.044753,0.749155
-0.1874,1.36043,-0.00725277,1.93198
0.379515,-0.943072,0.139974,1.06263
0.675073,0.24947,-0.0248453,0.531951
-0.64577,1.24314,0.0182411,1.96892
0.198641,-1.50498,-0.00944135,2.36396
0.128268,-1.65243,0.113132,2.75979
-0.531959,1.30398,0.156195,2.0127
0.545554,0.699763,0.0963514,0.835774
0.260873,-1.44356,0.0120869,2.21482
-0.583768,0.550916,0.0390179,0.691897
-0.312854,0.743246,0.0383879,0.657305
-0.467576,1.22869,0.168988,1.77439
-0.435284,0.574373,-0.0733325,0.569892
0.603707,1.24978,0.0317473,1.95049
0.349007,-1.46572,-0.0298426,2.31514
-0.461286,-0.937398,-0.0756331,1.14696
0.328198,1.32868,0.148463,1.92225
-0.636442,-0.453724,0.074945,0.640464
0.520589,1.34574,-0.153835,2.1068
-0.448361,0.487094,0.150621,0.482704
-0.662635,0.750375,-0.0332773,1.02283
0.655646,-0.451754,-0.0243744,0.657067
0.423806,1.16841,0.114462,1.59681
0.598257,0.922425,0.0730129,1.25211
-0.225719,-1.5395,-0.0440211,2.46867
-0.235244,-1.54322,0.0973514,2.4746
0.446222,-0.921358,0.0444802,1.10588
-0.159843,1.27492,0.0103266,1.66329
0.52438,0.913031,-0.0401728,1.16751
-0.261551,-1.29053,0.099321,1.77194
0.0758012,1.48934,0.0908178,2.2801
0.586826,-0.664935,-0.141536,0.825404
0.048804,-1.47395,0.120708,2.22872
0.56054,1.3715,-0.00616453,2.20919
0.238347,-1.51413,0.173602,2.38873
0.595833,-0.337599,-0.0468827,0.515872
-0.418492,0.0628168,0.138183,0.218958
-0.476994,-1.09395,-0.166277,1.47039
-0.649872,1.16102,0.0175499,1.78578
0.505489,-0.0375774,0.192493,0.298251
-0.497705,-0.468904,0.144501,0.517791
-0.497606,-0.301566,-0.0876084,0.394427
-0.436131,1.06739,-0.025141,1.38407
-0.367285,-0.425695,0.0565395,0.347822
-0.466897,0.436709,0.136689,0.457273
0.471853,0.900412,0.11237,1.08553
-0.383087,0.77729,-0.0990387,0.784509
0.382848,-0.171391,-0.0869376,0.212136
0.345098,0.867515,0.0421229,0.894172
0.250213,-1.36697,-0.155699,1.97455
0.417071,-0.187337,0.128079,0.250258
-0.542009,1.33969,-0.0447239,2.11934
0.69632,0.462202,0.0362943,0.699966
0.520292,0.569379,-0.0558488,0.653472
0.498733,0.145065,0.0476147,0.33002
0.511941,-0.736491,-0.150281,0.853525
0.410799,0.544281,-0.0570199,0.510416
-0.618202,0.638235,0.0639834,0.82646
-0.138546,1.52412,-0.0480306,2.39604
0.547868,0.821382,0.0433958,1.0312
0.0114057,-1.36856,-0.147612,1.89602
-0.621429,0.591117,-0.13167,0.764766
-0.565152,1.04588,0.0721499,1.46058
-0.550395,-1.38456,-0.00404742,2.23449
0.322896,0.365881,-0.0127252,0.249213
0.603452,-1.17578,-0.0637151,1.77961
0.559391,-0.468065,-0.133501,0.578069
0.666901,1.06925,-0.058027,1.60185
-0.34791,-0.0256108,0.0421971,0.145555
0.451068,-0.733823,0.139008,0.789171
-0.364824,-0.255299,-0.0219565,0.23057
-0.405477,-1.44256,0.0751204,2.28379
0.319467,-0.536169,0.0307222,0.400377
-0.659097,-0.884105,0.0174955,1.23687
0.516881,-0.977932,0.104032,1.27391
-0.609251,0.453493,0.117314,0.610783
-0.606882,0.193443,0.163198,0.435335
-0.544169,0.37213,0.0372791,0.490521
-0.473621,-1.1238,0.0970682,1.54207
0.356728,-0.540663,0.0361482,0.447336
-0.618705,0.689862,0.13049,0.889313
0.445972,-1.03362,-0.0740232,1.32344
0.411536,0.239805,0.140104,0.265861
-0.505246,0.801552,-0.028233,0.958287
0.642014,1.0133,-0.0217013,1.46764
-0.613738,-0.368866,-0.156858,0.540895
-0.475842,-0.954825,0.16857,1.1825
0.42608,-0.126128,-0.134988,0.239485
0.476063,0.863886,0.00148998,1.03366
0.378915,-0.745503,0.112387,0.730106
-0.384769,-0.202854,0.0562087,0.228041
-0.678793,1.0208,-0.000779448,1.516
0.545079,-0.322308,-0.0369704,0.457107
0.442046,-1.40791,0.0700931,2.22028
-0.179116,1.27617,-0.0261924,1.67677
-0.166064,-1.5325,0.0601828,2.42117
-0.636902,-0.23991,0.0501514,0.494073
0.361566,-1.2276,0.0358142,1.68761
-0.399941,0.125968,-0.0606708,0.218122
0.361058,-1.18059,0.114639,1.56573
-0.246641,-1.30439,0.161198,1.79178
0.370276,-1.52031,0.103915,2.47386
-0.483073,0.96834,0.158097,1.21782
0.459773,-1.16412,-0.0131301,1.6228
0.478232,-1.00883,-0.122843,1.29677
-0.256478,-1.55087,0.0451921,2.50997
0.668432,0.856637,0.0292153,1.19938
-0.477824,0.89298,-0.0164781,1.08386
0.384167,1.35756,-0.0240808,2.05137
-0.661552,-1.0415,-0.00636011,1.54097
0.327987,1.35833,0.092969,2.00721
-0.479188,0.853608,-0.183321,1.00125
0.310696,0.247137,0.0152605,0.163386
0.120314,1.64759,-0.0111088,2.74897
-0.457523,-0.716776,0.121312,0.777028
0.674437,0.469858,0.0828678,0.686357
-0.0788278,1.53361,0.191155,2.39667
-0.60931,0.502641,-0.0336196,0.66587
0.579202,-0.725242,-0.0755065,0.909019
-0.0231315,1.49062,-0.0922312,2.27641
-0.388312,-0.809615,-0.0795645,0.845959
-0.592574,-0.415189,0.00808931,0.570551
-0.499392,-0.0982588,-0.0145489,0.320768
-0.374136,-1.37394,0.164651,2.07402
-0.170858,-1.5754,-0.00717032,2.55171
-0.0417614,-1.3089,0.036377,1.7227
-0.587695,0.631956,0.0517294,0.793491
0.2183,1.50704,0.114385,2.37102
-0.537354,-1.27067,0.0778544,1.94366
0.366866,-0.607146,0.0108399,0.53715
-0.343108,0.583104,-0.118934,0.473408
0.540859,0.00311284,0.139222,0.339611
0.444579,0.813958,0.0893951,0.910203
-0.615081,0.705465,0.0578515,0.916959
0.625112,0.832238,0.0806975,1.1139
-0.530254,0.490505,0.0238061,0.578887
0.125084,1.41066,-0.0443768,2.05945
0.609848,0.426782,-0.0157961,0.59462
0.357818,-0.563013,-0.106722,0.468818
-0.38114,1.2903,-0.0510944,1.86723
-0.363803,0.505444,-0.0136711,0.419467
-0.284757,1.25841,-0.0830529,1.70391
0.460617,0.17314,0.0416472,0.299048
0.538184,1.0641,-0.165266,1.46585
0.498497,0.807751,-0.010942,0.962631
0.62151,0.743239,-0.12395,0.96878
-0.467047,0.897976,0.092657,1.07876
0.362027,-1.03374,0.117293,1.22584
0.477169,-0.296322,-0.144179,0.364722
0.557323,0.0719371,-0.122054,0.363173
0.585091,-0.651007,0.158315,0.801627
-0.626808,0.456506,-0.0344112,0.637174
0.43398,0.182882,0.118874,0.267366
-0.471287,-0.786544,-0.148246,0.888196
0.347096,-1.02743,-0.124427,1.19385
0.449226,0.867633,-0.142801,1.00037
-0.354903,-1.4324,-0.179255,2.21608
-0.211921,1.6574,0.0367408,2.7961
-0.554673,1.13007,-0.00395372,1.63171
0.620446,-0.959938,-0.125834,1.33521
-0.342056,0.530936,-0.0904658,0.418519
-0.38896,0.364148,0.0102632,0.326146
0.519444,-0.558764,-0.107305,0.634292
0.502085,-0.181851,0.0319045,0.347506
0.603602,-0.253534,0.0628566,0.470033
-0.43981,-0.366358,0.103525,0.377289
0.664617,0.389908,-0.0997923,0.608157
-0.559536,1.32937,-0.0990213,2.10186
-0.443315,-0.478332,-0.104028,0.475958
-0.622843,-0.317167,-0.0226791,0.526332
0.32747,-0.778395,0.00101551,0.728953
-0.142216,1.43598,-0.0582313,2.13875
0.418679,-0.49344,0.135414,0.460269
0.339749,0.738293,0.11192,0.675645
0.346055,0.0996776,0.10024,0.149246
0.366813,-0.213326,-0.00448595,0.213639
-0.342909,-1.52271,-0.148546,2.46091
0.375261,-0.0575689,-0.11643,0.173885
0.584619,0.989958,-0.168016,1.35756
0.588811,1.09595,-0.132477,1.58569
0.332938,-0.692709,-0.0304677,0.607825
0.474468,0.386941,0.126579,0.426552
0.381965,-1.21448,-0.00425019,1.67631
-0.679244,-0.978048,0.0157479,1.42958
0.423694,0.697018,-0.154559,0.703873
-0.335391,0.889465,-0.0640657,0.921278
0.593297,0.861655,0.130873,1.13332
0.0825934,-1.45492,0.0906355,2.17371
0.624605,1.23308,0.00778832,1.92694
0.460057,1.25512,0.0763428,1.84416
0.432997,1.15077,-0.102271,1.56396
-0.572481,1.01173,0.152297,1.39243
-0.180661,-1.54772,-0.162203,2.46657
0.170693,-1.4911,-0.0349245,2.31078
0.619434,-0.240511,-0.0370927,0.481187
0.636366,-0.166117,-0.0113789,0.464619
-0.383159,-0.927032,-0.0678282,1.04197
-0.388652,1.27242,-0.196334,1.80974
0.562495,0.245731,-0.0874816,0.426269
-0.677803,-1.06558,0.0608208,1.60323
0.44666,-0.731486,-0.0774176,0.787023
-0.380903,1.14466,0.0914792,1.49967
-0.4114,1.18674,-0.119015,1.63259
0.54781,0.623651,0.00816714,0.742193
0.397283,1.3248,-0.119037,1.96471
-0.621933,-0.468553,-0.0239207,0.644351
-0.247319,-1.44592,-0.0377179,2.21328
-0.346847,1.51969,0.149489,2.45521
0.570156,-0.0669579,0.123332,0.374811
0.551856,-0.289505,-0.0656858,0.441028
0.344704,1.33036,-0.0924535,1.94502
0.417131,1.43695,-0.161733,2.26942
0.48992,-0.697055,0.144456,0.774939
-0.619451,-0.2818,-0.0455326,0.501448
0.511948,1.2005,-0.0737255,1.75779
-0.469112,0.600052,-0.0222697,0.636864
-0.678217,0.124897,0.0483296,0.486358
-0.382745,-0.163129,0.118355,0.204604
-0.567697,-0.478973,-0.0924259,0.599818
-0.595361,-0.113163,0.0523261,0.413501
0.406148,1.40207,0.172407,2.16823
0.574067,1.16733,0.0873613,1.73476
-0.242485,-1.42453,0.0631816,2.14636
-0.41374,-1.33677,0.0234302,2.01351
0.487583,0.821018,0.0288693,0.970945
-0.357971,-1.33436,0.176919,1.95309
0.448354,0.720278,0.179531,0.759852
0.191153,1.45805,-0.131154,2.2156
-0.454392,-0.678134,0.137675,0.714499
-0.357148,1.4,0.138192,2.13448
0.349541,1.54986,0.0322488,2.54534
0.622816,0.697859,-0.0546405,0.909555
0.288327,1.13965,0.00591529,1.39473
-0.621212,0.37976,0.0340847,0.567359
0.432136,-1.16948,0.141628,1.6015
-0.295316,1.40539,-0.0930699,2.11744
-0.522591,-0.0443874,0.168888,0.31969
0.443874,0.20948,0.0674779,0.294117
0.540731,-0.115857,-0.0346808,0.361822
0.528628,0.164347,-0.00469943,0.366581
-0.444517,0.276797,-0.110467,0.320967
0.468733,-0.590676,-0.154416,0.615853
0.142356,-1.30618,-0.111018,1.7408
0.638792,-0.474188,0.0975165,0.658676
0.332145,-0.0280772,-0.0268509,0.128203
-0.619365,1.01919,0.0417793,1.4606
0.468835,0.813715,0.168033,0.925333
-0.541759,-1.10294,0.126619,1.55667
-0.609219,-0.413955,0.0795909,0.581641
-0.480984,-0.574323,-0.0584517,0.620706
-0.0596404,1.64378,0.014454,2.73016
-0.0772275,1.62414,-0.108413,2.67177
-0.438293,-0.577765,-0.0910418,0.575889
-0.165193,-1.58143,-0.14882,2.55984
-0.317647,-0.146048,0.0476267,0.131421
-0.506981,0.219788,-0.0278964,0.364074
0.422348,1.12017,0.0625789,1.4841
-0.575622,-0.845173,-0.0702449,1.09315
0.501133,0.593389,-0.170579,0.649398
-0.323174,0.267561,0.0403351,0.18839
0.551984,-0.117613,0.0534702,0.372845
-0.477089,0.730821,-0.0205667,0.818223
-0.475747,-1.35011,-0.103221,2.08894
-0.526527,-0.228588,0.0779081,0.385872
-0.623865,-0.0361051,-0.0700765,0.425084
0.611352,-0.264693,-0.0312127,0.485503
0.526805,1.09612,-0.189398,1.51924
0.403972,-0.581268,-0.157014,0.535492
0.631322,-1.11212,0.116732,1.65798
0.389249,-1.19357,-0.173548,1.61393
-0.582748,-0.843258,0.106411,1.09362
-0.0229919,-1.5276,-0.117917,2.38622
-0.354028,0.353052,-0.022001,0.278033
0.335352,-0.982266,0.074923,1.09332
0.402775,1.36728,-0.143792,2.07639
-0.640999,-0.0524877,0.00426193,0.444492
-0.0840521,1.46018,0.047211,2.19488
0.524612,-1.4014,0.055067,2.25751
-0.524423,1.09087,-0.0295465,1.52591
-0.0757037,1.58594,-0.0709408,2.56824
0.258981,-1.50094,-0.0401373,2.37321
0.402004,0.807494,-0.134412,0.850437
0.0176686,1.36862,-0.070274,1.90631
0.630114,1.28485,-0.0435207,2.05157
-0.387753,-1.31457,0.136444,1.92946
0.591488,0.657659,0.116916,0.824862
-0.630798,0.827434,-0.128668,1.10912
-0.462995,0.39881,-0.155666,0.41883
-0.431599,-0.759549,-0.0528153,0.815093
-0.527506,-0.73576,0.049769,0.878679
0.317919,1.60034,-0.0075333,2.67351
0.4201,0.356042,0.0845674,0.349559
0.630836,-0.410892,0.140501,0.591756
0.376046,-0.639059,-0.096936,0.584094
0.123757,-1.39552,0.0534719,2.01239
0.585914,1.05488,0.158556,1.49196
-0.372917,-0.357397,0.153888,0.290741
0.565541,-1.33573,-0.122017,2.11944
-0.39643,0.998131,-0.0376066,1.20059
-0.661521,0.450612,-0.0796321,0.658554
-0.445191,-0.799113,0.18289,0.874812
-0.578404,-0.68064,0.151189,0.837194
-0.388925,0.300931,-0.154837,0.271957
-0.393411,0.435533,0.0700476,0.385083
0.636849,-0.212261,0.00708602,0.481368
-0.567232,-0.226453,0.0939126,0.42155
-0.577268,0.942287,0.0602732,1.27046
0.59397,-1.03163,0.0412425,1.46282
0.322514,-1.04164,0.0866827,1.19881
0.286494,-1.53572,0.100625,2.47694
0.0209284,-1.5038,0.0556598,2.31661
-0.620362,-0.543687,0.0980164,0.713173
-0.581393,-1.06455,-0.0401594,1.51798
0.517725,0.60086,0.185525,0.671558
0.331621,-1.15257,0.121096,1.46517
0.627112,-1.09908,-0.0520706,1.63274
-0.629853,-0.345032,0.0115821,0.550125
-0.578443,0.280294,0.109078,0.458238
-0.644547,-0.53419,-0.0328371,0.728806
0.44599,-0.646095,0.0293525,0.672181
0.35894,-0.472104,-0.00544052,0.381208
0.669204,-0.351915,-0.00153993,0.589109
-0.142112,-1.29526,-0.0721878,1.71348
0.321334,-0.764772,0.0733049,0.697819
0.332855,-1.30046,-0.151528,1.84831
-0.379236,-0.93251,0.0525677,1.04897
0.640092,-1.26922,-0.0305858,2.02385
-0.516409,-0.140516,-0.0302297,0.345431
0.371343,-0.987005,-0.0261164,1.14763
-0.552897,0.538333,-0.0200393,0.649802
-0.631324,0.651814,-0.0526771,0.858216
-0.643286,0.910614,0.0372229,1.2698
-0.491497,-0.504375,-0.0956265,0.55068
-0.384628,0.53562,-0.157663,0.462195
0.499553,-0.832642,-0.100184,0.998286
0.0686773,1.3015,-0.0278827,1.70508
0.59501,-0.0204754,0.169002,0.386643
0.269452,-1.56025,0.145415,2.53323
0.391304,-0.578698,0.0861973,0.524993
-0.628816,-1.16999,-0.109728,1.78358
0.41467,-1.29137,-0.190499,1.88006
0.642476,-0.417909,-0.111706,0.609592
0.41038,1.10836,-0.0425027,1.44785
-0.634378,-1.0496,0.0986634,1.53161
0.604444,-0.757423,0.149524,0.971939
-0.189288,-1.26854,-0.0311944,1.66177
0.567971,1.17987,-0.0405274,1.75701
-0.553169,-0.770129,0.116011,0.945858
0.117801,-1.58307,0.00108568,2.5671
-0.538951,0.907652,0.171396,1.15589
-0.460462,0.0173877,0.122815,0.262603
0.325269,1.53972,-0.0141494,2.51104
-0.238713,-1.55669,-0.0983744,2.51753
0.629148,0.908673,0.0443003,1.25526
0.628887,0.457181,-0.0558254,0.639374
-0.433038,0.580451,-0.0102251,0.57814
0.446761,0.687698,0.086008,0.723371
0.630909,1.00185,-0.106641,1.4311
-0.467991,0.480602,-0.0996454,0.50401
-0.299935,1.43849,0.151302,2.20462
-0.0116457,-1.51419,-0.0935075,2.34572
0.433864,0.445557,0.101182,0.435468
0.410675,-0.100695,0.118891,0.218132
0.513357,-0.139184,-0.0937576,0.33883
-0.367502,-1.21604,0.141356,1.65418
0.494525,-0.704978,0.0290609,0.802647
0.609947,0.435619,-0.16653,0.589855
0.381353,0.199556,0.138651,0.214328
-0.528508,-1.10697,0.0441433,1.55553
-0.0900837,1.49879,0.0406341,2.31321
0.536398,-1.14651,-0.0308899,1.65848
0.586963,-0.976561,-0.108884,1.34097
0.384621,1.40097,-0.157118,2.15403
-0.392578,-1.11458,0.15452,1.43238
-0.614185,1.05351,-0.0341201,1.5278
0.47976,0.120258,-0.0216504,0.30179
-0.396546,0.641749,0.0505831,0.607965
0.546786,-0.820598,0.173868,1.01395
0.188822,1.50812,0.126908,2.35832
-0.671911,-0.549322,0.0161535,0.768394
0.319061,1.47802,0.163969,2.32372
-0.471724,0.261221,0.00360397,0.34845
0.108813,1.39645,0.122869,2.0082
-0.321274,-1.09216,-0.0609993,1.31441
0.60864,0.361319,-0.0762769,0.541139
0.518477,-1.11897,-0.157284,1.56763
0.330463,-1.38248,-0.173355,2.06409
-0.42743,-1.06181,-0.0821793,1.35923
0.532633,-0.663776,-0.027568,0.782691
-0.596775,0.319221,-0.0309053,0.502988
-0.171797,1.58977,0.100216,2.59315
0.094313,-1.47623,0.106986,2.24546
-0.522853,0.184821,-0.101946,0.361531
-0.0480015,-1.47783,-0.154397,2.2371
0.465517,-0.674842,0.159306,0.717128
-0.461887,0.795231,-0.0530835,0.90088
-0.200576,-1.52955,0.042341,2.42969
-0.498616,-1.04399,0.146995,1.38669
-0.0610334,-1.41003,0.0571348,2.04392
0.569288,-0.460855,-0.140559,0.580577
0.370963,-0.0164716,0.0352725,0.172494
-0.532515,-0.289629,-0.182747,0.408983
-0.103531,1.60683,0.0380977,2.62844
-0.04285,-1.49072,-0.125991,2.27566
0.437929,1.48326,0.0607702,2.41418
-0.415895,-0.645603,-0.0705391,0.635153
-0.5652,-1.28459,-0.00792208,2.00289
-0.4256,0.346609,0.0188261,0.353127
0.407387,-1.26627,-0.0965344,1.82705
-0.614544,-0.00611418,0.00325276,0.418802
-0.103964,1.31937,0.0671079,1.76925
0.475466,-1.28936,-0.00223995,1.94215
-0.355712,1.03991,-0.00047916,1.23942
0.0656206,-1.65549,0.0697111,2.76503
0.602686,1.02691,0.149969,1.4494
-0.354494,1.47938,0.0752276,2.35583
0.589991,-0.33223,0.043615,0.506598
0.0683156,1.66433,0.0281586,2.78867
-0.548304,1.34615,0.066601,2.13734
0.0866124,1.45503,0.148349,2.17221
-0.620808,0.543752,0.105263,0.7135
-0.495752,0.150884,0.0964538,0.324812
-0.478329,0.122254,0.185885,0.285675
0.630005,-0.372322,0.0735584,0.568478
0.439872,0.366105,0.0297263,0.381786
-0.342049,-0.284521,0.00799399,0.219903
-0.419189,-0.893525,-0.178567,1.00839
-0.486646,0.330428,-0.110581,0.398909
-0.181096,1.59406,0.100455,2.60348
-0.383912,-0.784179,-0.0720094,0.796354
-0.315012,0.37183,-0.0242374,0.245045
0.595671,0.96921,-0.110503,1.33356
0.444974,-1.00296,-0.00820923,1.2593
0.376008,-0.350017,-0.00893922,0.298629
-0.656555,-0.722882,-0.0951231,0.972103
0.513757,0.0978615,0.0763966,0.33045
-0.401345,-1.48373,-0.0370259,2.39757
-0.0370493,-1.60437,0.108608,2.60963
-0.420299,-0.737803,0.0232642,0.772643
0.454054,-0.52863,0.0172194,0.542646
-0.487334,-0.96096,0.0778629,1.2174
-0.109556,1.28054,-0.000394699,1.65236
0.32032,1.3017,0.17808,1.8377
0.389521,1.41109,0.181233,2.17945
-0.578931,0.757539,-0.102519,0.955043
0.173271,1.58405,0.0978564,2.57697
0.466569,0.701331,-0.0698027,0.766215
0.472438,0.830722,-0.179202,0.956632
-0.661134,0.0569716,-0.0865103,0.458052
-0.550895,-0.43105,0.0546732,0.544127
-0.406765,1.1528,0.103694,1.54467
-0.504078,0.74196,0.168215,0.849218
0.491661,-0.834977,-0.0248659,0.998566
0.451428,-0.855538,0.17291,0.976415
-0.518184,-1.02419,0.0589933,1.37237
-0.422965,0.831804,-0.0466648,0.918225
-0.346224,-0.96853,0.00716357,1.08301
0.473924,0.51629,-0.192765,0.531364
-0.450341,-0.476128,0.189202,0.468204
0.694826,0.424594,0.00109653,0.666104
0.627758,0.805243,-0.0530488,1.07772
-0.152617,1.55472,-0.167849,2.47888
-0.526105,-1.07315,-0.158504,1.47554
-0.638617,-0.518226,0.0125079,0.706522
0.206826,-1.37803,0.140163,1.98431
-0.642326,-0.318289,-0.135248,0.534435
0.494805,-0.140939,0.104194,0.320989
-0.474263,0.945153,-0.148619,1.16593
0.664189,1.17974,0.0204257,1.83755
-0.615013,-1.03646,0.0375352,1.49012
0.452113,1.17859,0.142494,1.64061
-0.255445,-1.36185,-0.179965,1.95926
-0.605316,-0.0388629,-0.1484,0.400347
0.573986,-0.437089,0.0700694,0.569467
0.253387,-1.29572,0.0338021,1.78563
-0.587372,-0.109841,-0.00139592,0.40638
0.471567,-0.488611,-0.079278,0.517379
0.0828929,1.49263,0.186532,2.27774
0.332301,0.276782,-0.00949776,0.206273
-0.630769,0.433628,0.144748,0.609196
0.480649,-0.727111,0.128585,0.810976
-0.350481,0.644317,-0.00475327,0.564209
-0.432949,0.822416,-0.0105396,0.917987
-0.469377,0.583347,-0.108046,0.612422
0.497291,-0.552772,-0.00668772,0.609972
0.400765,-0.368473,-0.164523,0.327992
-0.34522,-1.42375,0.0317015,2.2039
0.627622,-0.647285,0.0809832,0.845251
0.466952,-0.108042,-0.144147,0.277721
0.593272,-1.00579,0.0881736,1.40478
-0.465523,0.0253142,0.11027,0.268754
0.419513,-0.165671,-0.130328,0.244405
0.483925,0.888852,0.0834741,1.08332
0.223612,1.44685,-0.0849012,2.20068
0.592563,0.0659131,-0.00372454,0.4024
-0.228949,1.2885,-0.0315065,1.74969
-0.577826,0.988505,0.15069,1.3508
-0.605696,-0.403432,0.151671,0.561051
-0.0988722,-1.4147,0.0913789,2.06131
-0.620054,0.462495,0.135944,0.626219
0.368871,0.54833,0.0245816,0.471073
0.508009,1.42674,0.0975203,2.30907
0.469346,0.714165,0.0780828,0.785169
0.341922,1.39199,-2.21262e-05,2.11845
0.424895,-1.08028,-0.0765024,1.40313
0.0207977,1.4969,0.175665,2.28545
-0.626132,1.04021,0.02503,1.50664
0.506826,-0.401836,0.0883578,0.475781
0.592523,0.868856,0.0985377,1.14827
-0.35903,-0.256904,0.0861112,0.221366
0.52416,0.410355,0.13988,0.493042
-0.0840254,-1.32529,0.0440939,1.7817
-0.21691,1.37913,-0.158918,1.99314
0.469911,-0.226241,-0.157763,0.317381
0.650628,-0.311152,-0.099836,0.540828
-0.0296701,1.60348,-0.153415,2.60383
-0.682456,1.04342,-0.054719,1.56208
0.291027,1.5782,-0.0208244,2.59928
-0.413761,-0.18181,-0.132013,0.243439
0.473265,-0.00211738,0.0189427,0.281495
0.39824,1.52856,0.00581272,2.51493
-0.441262,0.927093,-0.107897,1.10266
0.462116,-1.31765,0.144345,1.99302
-0.472824,-1.36945,0.0675959,2.13954
-0.629918,0.920597,-0.143896,1.26848
-0.651449,0.792926,-0.0426311,1.07717
0.0891912,1.595,-0.126722,2.58755
-0.613897,0.321836,0.0920618,0.516913
-0.218511,1.41506,0.0160545,2.1075
0.51122,-1.39395,0.0696842,2.22629
0.333105,-0.567106,0.00287809,0.451716
-0.59104,-1.33526,0.0477898,2.14147
-0.452004,0.618232,-0.0302329,0.647248
0.575327,0.952726,-0.108992,1.28666
0.536003,-0.501694,-0.0849549,0.59314
0.58496,-0.581726,0.134576,0.719454
0.145765,-1.3618,-0.007711,1.91656
0.37194,0.15189,-0.0368774,0.196379
0.143985,-1.47661,-0.00900286,2.2606
-0.182601,-1.25774,0.0412626,1.62437
0.407216,-0.726022,0.0220709,0.741309
0.354376,-0.741277,-0.0229123,0.703193
-0.384713,-0.361819,-0.156308,0.306333
-0.386597,0.682609,0.0465252,0.658298
0.352752,-1.00174,-0.134834,1.14621
-0.546957,-0.819045,0.191252,1.00825
0.000887041,-1.41689,0.0372797,2.05629
-0.322704,0.705282,-0.0901251,0.610096
-0.600152,-0.470132,-0.11903,0.618788
-0.363454,0.447793,-0.129635,0.357077
-0.401099,1.37108,0.16804,2.0812
0.508456,-1.14256,0.131714,1.61009
-0.0242728,-1.31405,0.066737,1.73419
0.0611649,-1.49413,0.0752848,2.29215
-0.498337,-0.307155,-0.0997014,0.399102
0.617522,-0.92757,0.14239,1.27178
0.418357,0.507961,-0.0684104,0.479474
0.356883,-0.128509,-0.133963,0.164344
0.504152,0.329882,0.11814,0.417858
0.247239,1.27319,-0.0756316,1.71496
-0.373951,0.989845,-0.147708,1.14381
0.378016,0.133021,0.150161,0.186553
-0.211938,1.48346,0.119239,2.29635
-0.460323,-0.198951,-0.16556,0.295583
-0.380148,-0.656623,-0.0237741,0.610917
0.190084,1.41609,0.18338,2.08285
-0.361079,1.41687,0.135069,2.18361
-0.126993,1.57203,0.00858565,2.53415
-0.65809,1.18812,0.0215903,1.85267
0.407429,-0.970854,-0.0115727,1.15525
0.0686046,-1.40159,0.172678,2.0011
0.486255,0.101378,-0.128052,0.29838
-0.0606895,-1.45367,-0.0423875,2.17347
0.57455,0.310503,0.12465,0.468637
0.399681,-0.93857,-0.0851821,1.08176
-0.568089,0.50924,0.0972004,0.629946
0.407364,0.205787,-0.160963,0.242293
0.344162,-1.08662,-0.00888326,1.33065
-0.125761,-1.41675,0.114931,2.07445
-0.480825,-1.00263,-0.17157,1.28016
0.643031,0.0540314,-0.0617937,0.444317
-0.435591,-1.20954,0.145866,1.70448
-0.572351,0.91716,-0.184279,1.20459
0.587799,0.99468,-0.0503636,1.37794
-0.341907,1.59986,0.0235134,2.6812
-0.399242,0.273287,0.0619066,0.277492
-0.525914,-1.38781,0.102196,2.22387
-0.53602,-1.43147,-0.0243148,2.34194
-0.194093,1.53385,0.0398414,2.44112
-0.313429,1.19522,-0.0120163,1.56542
0.576661,0.0491519,0.0972829,0.381235
-0.0817112,-1.59774,0.0224107,2.60076
-0.418886,-0.569946,-0.147003,0.540273
-0.131613,1.66916,0.00740446,2.81184
-0.433941,1.19197,0.0944028,1.66277
-0.309159,-1.61285,0.0476478,2.7034
0.646793,0.711072,-0.0103142,0.952758
0.416846,-0.846414,0.0232174,0.936599
0.515199,0.139802,0.0237768,0.344208
-0.591827,0.238925,0.159846,0.441557
-0.631911,-0.712394,0.136993,0.931183
0.58947,0.452201,-0.151187,0.589542
0.248316,-1.53176,0.0353404,2.45328
0.622894,0.95789,0.10856,1.33845
-0.32,1.46502,0.113946,2.29373
-0.594066,-0.511193,0.175013,0.645446
0.352862,1.1405,0.0879229,1.46226
0.65118,0.343279,0.0491235,0.567546
0.686135,1.07815,-0.0271178,1.63824
0.561621,-0.421427,0.164914,0.534215
-0.509483,-0.715813,0.162872,0.817132
-0.329828,0.358349,-0.0984335,0.249138
0.516557,-0.86085,-0.182434,1.05135
0.137122,-1.45551,-0.147864,2.18664
-0.318305,-1.38579,0.175008,2.06742
-0.354832,-0.156521,-0.0429101,0.178466
-0.566218,0.432173,0.0704587,0.558484
-0.0176019,1.41771,-0.0931054,2.05609
0.337242,0.0356014,-0.0229571,0.136069
-0.341256,0.90361,-0.0169735,0.955414
0.624044,0.570717,-0.134691,0.743021
-0.643738,0.86212,-0.0544647,1.18488
-0.651406,0.859156,-0.00681794,1.18778
-0.694129,-0.327312,0.0277992,0.592087
0.626502,-0.960872,-0.0929691,1.34616
-0.554831,0.0242815,-0.0723489,0.36092
0.247694,1.57615,-0.0553119,2.57579
-0.332731,1.17413,-0.13667,1.51814
-0.251278,1.60097,0.031746,2.64951
0.359128,-1.53006,0.107218,2.49462
-0.461704,-1.11444,-0.154068,1.5026
0.414792,-0.741588,-0.0150257,0.773239
-0.576605,0.76694,0.169454,0.957578
0.209179,1.41916,0.191178,2.09867
-0.378394,-1.10851,-0.0364397,1.41826
0.311275,-1.31773,-0.0328914,1.89296
0.0440094,-1.42377,-0.100754,2.07741
-0.16112,-1.42228,-0.112462,2.09724
-0.452705,-1.21756,-0.00360694,1.74506
-0.0447794,1.40213,-0.13921,2.00713
-0.380232,-0.996352,0.11795,1.16837
-0.0324754,1.64091,0.127338,2.71514
0.336221,0.121449,0.106228,0.141926
0.103944,1.50375,-0.0322535,2.32729
0.442095,0.195426,0.124881,0.281559
-0.320654,-1.46923,-0.101616,2.30792
0.513432,-0.944288,0.0760861,1.21237
-0.284778,-1.28928,0.0115702,1.79185
0.397431,-0.82733,0.12723,0.878646
-0.652332,-0.602725,0.0197263,0.815121
-0.552114,0.598019,0.151416,0.706823
-0.462923,0.548822,-0.0494784,0.573123
0.149219,1.43392,-0.051112,2.13763
-0.372905,-0.516336,-0.0355459,0.440762
0.469335,-1.10833,-0.0843014,1.50932
-0.250847,1.30725,0.169925,1.80149
-0.259178,-1.16879,-0.018083,1.43974
0.538173,-0.0788009,0.132849,0.344914
-0.661069,-1.07532,-0.0149511,1.61262
0.322508,1.14577,0.0233467,1.44252
-0.339277,0.0943436,-0.0573822,0.142785
-0.259818,-1.19961,0.0158626,1.52303
-0.406099,-1.16447,-0.0778011,1.57234
-0.679281,0.010133,-0.0520433,0.471983
-0.392233,0.682951,-0.134964,0.655665
-0.0080551,-1.37013,0.0674353,1.91309
0.552493,0.668714,-0.0114006,0.807859
0.528854,0.425889,0.195158,0.500619
0.244518,1.26659,-0.0482111,1.69747
0.107469,1.3204,-0.00664649,1.77816
-0.405508,0.267813,0.15694,0.270101
-0.380951,-0.249283,0.0949616,0.240913
-0.663644,0.84566,-0.0541879,1.17406
0.410955,-1.24348,-0.17962,1.75737
-0.533497,0.171271,-0.0797471,0.368598
-0.45003,-1.11255,-0.0983657,1.49567
0.602879,-0.667728,-0.034982,0.852506
0.452737,0.423136,0.189384,0.42322
-0.43634,-1.49358,0.0933221,2.43785
0.475205,0.827133,-0.0983221,0.965381
-0.643756,-1.17382,0.0566071,1.80683
0.661385,-0.460553,0.0737492,0.667429
0.672979,0.15183,-0.054195,0.489334
0.479133,-0.183006,0.0731026,0.319994
0.352159,-0.0803593,0.0482562,0.156199
0.202803,1.52525,-0.0248764,2.42263
0.651379,-0.925522,0.0641372,1.3039
-0.426812,-0.341208,0.0841507,0.348262
-0.562824,-1.13081,0.0281527,1.64434
-0.50036,-0.14247,0.0833231,0.326186
0.478515,-0.279953,-0.0330802,0.365632
-0.55663,0.052078,0.0433064,0.365841
-0.629639,-1.18385,-0.110169,1.81534
-0.382794,-0.762513,0.00550717,0.764902
-0.383749,0.0714625,0.158545,0.17954
0.671102,-0.210701,-0.0852214,0.507416
0.446001,-0.460327,-0.145366,0.454592
0.631772,1.2507,0.0531103,1.97233
0.369995,-0.183524,-0.111128,0.198574
0.239782,1.52921,-0.00911802,2.44339
0.405265,0.466852,0.0368502,0.427934
0.156542,1.59635,-0.100888,2.60508
0.0572278,1.43032,-0.0740313,2.10301
0.283183,1.51011,-0.0265256,2.41105
0.0625045,1.43334,-0.145701,2.10083
-0.0385562,-1.42615,0.091093,2.08795
-0.323861,-1.28356,-0.138622,1.79574
0.277875,1.357,-0.0310672,1.97617
-0.0686163,1.45733,0.0505165,2.18865
-0.374841,0.567538,0.0346024,0.496433
-0.685874,-0.350744,-0.0346285,0.60073
-0.595341,1.00743,0.0932015,1.4092
-0.531673,-1.17452,0.0738999,1.71353
0.171896,-1.52524,-0.126269,2.40334
-0.0829112,-1.5385,-0.0129917,2.42191
0.440475,-1.25469,-0.15876,1.81777
-0.513267,-0.747388,0.131327,0.872181
-0.527455,-0.952304,0.0997934,1.2378
0.652907,-0.380207,0.0964112,0.591445
-0.376922,-0.901732,-0.034116,0.995333
-0.425056,0.536842,0.181163,0.503771
0.493088,-1.20537,0.034889,1.75624
0.180661,1.53393,0.0867781,2.4294
0.368232,-1.0435,-0.121708,1.25344
0.377274,-0.0628466,-0.0853186,0.180777
0.565958,-0.880216,0.0477846,1.14873
-0.650988,0.188316,-0.0738773,0.481912
0.327927,0.455228,0.0288993,0.330153
0.407248,0.664967,-0.106331,0.648418
-0.498524,-0.482768,0.0178334,0.542419
-0.648374,1.11942,-0.0242936,1.69317
0.224967,1.2947,0.0128114,1.76413
-0.489548,0.105053,0.110953,0.304111
-0.304579,1.14753,0.0978192,1.42644
0.091598,-1.62355,-0.056095,2.67854
-0.571022,0.46932,-0.00583501,0.60033
-0.0637818,-1.63499,-0.0129799,2.70595
-0.546119,-1.05696,0.0632553,1.46964
-0.612589,0.103031,0.128497,0.417809
-0.449114,0.375285,0.144185,0.38876
0.486431,1.47979,0.0613933,2.43413
0.475417,0.474505,-0.106569,0.504755
0.268847,-1.44865,0.049326,2.23034
0.512731,0.985573,-0.127879,1.28772
0.52872,-0.547308,0.0737414,0.635624
0.399518,-1.23321,-0.0991774,1.73619
-0.471425,1.38435,-0.0222273,2.18162
0.465632,-0.230025,0.14429,0.317376
-0.452918,-1.01754,0.00412448,1.29969
-0.388987,-0.204127,-0.000648764,0.234707
-0.422647,0.969766,-0.0751014,1.16863
0.407068,1.15421,-0.0522998,1.55597
0.420046,0.0351316,0.174321,0.213063
-0.319141,-1.38692,-0.104664,2.08057
-0.0521092,-1.36037,-0.0765402,1.88623
0.396152,-0.874861,0.075616,0.961295
0.340495,-0.532727,-0.0765972,0.418763
0.495883,-1.35207,0.0295231,2.11495
0.571216,-0.682311,0.161641,0.830088
0.0138225,-1.35663,-0.0783325,1.86938
0.399793,1.50542,0.0679268,2.44542
0.320101,1.09665,0.0264962,1.3268
-0.491434,0.737265,-0.100167,0.84039
0.468183,0.297981,-0.176641,0.350776
0.262112,-1.35156,-0.0708313,1.95093
0.456765,0.699798,-0.124044,0.749545
-0.553332,0.148791,-0.0544166,0.383038
-0.413978,-1.29492,0.0434318,1.90872
-0.562401,0.633682,0.100425,0.766186
0.592108,0.253145,0.110818,0.455241
-0.450192,1.12623,0.0908266,1.52681
0.557665,-1.03872,0.120663,1.43682
0.38143,-0.537528,-0.0542327,0.471145
-0.537439,-0.74452,0.169169,0.886887
0.00719792,1.45254,0.0988058,2.16085
0.493889,0.516371,-0.0641695,0.569652
0.399451,0.138162,-0.108835,0.217959
0.519273,-1.05828,0.0492205,1.44942
-0.233483,-1.51716,-0.0468559,2.40637
0.292892,-1.53641,0.0406879,2.48528
-0.350394,-0.749104,0.0195316,0.709497
-0.609454,1.04074,-0.105273,1.49097
-0.517823,0.831851,-0.0744715,1.01645
-0.445271,-0.122865,0.0604645,0.267505
-0.66884,-0.871468,0.0153439,1.22402
0.118979,1.55032,-0.0833973,2.46999
-0.24381,1.47888,0.0463666,2.30019
0.503834,0.529785,-0.0307175,0.595034
0.580761,0.868406,-0.0288945,1.14081
0.172011,-1.48271,-0.0346098,2.28181
0.266219,1.57753,0.0696591,2.59092
0.600614,-0.208197,-0.0895767,0.445032
-0.424497,-0.416906,0.135318,0.396027
0.317914,0.211736,-0.0107785,0.156181
0.634626,0.599869,0.0049952,0.796269
-0.500183,0.516052,-0.111779,0.571812
0.125764,1.37857,-0.0171469,1.96773
0.468991,-0.186263,0.126876,0.305783
-0.0595824,-1.47269,-0.181612,2.21308
0.34644,-0.312125,0.0915626,0.238266
-0.377754,0.76173,-0.0186147,0.760777
-0.449078,1.14665,0.0623654,1.57667
-0.224651,-1.26685,0.114384,1.67568
0.292177,-1.3053,0.102341,1.83431
-0.567086,-0.559663,0.141094,0.678668
-0.477328,-0.898052,-0.189335,1.07514
0.446379,-1.16981,-0.164427,1.61212
0.393399,-0.379877,0.107569,0.334372
0.128571,-1.66262,0.038533,2.79427
-0.517297,-0.568703,0.0729291,0.648708
-0.613992,-0.761136,-0.155055,0.985238
-0.468694,0.862072,0.100142,1.01886
-0.434679,1.36065,-0.175448,2.07818
0.309105,0.657521,0.0478186,0.532372
-0.00812994,1.52151,0.191337,2.35612
-0.481944,-0.926955,-0.0632704,1.14897
-0.657914,1.1572,-0.0323168,1.78472
-0.654605,-0.0401935,0.112057,0.447888
-0.494509,1.12896,0.171092,1.56509
0.357773,-1.40779,-0.112587,2.15822
-0.156971,-1.45371,0.129115,2.18886
0.0408426,-1.59506,0.123737,2.58278
-0.685552,0.275938,0.060154,0.552743
-0.687161,-0.695443,-0.00238218,0.962487
-0.459954,-0.669657,-0.15456,0.704554
-0.586522,-1.03508,-0.0915357,1.45789
0.642923,-0.759982,-0.0461489,1.02185
-0.455858,-0.453951,-0.0285839,0.471881
-0.449221,0.592485,0.146013,0.599509
-0.498678,-0.0327533,-0.143804,0.29951
0.544843,0.578935,-0.143412,0.679406
-0.390932,-0.217089,-0.151069,0.230319
0.188016,1.36322,0.0641173,1.94404
0.316754,-1.27556,0.119783,1.77333
-0.518994,-0.0397244,0.000815649,0.330559
0.36443,1.53004,0.107968,2.49697
-0.506408,0.0259243,0.133649,0.308546
0.645254,-0.506876,-0.00526144,0.702054
-0.583341,1.09048,-0.103121,1.57145
0.478072,-0.865711,0.0117242,1.03754
-0.471938,0.672788,0.139413,0.724281
0.368382,0.892635,-0.0711864,0.964245
0.298685,-1.25577,-0.0371026,1.70925
-0.119672,1.38933,-0.0490328,1.98884
0.319625,1.32049,0.153109,1.88734
0.262524,1.4712,-0.0585492,2.28867
0.349486,-0.0518741,-0.0983303,0.145675
-0.295883,-1.27476,0.142207,1.74917
-0.677084,0.175217,0.046648,0.50163
0.60645,-0.433455,0.128217,0.589928
-0.0613943,-1.60685,-0.165917,2.61405
0.510462,-1.34075,-0.0508636,2.09632
-0.640283,0.773142,0.109269,1.03225
-0.361307,-0.885994,-0.142706,0.936729
0.607611,-0.310361,0.14038,0.499289
-0.395279,1.44537,0.0850982,2.28735
-0.661187,0.907963,-0.0575147,1.28019
0.0643428,1.65172,0.121488,2.74937
-0.504377,-0.882225,-0.0653135,1.09249
-0.603633,0.579459,0.0214279,0.741332
0.574976,0.186884,0.000163975,0.416412
0.361455,-0.290556,0.0763271,0.243314
-0.694052,0.0909118,-0.0317205,0.493063
0.356538,0.869255,-0.0194783,0.913411
-0.413891,1.03547,-0.139366,1.28329
-0.0388948,1.44271,-0.0392634,2.1402
0.660241,0.505758,-0.00485017,0.712814
-0.31339,0.341182,0.0417082,0.222178
0.399811,-0.514053,-0.0833395,0.466325
-0.399905,0.307472,-0.167581,0.285271
-0.455366,-0.495885,0.0693802,0.508233
-0.473811,0.747054,-0.0694434,0.838823
-0.483445,-0.0506843,-0.0710993,0.293251
-0.511562,0.581721,-0.058917,0.659006
-0.430113,-1.18619,0.171814,1.63448
0.452657,0.878784,-0.136001,1.0229
-0.318385,1.58276,0.0680127,2.62488
-0.519116,0.799092,0.0029473,0.968342
0.405196,-0.278405,-0.158986,0.27549
-0.362792,-0.920434,-0.0374216,1.00918
-0.547687,-0.93332,-0.154375,1.21507
-0.486706,1.19822,0.125182,1.72489
0.373419,1.13732,-0.0397371,1.47679
-0.297264,1.49126,-0.0471028,2.35987
0.644931,0.688002,0.101867,0.912003
0.462502,0.0173243,-0.12091,0.263867
-0.536737,0.549039,0.135642,0.638232
-0.517268,0.863292,-0.167964,1.05858
-0.0290288,-1.33781,0.00158519,1.80996
0.50558,-0.932077,-0.00779276,1.18403
0.554453,-0.612004,-0.0180913,0.736211
0.00147828,1.64544,0.119262,2.7282
-0.593149,0.634724,-0.0447985,0.800004
0.638252,-0.846184,-0.0898163,1.15111
-0.126439,1.57935,0.146352,2.54852
-0.554607,0.654849,-0.177775,0.775726
-0.477636,1.19106,0.138551,1.69899
0.439951,-0.279978,0.096868,0.321467
-0.506678,1.33623,0.103501,2.08142
-0.650001,0.518115,0.0302008,0.716661
0.441033,1.27809,0.112755,1.88051
0.0788305,1.39768,-0.0503568,2.01199
0.53774,0.192887,0.170072,0.369721
-0.0504594,1.59883,-0.0539795,2.60218
0.37404,-0.360528,0.0131412,0.306401
0.00887561,-1.47103,-0.0995227,2.21845
0.476652,0.901604,-0.0318989,1.09862
0.520575,0.861637,-0.134752,1.06415
-0.446916,-0.57651,0.183744,0.570368
-0.397776,-0.0324534,0.0262336,0.20297
0.562336,-0.592727,0.00925652,0.718854
0.500572,-1.22552,0.124594,1.80389
0.33972,1.20431,0.116781,1.60514
0.31404,-1.24277,-0.0942376,1.68644
0.430376,-1.43481,0.0573533,2.28628
0.438896,1.18021,0.0239034,1.64674
0.641304,0.454242,-0.0528828,0.645146
0.263356,1.23617,0.12934,1.61699
-0.475169,0.145403,-0.0699635,0.304277
-0.0372175,-1.52823,0.196706,2.3763
0.515694,-0.147346,-0.077516,0.342804
-0.0960744,1.58833,0.148068,2.56638
-0.503392,1.06125,0.0421415,1.43469
0.394258,-0.263907,0.0970393,0.263585
-0.344394,-1.41652,0.150467,2.1697
-0.558293,-0.695545,-0.053661,0.850272
-0.0358037,1.40389,0.0455363,2.01922
0.462266,-0.322559,0.149142,0.364453
-0.589834,0.200146,0.0568474,0.434073
-0.36051,1.2937,-0.149887,1.85259
-0.340056,-1.33512,0.0536011,1.95211
0.0260505,-1.31817,-0.031118,1.74905
0.626677,-0.87737,-0.0659945,1.19648
-0.368707,1.06846,-0.102172,1.30919
-0.204651,-1.37788,0.18516,1.97631
0.400701,-1.24894,0.17453,1.7636
0.390105,-1.36004,-0.0954611,2.05722
-0.628018,0.730478,0.143389,0.952703
-0.311957,0.178256,-0.00855381,0.135971
-0.348154,1.44158,-0.140662,2.24539
-0.463119,0.477094,0.0248783,0.500813
-0.294443,1.325,-0.115174,1.89543
0.0794709,1.55626,-0.0209764,2.48207
-0.600356,1.209,-0.0925357,1.84825
0.618906,-0.418484,-0.14402,0.586059
0.305957,-0.287864,-0.043676,0.179199
0.529115,-0.45392,-0.121597,0.537208
0.268333,-1.43016,-0.0981004,2.17157
0.518837,-0.329235,-0.114096,0.430708
-0.297618,1.30359,0.0582821,1.83765
-0.347136,-1.31389,0.0923123,1.90422
0.426862,-0.0826051,0.138365,0.231833
0.444967,-0.757335,-0.0595339,0.826786
-0.32558,0.337593,0.00834962,0.234038
0.471355,-0.418444,0.0288896,0.4546
-0.518896,1.18784,0.02061,1.73791
-0.538678,-0.958922,0.098274,1.26309
-0.353616,-0.906036,0.109228,0.9681
0.432835,0.434502,0.174294,0.413691
-0.410511,-0.0504264,0.0748244,0.216041
-0.458851,1.4208,0.0128305,2.26134
-0.67863,0.823879,0.0845198,1.14797
0.545581,1.05212,0.0612661,1.45858
-0.598238,-0.228249,-0.157401,0.442091
-0.408043,1.19123,0.049814,1.64092
-0.656382,-0.817373,0.0843623,1.11976
-0.268941,-1.4819,-0.0430813,2.3249
-0.588229,0.64383,-0.0705251,0.804184
0.340776,0.560687,-0.0713148,0.448999
-0.522233,-0.843297,-0.0810681,1.03761
-0.366319,-1.03417,0.0463651,1.23951
0.371757,0.276607,0.103055,0.244648
0.309465,1.59837,0.0845423,2.66162
-0.389634,0.292949,0.16161,0.266549
-0.450297,1.23715,-0.0173224,1.78826
-0.548822,1.0118,-0.186874,1.36495
-0.346067,-1.35711,0.0812159,2.01434
-0.438319,0.628116,-0.18781,0.62278
-0.420789,0.661274,-0.0391239,0.665517
0.453884,-1.35393,0.0820066,2.08499
0.592022,-0.958691,0.115585,1.31109
-0.351317,-0.199774,-0.0523977,0.187763
-0.525258,-0.318394,-0.123359,0.42899
0.366669,1.41433,-0.053838,2.19363
-0.516711,1.37595,-0.101419,2.18354
-0.172683,1.54995,-0.0379137,2.47689
-0.518068,1.1769,0.155453,1.69654
-0.458917,0.77347,-0.147847,0.854349
0.027107,1.47778,0.0510169,2.24111
-0.100584,1.3041,0.0815799,1.7192
-0.315384,-0.933771,-0.0623119,0.977744
0.336977,-1.27916,0.0321044,1.80453
0.262381,1.41741,0.145333,2.12948
-0.484899,-0.483233,-0.0559027,0.528878
-0.388272,0.343474,-0.117675,0.30306
-0.527766,0.920367,-0.0112225,1.18507
0.380835,1.49918,-0.0456613,2.42575
-0.628013,0.0574623,0.0370715,0.433542
0.377176,1.41337,0.122197,2.18603
-0.394502,-0.185583,-0.0942435,0.230013
-0.367501,0.0596248,0.119023,0.16482
-0.629842,-0.386239,0.0326061,0.580329
-0.390468,0.898569,0.0761528,0.997438
0.570984,0.0800833,0.141513,0.374727
0.453488,-0.341741,0.0933291,0.374093
-0.379287,-0.364058,-0.0461157,0.312148
0.607279,-0.384602,0.109454,0.554048
-0.496246,-1.38832,0.0194509,2.20535
-0.134931,-1.31842,-0.0730282,1.77909
-0.491758,-0.809885,-0.198268,0.93789
-0.082919,1.52124,0.0150926,2.38497
0.33657,0.311503,0.0351469,0.230456
-0.413802,0.0358411,-0.131353,0.212786
0.604793,-1.23341,-0.0132753,1.913
-0.55288,-1.09917,0.18196,1.55015
0.535099,0.730179,0.01955,0.879594
-0.46033,-1.2753,-0.100841,1.89168
0.478869,0.802848,-0.051423,0.932304
-0.589877,-0.00503509,0.00458372,0.396234
0.349819,-1.50118,-0.0333084,2.41581
-0.53548,0.355653,0.140484,0.460967
0.522513,0.470278,0.0841869,0.549079
0.486417,0.898077,-0.198939,1.08315
-0.444061,-1.01846,-0.129525,1.28205
0.547922,1.29589,0.0373628,2.01487
0.419636,-1.16926,0.0898339,1.60018
0.0694075,1.51991,0.155064,2.36027
0.607108,-0.935313,-0.0811824,1.28226
0.330723,-1.03284,-0.0959797,1.1899
0.332005,0.263758,0.0295188,0.196625
0.568093,-0.481304,-0.100206,0.602771
-0.395376,0.924469,-0.0258539,1.05401
-0.512321,-0.284391,-0.0130125,0.403724
0.436648,0.768179,-0.116228,0.826881
-0.554673,0.452931,-0.105492,0.560668
-0.411932,1.42981,-0.154867,2.24873
-0.133503,1.45558,-0.037228,2.19499
0.557682,1.12615,0.0410185,1.62764
-0.599316,-1.01478,-0.075276,1.42952
-0.420077,1.2625,-0.0873081,1.82795
-0.303663,-1.14739,-0.0881697,1.4244
0.0509814,-1.49442,0.109974,2.28799
-0.308692,-1.2765,-0.0220106,1.77359
0.461398,0.0742051,0.0767177,0.272832
-0.00625913,1.54754,0.0122607,2.44932
0.407666,-0.947585,0.0271247,1.11083
0.300964,-1.33093,0.114208,1.91551
-0.47977,-0.487001,0.0891937,0.524378
0.107119,1.62288,0.103428,2.67345
-0.382284,-0.130151,-0.0401077,0.20089
-0.629934,-0.344881,0.0456472,0.548265
-0.447303,0.940074,-0.00383016,1.13806
0.404613,-0.295749,-0.0565377,0.295254
-0.1752,-1.49511,0.0618115,2.32014
-0.514208,0.42788,-0.0217958,0.507745
-0.692649,-0.951662,-0.0487645,1.38895
-0.269329,1.54746,-0.0395693,2.50575
-0.583932,-0.0790796,0.0937069,0.392771
-0.365763,-0.681775,-0.0887733,0.627946
0.541134,-0.094357,0.0043191,0.359757
0.332806,0.94932,-0.0680046,1.02868
-0.393997,1.12016,0.0499997,1.45733
0.311363,1.21919,-0.0707694,1.6216
-0.46969,0.82523,-0.0215731,0.959669
-0.489119,-0.333639,-0.0976117,0.405284
0.445305,1.13354,0.0378965,1.53633
-0.35502,0.176512,0.0740327,0.182936
-0.328028,1.50501,-0.0866029,2.41053
-0.42302,1.1168,-0.0537563,1.48009
-0.40836,-0.00757104,0.147746,0.203756
0.0776863,-1.47086,0.113118,2.21885
-0.556246,-0.274065,-0.0318464,0.437156
0.576489,0.494515,-0.0644539,0.626838
0.283133,-1.26587,-0.0177449,1.72995
0.350731,1.49289,-0.150369,2.38335
0.563816,0.183717,-0.107084,0.400326
0.405249,-1.33228,-0.198456,1.97859
-0.34168,0.00280907,0.0892303,0.135266
-0.497391,-0.897386,0.0806989,1.11083
0.419634,-0.233532,0.0974329,0.27597
-0.38445,1.23599,0.0228165,1.73579
-0.24506,-1.41337,-0.0266762,2.11491
-0.515747,1.07546,0.0418219,1.48167
0.592912,0.582237,-0.048768,0.739015
0.324472,-0.672953,0.000163683,0.57191
-0.278028,-1.54472,-0.0144108,2.49949
0.654138,0.90568,0.10791,1.26687
-0.391496,0.789997,0.0143638,0.818368
0.577337,0.719451,0.00554971,0.902656
-0.385719,-1.00394,-0.0786798,1.19584
-0.680996,0.927236,0.0495286,1.33407
-0.586431,-0.0651217,0.132521,0.388303
0.416423,0.629881,0.175377,0.604263
-0.381569,-0.236731,-0.126001,0.232397
-0.64569,0.19255,0.0695336,0.47901
0.529493,0.0512824,-0.118291,0.333933
0.588938,0.514567,-0.147064,0.649724
-0.676275,-0.759976,-0.0121009,1.04929
-0.533665,1.23971,0.0218121,1.86717
0.122095,-1.41874,0.0450208,2.07803
-0.450814,1.32979,0.102378,2.01935
0.495366,0.319045,0.0967713,0.404324
-0.620157,-0.580098,-0.0652026,0.758826
-0.511534,-0.641498,0.186596,0.715572
0.299861,1.234,0.11334,1.64638
0.652972,-0.500124,0.0692749,0.699188
-0.184469,-1.41683,0.0991796,2.09618
-0.19421,1.61163,0.0232997,2.66163
0.447629,-0.424459,0.0122829,0.434863
-0.201205,-1.36603,-0.0835708,1.95335
0.401499,-0.239094,-0.0251873,0.263724
0.595227,0.377057,-0.0388006,0.540489
-0.41528,0.353103,-0.154686,0.334661
0.551445,-0.0856013,-0.11356,0.360166
0.533061,-0.356444,-0.164016,0.455883
-0.424914,-0.686507,0.0778991,0.700535
-0.427421,-0.566919,0.172776,0.541453
0.537376,-0.0993084,-0.0819035,0.351504
-0.497129,-0.150372,0.141044,0.320181
-0.677178,-0.278179,-0.0718628,0.546174
-0.494061,0.784762,-0.00148842,0.91962
0.46621,-0.954139,-0.1562,1.17374
0.417974,-0.421015,0.0835407,0.397183
0.579597,-0.972539,-0.147365,1.32057
0.320301,1.57937,0.0189167,2.61751
-0.174159,1.3722,-0.0350169,1.96472
-0.28497,-1.15246,-0.0638896,1.42028
-0.569079,0.857759,-0.0764823,1.11124
0.304155,0.39499,0.040471,0.250165
0.456766,-1.21738,0.00248951,1.75059
0.584868,0.757314,0.0311746,0.965714
-0.436963,0.686977,-0.15282,0.706144
0.470229,1.18844,-0.115499,1.68435
0.515505,-1.0852,0.0234042,1.50075
0.529811,-0.895743,-0.0416963,1.14234
0.496725,1.28097,0.140211,1.92825
-0.572061,0.638245,-0.094344,0.783326
0.395897,0.791192,-0.0893894,0.824261
-0.415718,-0.236164,0.1297,0.269663
-0.13441,1.33625,-0.0894654,1.83448
-0.386357,0.901698,-0.0821062,0.99944
-0.0371352,1.63201,-0.126873,2.68951
-0.467346,-0.27036,-0.171538,0.336503
-0.569494,0.98433,0.0118647,1.34588
0.450297,0.687679,-0.00957057,0.730433
-0.1309,1.49244,0.123373,2.29917
-0.553919,0.0851491,0.0340487,0.367539
-0.340952,-1.26623,0.166961,1.75993
-0.37451,-0.854429,-0.0408745,0.90487
0.331668,-1.35934,0.182416,2.00261
-0.510308,1.26251,0.043097,1.90498
0.386299,-1.3642,0.0170513,2.06569
0.656586,0.941257,-0.0496816,1.33772
0.587388,0.15774,-0.165792,0.404308
-0.348809,1.45704,0.140155,2.28546
0.205445,-1.6167,0.0447163,2.68096
0.396221,-0.601822,-0.0245605,0.561483
-0.611526,0.362126,-0.090759,0.541421
0.43338,1.13541,0.172922,1.52092
-0.255278,-1.33431,-0.173079,1.8803
0.264262,1.20957,0.0929899,1.54885
0.620221,-1.23606,0.0765059,1.92817
0.336483,0.954502,0.0748778,1.04122
-0.456218,-0.998483,-0.129731,1.25651
0.30488,-0.0181558,0.00526541,0.0963411
-0.574206,1.30132,-0.128356,2.0413
-0.422451,0.883463,-0.0407053,1.00649
0.505365,-0.0889221,-0.164901,0.309496
-0.61677,0.395223,-0.133933,0.567242
0.104036,-1.51595,-0.167648,2.35334
0.55309,-0.686628,0.0256395,0.834628
-0.0806471,-1.52328,0.0249567,2.37734
-0.198002,-1.33278,-0.0324324,1.85986
0.619423,-0.230157,-0.109078,0.469068
-0.310697,0.21101,-0.0266081,0.147854
0.128996,1.45358,-0.0558882,2.1886
-0.333287,-0.119809,-0.0729949,0.140732
-0.444251,-0.750296,0.0199196,0.813775
-0.60406,0.0948764,-0.125987,0.410397
-0.43204,-1.10769,-0.0638697,1.4685
0.306561,-1.56055,0.0790626,2.55577
0.590272,-0.596017,-0.12043,0.742897
0.0374712,-1.56159,-0.0342101,2.49205
-0.236148,-1.42733,-0.149543,2.14247
0.573103,-0.752669,0.0595512,0.942437
-0.609471,-0.522645,-0.0537737,0.685297
-0.61685,0.765078,-0.0574115,1.00098
0.478328,0.515357,-0.115643,0.545361
0.129025,1.48412,-0.035849,2.27967
0.434912,1.28616,-0.093789,1.89762
-0.62273,0.602506,-0.0234261,0.787428
0.390042,-0.942302,0.00516239,1.08021
-0.481321,0.999174,-0.0992501,1.2839
-0.475607,-0.688427,-0.141847,0.747894
0.440128,0.098198,-0.0107114,0.259117
0.560684,-0.703082,0.18867,0.845133
-0.553683,-0.264407,-0.0459528,0.432522
0.409307,-0.833392,-0.14428,0.898567
-0.49635,-0.368341,-0.194217,0.423453
0.491092,-0.184746,-0.0494797,0.33358
0.649413,-0.309649,-0.0492531,0.543536
-0.476692,0.913291,-0.171179,1.1055
-0.573394,1.05527,0.0627813,1.48904
0.513199,0.761312,-0.194977,0.883776
0.174032,1.47793,-0.0873893,2.27325
-0.133141,-1.43744,0.0236012,2.14377
-0.599587,0.414845,0.148301,0.565947
-0.506384,0.572941,-0.0685117,0.643484
-0.674515,-0.598992,0.0406822,0.828583
-0.500776,0.291288,0.109676,0.38974
0.347907,-1.01028,0.0733575,1.16693
-0.480255,0.744468,-0.116585,0.836331
0.442921,-0.667099,-0.135813,0.687151
0.457072,-0.818864,0.113317,0.92903
-0.309647,1.51404,-0.110649,2.42503
0.638221,1.04247,-0.0595406,1.51937
0.439091,1.26917,-0.125168,1.85837
-0.451033,-0.386736,0.12426,0.40008
0.156796,-1.51246,-0.1059,2.35796
0.504887,-1.34042,0.0803862,2.08874
0.179396,1.45539,-0.0677877,2.2066
0.611583,0.0911349,-0.0706694,0.420123
-0.630594,-0.577361,-0.135494,0.756247
0.590302,0.152207,0.0181311,0.420326
0.504076,-0.822827,0.0132851,0.99205
0.535547,0.165423,-0.168194,0.358702
-0.630063,0.119007,-0.0516818,0.445275
0.5714,0.198018,0.0388906,0.418239
0.407982,-1.53845,-0.0113518,2.54781
0.152972,1.33974,0.13745,1.84589
-0.355706,1.23647,0.137795,1.69902
0.609362,-0.163708,0.0651399,0.437126
0.518752,0.798142,-0.195377,0.946903
-0.454,-0.0732709,0.160201,0.255023
0.455668,-0.331995,0.143642,0.364264
0.60765,0.395996,0.131606,0.559699
-0.677102,-0.865306,0.0730591,1.2178
0.383902,0.7344,0.16194,0.713279
0.595975,0.274695,-0.16275,0.464086
-0.487492,1.00661,0.0474295,1.30622
0.63205,0.529713,0.00287339,0.712363
-0.424741,-0.021079,0.0278847,0.231926
0.535236,-1.32881,0.0192737,2.08637
-0.547109,-1.09003,-0.0753874,1.53583
-0.553291,0.683632,0.0133257,0.827807
0.0716079,1.55094,0.146794,2.45462
-0.0419644,1.43631,-0.00705652,2.12269
-0.556634,-0.40119,-0.188887,0.507853
0.615978,1.01539,0.145656,1.43985
-0.346372,-0.503041,-0.111796,0.391575
-0.48171,-0.0302027,0.118903,0.284943
-0.675543,-0.220706,-0.0954758,0.514229
-0.545127,-0.401384,0.0221088,0.513362
0.31489,1.44266,-0.13415,2.23019
0.565171,0.848681,0.15529,1.0794
-0.599906,1.03735,-0.10762,1.47322
-0.460843,-1.02444,0.0220051,1.31787
-0.427899,0.715815,-0.00354157,0.74846
-0.145022,1.44208,-0.0631147,2.15621
-0.0936876,1.35257,0.0357239,1.87668
-0.556735,1.12926,0.032702,1.63609
0.407028,0.289758,0.0557882,0.29486
0.0937903,-1.59673,0.0299632,2.59758
0.0697201,-1.40992,-0.145564,2.02618
0.272219,-1.5045,0.07174,2.38782
0.477337,-1.15297,-0.139123,1.60824
-0.480072,-0.452397,-0.00397255,0.492658
0.566913,0.0108522,0.153466,0.362627
-0.462233,-1.05993,0.0326152,1.39421
0.478671,-1.18279,0.0209467,1.68842
0.443091,0.930374,-0.0288193,1.1165
0.484322,-0.402695,0.0194171,0.458652
-0.440311,-0.278803,-0.111984,0.3206
0.0954484,1.49997,-0.101186,2.31335
-0.358645,-0.232213,-0.00739573,0.212186
-0.33235,-1.43751,-0.0305361,2.22983
-0.482517,1.42362,0.0600369,2.28206
-0.370108,-1.2082,0.163701,1.63601
0.578207,0.963009,0.106016,1.30519
0.377256,0.944166,0.0615924,1.06918
-0.343385,1.41835,-0.0637962,2.18694
-0.482312,-1.02228,0.176504,1.32342
-0.57316,0.36109,0.170285,0.496277
-0.50302,0.303263,-0.110024,0.398742
0.541109,0.777933,-0.0798522,0.952587
-0.680877,1.06858,0.0420198,1.6144
0.187507,1.49603,0.192093,2.31395
0.48735,-0.600528,-0.151576,0.645019
0.0641553,1.6014,0.0255459,2.61149
0.471486,-0.13505,0.13856,0.289244
-0.5675,-0.409096,-0.148253,0.53168
-0.432253,0.0370487,0.0458555,0.240326
0.111305,1.6042,0.0620079,2.6214
0.381533,-0.613691,0.0275431,0.560597
0.330869,-1.50696,-0.113722,2.41605
-0.415956,0.449052,-0.00176451,0.421669
0.453256,0.97804,-0.0977528,1.21341
-0.491473,-1.25694,0.190226,1.85855
0.103616,1.62007,-0.0655284,2.66544
-0.351941,0.0571082,-0.130612,0.145457
0.169688,-1.55399,0.122549,2.48682
0.251617,-1.33802,-0.00660002,1.90502
-0.506042,-0.915155,-0.158529,1.14099
-0.200972,-1.42311,0.180178,2.10813
-0.148198,1.48401,-0.0894188,2.27933
0.405363,0.0894799,-0.101716,0.21413
0.555556,1.13151,-0.0401371,1.63836
0.381593,1.13861,-0.141401,1.47996
-0.567229,1.10094,0.0228863,1.58739
0.361682,-1.13384,-0.137772,1.449
-0.342307,1.17679,0.161645,1.52976
-0.530084,-0.439607,-0.120358,0.525251
-0.0757257,1.56315,-0.0383484,2.50183
-0.565645,0.489801,0.129689,0.604997
0.475226,-0.0393349,0.184314,0.269059
-0.232474,-1.33213,-0.0423875,1.87361
-0.371839,-0.140244,0.0676713,0.190027
-0.289093,1.51834,-0.0337727,2.43815
-0.0382136,1.51105,0.134158,2.33782
-0.608304,-0.590328,0.0550983,0.76128
-0.307213,1.57186,0.00378472,2.59139
0.355477,-0.0691792,0.134041,0.15092
-0.352803,1.39451,0.140674,2.11654
0.534908,0.141808,-0.129869,0.355899
0.322479,-0.638435,0.0472084,0.523357
0.418103,-1.33654,-0.0739749,2.01782
0.641377,-1.04655,-0.0809282,1.53167
-0.212649,1.22904,-0.0142231,1.56259
-0.581278,-0.0570483,0.1017,0.38629
-0.0062369,1.5823,0.0372412,2.55594
-0.536581,1.2428,0.0845436,1.87753
0.201673,1.47204,-0.105814,2.26288
0.567686,-0.768368,0.179701,0.949419
0.529661,-0.436282,0.0408165,0.529311
0.558058,1.13331,-0.0108292,1.64408
-0.185127,-1.36438,0.155778,1.93154
-0.563399,0.735069,-0.101329,0.90758
0.524497,1.05578,-0.0440062,1.44371
-0.526691,0.997628,-0.0838585,1.32856
-0.4255,-0.332959,-0.159669,0.331054
-0.313004,-0.735395,-0.000316214,0.646636
0.607013,0.283216,-0.116896,0.483925
0.504898,0.70044,0.17881,0.789743
-0.328918,-0.999533,-0.0181028,1.1244
-0.419894,-1.01158,0.1466,1.2402
-0.639944,-0.167878,0.116535,0.461751
-0.533163,-0.10824,-0.103491,0.348774
-0.385524,-0.455535,-0.0424499,0.396394
-0.412574,-1.24061,-0.142209,1.75887
-0.463495,-0.3774,0.120926,0.408479
-0.566609,1.28465,-0.0375361,2.00501
0.349228,-1.25935,0.0215331,1.76228
0.567984,-0.450257,0.0525442,0.576547
0.450388,-0.857501,0.107422,0.988512
-0.460649,0.614946,-0.186599,0.630603
-0.619431,0.239496,0.00964449,0.47888
-0.483098,0.357145,-0.0710378,0.419058
0.435416,1.32916,0.143165,2.00255
-0.292103,1.41209,0.134803,2.12666
0.475816,-0.597748,0.122055,0.636331
0.341804,0.376511,-0.08271,0.278015
-0.616457,1.21369,0.0919106,1.8725
0.497936,-0.873307,0.120066,1.06306
0.453099,-0.474456,0.0218017,0.486689
0.456602,0.450246,-0.131725,0.460156
0.561468,1.14836,-0.0811148,1.68022
-0.34166,0.816806,-0.00918236,0.806303
-0.155827,-1.42918,-0.147691,2.1137
-0.403465,0.985297,0.0889922,1.17654
0.486009,-0.906957,0.175865,1.10197
-0.359118,-1.16513,-0.0364841,1.53293
0.556297,-1.2024,-0.128971,1.79242
-0.600372,-0.646124,-0.026407,0.822915
0.606505,1.13991,0.155574,1.69238
0.304161,-1.20543,-0.0865205,1.57755
-0.222094,1.65449,0.0267471,2.7922
-0.551072,0.791025,-0.169919,0.969947
-0.64362,-0.400831,-0.111328,0.597966
0.308129,1.36319,-0.025519,2.01291
0.635443,0.537999,0.0846488,0.722936
0.466499,0.959484,0.0260801,1.19326
0.395441,1.25852,-0.100638,1.7947
0.59626,0.453004,0.0430907,0.606332
-0.248484,1.52779,0.144685,2.43482
-0.151161,1.27474,0.0281741,1.65538
-0.344264,-0.235598,-0.0359012,0.19611
0.690548,0.712369,0.00279399,0.990131
-0.441741,0.416283,-0.146122,0.412678
-0.458337,-1.0974,-0.117241,1.46944
0.381508,-0.864996,-0.0100255,0.93595
0.58119,0.153825,0.0383933,0.412476
0.472422,-1.08525,-0.161528,1.44548
0.417193,1.46497,-0.0584172,2.35742
-0.504715,1.16294,-0.0350125,1.66727
0.605488,-1.32509,0.0235393,2.12751
0.397908,-1.23201,-0.126225,1.72291
0.413836,-1.06406,0.0272758,1.35522
0.516685,-0.893919,0.0476695,1.12449
0.485893,-1.08347,-0.0752383,1.46348
0.382887,-0.570787,-0.0349587,0.511416
-0.367268,0.539484,0.0827602,0.456352
-0.585595,-0.553199,-0.178933,0.681753
-0.592961,0.0440016,-0.0894087,0.396151
-0.0745921,1.60473,-0.0202541,2.62571
-0.642122,-1.06497,-0.0316693,1.57594
-0.212785,1.37339,0.166487,1.97171
-0.460091,-0.403625,-0.0394709,0.430053
-0.00974369,1.53689,0.145573,2.41055
-0.425393,1.01388,-0.139501,1.25162
0.455818,0.902467,-0.0376598,1.0781
0.425543,-0.334032,-0.162634,0.331127
0.32988,-0.548601,-0.0733627,0.423478
0.374449,-0.156706,0.114263,0.194652
-0.331928,1.27315,0.0544344,1.78306
0.609954,0.639725,-0.130815,0.814113
-0.42883,-0.733972,-0.0909034,0.770087
-0.34545,-0.609946,0.12356,0.507759
-0.449671,-0.735618,-0.0661419,0.794896
0.685018,0.762205,-0.0402571,1.05743
-0.414389,-0.0598943,-0.118214,0.217843
0.174969,1.51365,0.164628,2.36542
0.499529,0.239972,0.074001,0.366374
0.309075,0.82298,0.0278552,0.778325
-0.0511567,-1.45039,-0.140686,2.1545
0.509769,0.421096,-0.118573,0.49061
0.6257,0.447996,-0.0595928,0.625988
0.417662,1.26961,-0.134399,1.83838
0.19688,1.32995,-0.0942197,1.84624
0.405595,0.371244,-0.159321,0.336465
-0.439908,-1.13445,0.0937979,1.53407
0.0930162,1.57861,-0.16355,2.53711
-0.448045,-0.956074,0.0292595,1.17113
-0.658277,-0.0153778,0.0255039,0.454239
0.445584,-1.16972,0.188662,1.60866
0.346549,-0.674174,0.105939,0.593922
0.36215,0.580503,-0.0682897,0.498804
-0.585452,-0.246696,0.0867155,0.450232
-0.678293,-0.627589,0.0596666,0.863804
-0.552462,0.515675,0.0748881,0.623635
-0.612169,-0.960902,-0.0197899,1.33871
0.623923,-0.954549,-0.00368535,1.33831
0.235589,1.19505,0.0446013,1.48581
0.620857,-0.0865619,0.031928,0.430645
-0.458796,0.129859,0.0435996,0.284853
-0.385524,0.906739,0.147923,1.00037
-0.394637,-0.773605,0.165175,0.783858
0.284053,-1.36993,0.106458,2.01136
0.689069,0.863845,-0.029539,1.22717
-0.612713,-0.127617,0.104589,0.427595
-0.400367,-0.0179014,-0.0465771,0.203658
-0.441669,-0.120404,-0.0483863,0.263915
-0.399362,-1.02807,0.0972534,1.26071
-0.460617,-1.03992,0.118685,1.34254
-0.633815,0.28073,-0.0237357,0.512699
0.416258,1.16506,-0.148004,1.57634
-0.490741,-1.12148,0.0932393,1.55106
-0.632843,0.994769,-0.072156,1.42205
-0.605208,-0.820551,-0.0942824,1.0764
0.403489,-0.849248,0.117075,0.923312
0.349943,-1.28726,-0.103679,1.83486
-0.469832,-0.403079,0.106251,0.437928
-0.334557,-1.07914,-0.11875,1.29369
0.41686,1.34279,-0.00239546,2.03272
-0.550251,-0.455054,0.0462679,0.562361
0.52625,-0.174584,-0.0820327,0.364171
0.281133,1.51998,-0.10567,2.42834
-0.597104,0.312829,0.0700398,0.497672
-0.347383,-1.22622,-0.0188845,1.67165
0.17012,1.58061,0.12596,2.56419
0.220807,-1.6287,0.0416038,2.71655
-0.126736,1.54912,-0.114484,2.4605
0.366106,-0.98626,0.0637074,1.13941
0.556569,1.27463,-0.0725614,1.96401
-0.555927,-0.533699,0.166345,0.635785
-0.18095,-1.28046,0.091414,1.68562
-0.360692,-0.754372,-0.12415,0.722765
-0.395873,0.611576,-0.0712416,0.573861
-0.480278,1.46307,0.0306027,2.39069
0.645326,0.0309157,-0.0242279,0.444862
-0.554614,0.630246,-0.163121,0.745792
-0.338739,-0.592401,-0.00704671,0.485355
0.529373,-0.770323,0.0464587,0.935727
0.013219,1.49476,-0.158511,2.28627
0.327764,0.763237,0.0538908,0.703119
0.298615,1.62006,-0.0183881,2.71831
-0.448028,-0.775217,0.0216812,0.858764
-0.632182,-1.28416,-0.0181269,2.05192
-0.615363,1.09107,-0.0100392,1.60427
-0.61783,0.870011,0.11646,1.17128
-0.448152,0.390998,-0.0549125,0.406478
-0.384934,-0.0745023,0.128692,0.185368
-0.44453,0.849533,0.0598042,0.972669
0.401033,0.59905,0.0153912,0.567154
0.593281,-0.856517,-0.00869691,1.13261
0.541138,-0.983189,0.0298493,1.31688
0.358723,-1.10304,-0.0160788,1.37849
-0.476716,0.227975,0.154901,0.326073
0.476103,0.218587,-0.114253,0.328491
-0.521445,0.584186,0.14623,0.663501
-0.687577,0.630502,-0.0608821,0.875574
0.369968,1.24789,-0.103542,1.74636
0.227603,-1.42281,-0.138717,2.12597
-0.0988777,-1.4098,-0.0266102,2.0577
0.397761,0.676833,0.0100345,0.658822
0.534582,1.07249,-0.0715994,1.48505
-0.132407,1.33824,-0.0570854,1.84423
-0.323579,0.57449,0.0452212,0.446439
0.345774,1.58577,-0.0184604,2.64442
-0.428497,0.793592,0.0218377,0.867125
0.509035,0.773819,0.0807694,0.914781
-0.397919,0.493361,0.0467835,0.443709
-0.0394586,-1.46906,-0.0328279,2.21889
-0.558178,0.279776,-0.0210559,0.446236
-0.486241,-1.22638,0.00353107,1.7962
0.609735,0.487073,-0.087321,0.64596
0.381912,0.725723,-0.0752851,0.707619
0.582946,-0.346168,-0.0513843,0.509082
0.461172,1.09157,0.140364,1.45385
0.463258,0.957461,-0.176299,1.17429
-0.519488,0.122538,-0.00630897,0.345115
0.41349,-0.798687,-0.130544,0.849933
0.373392,-0.354275,0.144043,0.290817
0.11952,-1.47329,0.0523092,2.24212
0.442238,-1.46317,0.0115189,2.3647
0.369756,-0.295609,0.0263108,0.258081
-0.177344,-1.2556,-0.0166367,1.61442
0.42975,-0.369265,-0.112723,0.366917
0.45695,0.236653,0.152286,0.310233
0.644359,-0.102234,0.0427563,0.453536
0.326116,0.0139698,-0.0507396,0.11971
-0.268457,1.22461,0.0930312,1.59594
-0.531782,0.0217579,0.0169603,0.342719
-0.690843,-0.618159,0.0498724,0.863688
0.343791,-1.38526,0.0741528,2.09194
-0.275478,-1.21567,0.117719,1.57211
-0.628615,-1.07437,0.137301,1.57312
-0.688765,0.86299,-0.0263897,1.22607
-0.267815,1.42705,-0.102266,2.16551
-0.483945,-0.364791,0.141165,0.416303
-0.518471,1.39165,0.0281483,2.2275
0.500585,0.173147,-0.0605451,0.339426
0.503884,-0.324082,0.0565443,0.418636
0.149189,1.43247,-0.168788,2.11953
0.683867,-0.490891,0.0126441,0.718443
0.579964,-0.863186,-0.175179,1.11669
0.603106,1.23946,-0.132679,1.91843
0.616261,0.819958,-0.121152,1.08398
0.545827,0.059942,-0.0829336,0.353875
0.672627,0.37282,0.0835211,0.603757
0.389574,-1.49619,0.148328,2.414
-0.446125,1.44328,-0.0673519,2.31303
0.210848,-1.54833,-0.0756363,2.48425
0.320207,-0.719998,-0.057881,0.630567
-0.277182,-1.5948,0.114906,2.63705
-0.074354,-1.44687,-0.145608,2.14491
0.525623,-0.848178,-0.002116,1.05145
-0.580327,0.926662,-0.0547453,1.24495
0.0923857,1.44685,-0.0738574,2.15927
0.65638,0.601046,0.0648695,0.813755
0.468701,0.865262,0.00855332,1.02335
0.633425,0.593833,-0.0343637,0.785626
0.371762,0.341038,0.0518924,0.288623
0.365175,-1.04835,0.126638,1.26
-0.368607,1.30755,-0.0690433,1.90429
0.139571,-1.58276,0.0930943,2.56175
-0.436606,-0.319779,0.134404,0.338226
-0.249626,1.5444,0.132772,2.48318
-0.57599,-1.17036,-0.0611006,1.74533
0.424454,-0.931646,-0.139211,1.08905
0.527191,-1.39707,-0.0109665,2.24935
0.480832,1.20152,0.159095,1.72089
-0.398566,0.749016,0.168411,0.750111
-0.423787,0.604358,-0.164349,0.582172
-0.206437,-1.24058,0.0422697,1.5914
0.380707,-1.45271,-0.15368,2.29063
0.409532,-0.436448,-0.126385,0.398248
0.414345,-1.12262,0.0877403,1.48168
-0.434478,-1.39188,0.173806,2.16006
0.43533,-0.289678,-0.0255285,0.327442
0.548353,-0.529237,-0.0507491,0.638393
0.399169,0.523778,0.0608057,0.475736
0.529644,-0.538655,0.0955514,0.624075
-0.28344,-1.14684,0.0316365,1.40691
-0.518446,0.755548,-0.0851746,0.894121
0.570638,-1.11854,0.0561213,1.62689
0.575828,1.09872,0.0820773,1.58233
0.348446,-0.0221546,-0.0203875,0.146524
-0.580197,-0.352013,-0.0481567,0.508611
0.568251,-0.759649,0.148603,0.940037
-0.558748,0.314194,0.087183,0.461993
-0.282016,-1.42137,0.0476288,2.16267
0.604733,0.788855,-0.0685929,1.0309
0.581466,0.643862,-0.0313772,0.80143
0.115068,1.42041,0.000568644,2.08698
0.370779,-0.0716651,-0.0134301,0.177383
0.327458,0.925388,-0.0223803,0.979727
0.555315,-0.529764,0.123515,0.635251
-0.442077,0.466966,-0.0329186,0.466452
-0.344551,0.633208,-0.116919,0.536302
0.565,0.568903,-0.0653108,0.694741
0.685826,1.07764,0.00638948,1.63799
-0.475047,-0.908844,0.186515,1.09207
0.39698,0.844873,-0.14014,0.903534
-0.534613,-1.16913,-0.0871775,1.70259
0.505841,0.26588,-0.061708,0.384755
-0.412113,0.390244,-0.0106475,0.371819
-0.468041,-0.611497,0.10206,0.647724
-0.536866,0.312185,0.128064,0.435159
-0.537449,-0.103659,0.174615,0.341696
0.445127,-0.823622,-0.124016,0.925772
-0.422279,1.21753,0.185183,1.70472
0.599881,0.248634,-0.0631006,0.465245
-0.224599,-1.36005,-0.167522,1.9376
-0.483913,0.0057588,0.199229,0.273938
-0.464387,-0.710988,-0.0723722,0.777029
0.536058,1.0459,-0.0820996,1.43611
0.541237,1.19941,-0.0704547,1.77786
-0.416184,-0.596264,-0.164324,0.565762
-0.177759,1.51274,0.183713,2.36047
-0.0568559,-1.60431,-0.12744,2.61128
0.350682,0.433311,-0.110258,0.330979
0.589568,-0.76753,-0.0924913,0.981322
-0.317748,-1.34086,0.15514,1.94483
0.670132,0.826441,0.0158178,1.14725
-0.291754,-1.23733,-0.114616,1.64946
0.59319,-0.152941,0.0596464,0.421049
0.515546,-0.436654,0.121521,0.508899
0.596584,-0.297551,-0.128738,0.483049
-0.531236,0.748254,0.135189,0.891784
0.380237,1.53866,-0.0562533,2.53117
0.124012,-1.40782,-0.120018,2.03967
-0.341491,-1.41815,-0.126008,2.17644
0.290699,1.39961,-0.0297132,2.108
-0.627496,-0.00944098,-0.0106067,0.42925
-0.57636,-1.08903,0.0498616,1.5658
-0.39088,-0.210266,-0.143486,0.228376
0.174687,-1.5285,-0.0468513,2.41921
0.569719,-1.25831,-0.149657,1.93222
-0.500713,-0.627928,0.12276,0.699098
0.448485,-1.13953,-0.166182,1.54416
0.543324,0.460791,0.0161172,0.566609
-0.572988,1.12398,-0.162086,1.62648
-0.380483,-1.22835,-0.181965,1.69253
-0.351642,0.498447,-0.0417114,0.398915
-0.422277,0.927448,-0.0500921,1.08628
0.421749,-0.672533,-0.165204,0.666024
-0.0800221,1.3715,-0.045129,1.92498
0.397625,-0.631228,-0.110563,0.596009
-0.55766,0.564398,0.156861,0.672104
0.422545,-0.190208,-0.0618416,0.263726
0.672572,-0.0747217,0.00724865,0.473185
0.41221,-1.35102,-0.026913,2.05182
-0.648987,-0.966977,-0.0249883,1.38225
-0.631766,0.696482,-0.0253791,0.918092
0.249572,-1.32819,-0.160722,1.86085
0.20721,-1.38343,-0.0236169,2.00905
0.0428823,1.3892,0.079115,1.97289
0.523323,-1.35991,-0.0225244,2.15264
-0.16129,1.56483,-0.0378524,2.51824
-0.391686,-1.35774,0.190653,2.03649
0.660478,-0.0188777,0.0650868,0.455875
0.598091,-0.197118,0.0753552,0.438694
0.46673,0.482106,0.028097,0.511195
0.00532827,1.33362,0.0620047,1.79569
0.646111,0.333781,0.116141,0.550467
0.476472,-0.627917,-0.0745793,0.67799
0.175715,-1.62413,-0.0975987,2.6903
-0.356675,0.378396,-0.0219862,0.298346
0.401901,1.25928,0.19248,1.78812
0.459088,-0.250809,-0.0951494,0.327394
-0.428245,-0.892971,0.0653075,1.03251
0.187788,-1.38663,0.0899741,2.00999
-0.406288,-1.0164,0.160659,1.23333
-0.157515,1.31839,-0.0544931,1.79164
0.615133,0.427502,-0.00725985,0.602942
0.619839,-0.657074,-0.0738258,0.848386
0.536244,0.770833,0.189798,0.921839
0.515085,-0.656451,-0.12229,0.750043
-0.407472,-0.566795,0.11227,0.526491
-0.426562,-0.140873,-0.15152,0.241846
-0.460164,-0.0664295,-0.0803992,0.27118
0.442457,0.268543,0.00729088,0.322875
-0.629353,-0.929079,0.0591958,1.29236
-0.31724,-0.339147,-0.0139295,0.226734
-0.663386,-0.604549,0.027937,0.823181
-0.395861,-1.24156,0.100497,1.75085
-0.338411,1.48108,-0.0215775,2.35479
-0.522782,-0.49276,0.025777,0.574076
-0.43157,0.624998,-0.0614569,0.628005
0.402269,0.0528087,0.110831,0.203813
0.660676,0.485137,-0.0854357,0.689518
-0.474661,0.205129,0.0785773,0.323269
0.476075,-1.31182,0.0587085,1.99612
0.369857,-1.31377,0.0505145,1.92225
-0.357836,0.0832728,0.128501,0.156711
-0.501909,-0.914501,0.108844,1.14363
-0.624518,1.19769,0.0870641,1.84518
0.518938,-1.2079,-0.178898,1.7683
-0.330941,0.321343,-0.102212,0.224921
0.610451,-0.160518,0.0374956,0.439982
-0.501785,-0.0292918,0.00197806,0.313297
-0.389514,0.222368,0.0257336,0.242281
0.0307069,-1.42305,0.0416077,2.08172
-0.430996,0.437998,0.010611,0.429987
0.43273,0.199091,-0.0760216,0.276401
-0.375065,1.40157,0.00737664,2.1603
0.183324,-1.43353,-0.132038,2.13849
-0.290253,-1.33981,-0.184036,1.91797
0.350998,0.540021,0.0665911,0.440084
0.412534,1.01678,0.118995,1.24524
0.226487,1.5599,-0.169652,2.51391
-0.332976,0.710507,-0.00635974,0.6336
0.550313,-0.253853,0.126,0.41641
0.314836,-0.689978,-0.0650894,0.58104
0.330348,-0.269134,-0.0444984,0.197859
-0.0748759,1.40983,-0.0657462,2.04516
0.532454,0.85875,-0.139432,1.06831
-0.536962,0.00981158,-0.156135,0.334109
0.654137,-0.2647,-0.0605565,0.519027
0.459614,0.0257042,0.118367,0.262312
0.310237,0.587519,0.0231482,0.447576
0.0162332,1.34596,0.0735814,1.83536
-0.555423,-0.272057,-0.00145387,0.437466
-0.541232,0.940543,-0.119121,1.22887
0.493943,-0.138607,-0.190179,0.305258
0.0789123,1.55994,-0.0656167,2.48509
-0.567842,0.0332757,-0.18506,0.359373
0.432902,0.0518519,0.0511387,0.240602
0.417031,-1.34756,0.0183734,2.04584
-0.35686,1.39604,-0.00504494,2.13275
-0.414628,-0.286142,0.0923937,0.299545
0.154365,1.31387,0.0166197,1.77927
-0.320603,1.41534,-0.155047,2.15329
0.514147,0.689073,0.0786417,0.796728
-0.474695,-0.415574,-0.0652592,0.456585
-0.586618,-0.379426,-0.0197266,0.537455
-0.511587,-1.07321,-3.55663e-05,1.47724
-0.437754,-0.481513,-0.0688611,0.474876
-0.323968,0.55351,0.0309762,0.424831
-0.0493621,1.33394,0.0715379,1.80121
-0.23494,1.51105,0.123447,2.38584
0.507195,-0.826847,0.0882373,0.995833
-0.308647,1.0086,-0.00731479,1.11872
-0.44626,0.400836,-0.0741218,0.410885
-0.366846,-0.934616,0.13391,1.03327
-0.532756,0.953584,0.166437,1.23672
-0.651413,-1.12877,0.103651,1.71361
0.411184,1.01804,0.144616,1.24294
-0.357845,-1.41309,-0.0399471,2.17948
0.337356,0.456915,0.0267818,0.341104
0.453105,0.921085,0.138711,1.10334
-0.486811,1.00137,-0.19121,1.28219
0.333756,1.53234,-0.0680421,2.49203
0.304971,-1.32608,-0.0755745,1.90229
0.590093,-1.28469,0.118235,2.01585
-0.468884,-0.597996,0.185025,0.618949
0.617933,1.04531,-0.032634,1.51054
-0.385635,-1.12314,-0.0260774,1.4589
0.433293,0.946353,0.181799,1.11982
-0.411094,0.622124,-0.0395915,0.604531
0.477094,-0.303699,-0.0826995,0.375801
-0.411029,0.97295,-0.0195797,1.16416
0.572654,0.0458608,-0.152456,0.370543
-0.313039,-1.25441,0.0465881,1.7222
-0.607044,-0.888184,-0.0743145,1.19674
-0.13434,-1.48724,-0.039259,2.29129
0.321107,-0.476331,0.0140448,0.342126
0.507513,0.0387794,-0.160498,0.307002
-0.353687,0.00972527,0.00751343,0.153709
-0.634395,-1.19481,0.110902,1.84372
0.428979,-1.15666,-0.110447,1.57487
-0.182786,1.30793,0.0940665,1.76996
-0.437899,-0.663795,-0.0765298,0.682801
-0.335192,0.488903,-0.107167,0.364556
-0.651179,0.989995,0.0241516,1.42932
-0.586405,-1.32845,-0.0537856,2.12096
-0.516166,-1.25371,0.0647848,1.88978
-0.319701,0.300548,0.0374532,0.203877
-0.611452,0.90969,0.0565957,1.24211
0.621896,1.04876,0.1133,1.51475
0.436402,0.968166,0.0267382,1.18152
0.346189,-1.31656,0.186431,1.89186
-0.623413,0.553356,-0.0667768,0.728447
-0.486473,0.856329,-0.00687272,1.02855
-0.688059,1.02949,0.0437888,1.53912
-0.200503,1.5149,-0.104311,2.38681
-0.450017,-0.191477,-0.0478663,0.294114
0.698832,0.533754,0.00880475,0.773891
-0.478039,1.35459,-0.0701432,2.10689
-0.470783,0.453054,0.138296,0.475166
0.395668,-0.956618,-0.0357852,1.11486
0.608659,0.833724,0.130306,1.10016
0.213415,1.47741,-0.176194,2.27154
0.485474,-1.26746,0.0488319,1.89834
-0.620731,0.952277,-0.0878836,1.32691
-0.483949,0.291874,0.156714,0.365892
-0.185512,1.58291,0.106169,2.57467
-0.309462,-0.0509034,-0.0181478,0.103321
0.271673,1.50191,0.16858,2.36739
-0.367197,-0.921049,0.0878657,1.01294
0.503324,-0.00842547,-0.18596,0.295585
-0.614164,0.142749,0.0379933,0.437792
-0.337205,-1.10821,-0.0444147,1.37154
0.157203,1.3526,-0.14469,1.8854
0.0322028,-1.31682,0.0292433,1.74396
-0.458455,0.806603,-0.0539753,0.918528
-0.0973524,-1.48455,-0.0709335,2.27009
-0.106281,-1.60914,-0.081777,2.63339
-0.467529,0.0646485,-0.0589581,0.279952
-0.444968,-1.34645,-0.14421,2.05693
0.211744,1.56804,0.152159,2.53339
-0.340541,-0.337967,0.0815069,0.248692
-0.477666,-0.835093,0.121436,0.979477
0.579748,-0.152543,0.10133,0.404568
-0.316651,1.32725,-0.17774,1.90304
-0.556678,-0.0421534,0.105523,0.360695
-0.189913,-1.49143,0.127255,2.30961
0.455284,-0.575979,-0.155752,0.583378
0.041688,-1.43916,-0.124628,2.12179
0.1299,1.49188,0.0480728,2.30135
-0.493757,-0.783672,-0.112452,0.913309
-0.376597,0.432365,-0.0346161,0.364807
0.580815,0.571638,-0.117373,0.706517
0.473922,0.862131,-0.073287,1.02265
-0.509781,-0.174543,0.102144,0.346182
0.118124,-1.52495,0.0601811,2.39401
-0.00990205,1.56258,-0.122288,2.48587
0.619234,0.141852,-0.0404213,0.441972
-0.60292,-0.869617,0.092504,1.15687
-0.397791,1.31966,0.0181765,1.95799
-0.537656,-0.211134,0.119208,0.385251
0.485814,-1.41085,-0.0358621,2.25278
0.557266,-0.792115,0.0541818,0.992889
0.424119,0.195309,-0.0787103,0.266531
-0.0931661,-1.39551,0.0601052,2.00579
0.453324,-0.285842,-0.160226,0.330775
-0.469886,-0.576041,0.0686956,0.607852
-0.638752,1.1781,0.028859,1.81307
-0.525335,-0.476655,-0.130281,0.553551
0.580967,0.686363,0.113738,0.850699
0.373573,-0.693509,-0.0716347,0.653881
-0.459511,-0.448649,0.080412,0.468843
-0.0525354,-1.43722,-0.101251,2.12139
-0.363461,0.976224,0.0842868,1.11322
0.240711,1.32353,-0.122707,1.84767
-0.487781,0.148517,0.178412,0.303488
-0.304094,-1.53278,-0.142247,2.47142
-0.473206,0.860909,0.188663,1.00664
0.371088,-0.853099,0.0973738,0.896632
0.603959,-1.15539,-0.0492428,1.73486
0.200357,1.46726,-0.185902,2.23545
0.512472,-0.514774,-0.169594,0.572262
-0.201768,-1.60232,0.0530046,2.63646
-0.551617,0.726404,0.0427119,0.884185
-0.655983,0.811488,0.00256804,1.1129
0.440817,-0.701569,-0.0915958,0.73851
0.450306,0.306433,0.131824,0.344084
0.368054,-0.216624,0.0265552,0.216523
0.28902,-1.2282,-0.126009,1.61851
0.287763,-1.3089,0.0288779,1.84453
-0.423399,-0.0260673,0.00861427,0.230499
-0.533918,0.196474,0.114466,0.375447
-0.530224,-0.329254,0.101548,0.44346
-0.646697,0.894159,0.11393,1.23975
-0.538202,-0.357249,-0.159169,0.461416
0.523929,0.331254,-0.0593393,0.441032
-0.61185,1.18673,-0.0736259,1.81076
-0.599258,-0.374382,-0.152819,0.532802
0.506453,-0.648164,0.0869854,0.731976
0.337831,1.47983,-0.0774258,2.34458
0.480263,-0.403775,-0.0126407,0.452951
0.59049,-0.627145,-0.147767,0.777962
0.616792,1.06351,-0.121848,1.54251
0.601987,-0.184439,-0.135542,0.432144
-0.408309,0.0575267,0.0370767,0.21752
-0.595774,-0.404825,0.0256523,0.565345
0.2392,1.47821,0.0858913,2.29179
-0.39556,0.715982,-0.136657,0.701742
0.479707,-1.34104,-0.0468685,2.07856
-0.29747,-1.42756,0.0104746,2.18367
0.508021,1.32252,0.0254957,2.0477
-0.358284,-0.32229,-0.0210791,0.263675
0.511521,1.02557,-0.104572,1.36809
-0.599175,1.01983,-0.111558,1.43659
0.389222,0.521678,-0.0774747,0.463145
0.126254,-1.34174,-0.0113056,1.8513
-0.543039,0.000269221,-0.0987267,0.347378
-0.506542,1.13895,-0.136212,1.60096
0.536307,1.08986,0.0256685,1.5311
0.344811,0.728969,-0.0565899,0.672638
-0.296848,-1.33508,0.0732752,1.92103
0.451385,-0.264838,0.150566,0.318918
0.351858,-1.34475,0.0876885,1.9878
0.436069,-0.649345,0.106583,0.661289
0.483218,0.843535,-0.190005,0.986756
0.474858,-0.940019,0.093362,1.16509
-0.423398,0.18367,-0.134483,0.255206
-0.282748,1.11294,0.01531,1.32127
0.444288,0.934191,-0.0680696,1.12341
-0.535124,0.0223618,-0.0649892,0.342378
-0.519503,0.287108,0.134181,0.403096
-0.0357507,1.38903,-0.0983886,1.97113
-0.396929,-1.21625,-0.0440185,1.69092
0.518355,-1.33638,-0.0176062,2.09076
-0.424158,1.31374,0.183828,1.94711
-0.605271,0.262123,-0.165952,0.464348
-0.433676,-0.583947,-0.183328,0.565811
-0.151284,1.48387,-0.0259061,2.28816
-0.421642,1.2353,-0.0265519,1.76651
0.549438,0.0817098,-0.00371126,0.362926
-0.586313,0.130214,-0.0421999,0.40803
-0.0162995,1.48203,-0.181774,2.23863
0.617994,-0.437806,0.0918502,0.608328
0.495249,-1.03705,-0.0801688,1.37464
0.629494,0.745007,-0.105381,0.979385
-0.46952,-0.390123,0.127937,0.423947
0.0532131,-1.57311,-0.170947,2.51412
-0.046595,1.58603,0.16313,2.55189
0.54587,-0.679455,-0.00984091,0.817941
-0.295403,-1.2048,-0.0913337,1.5676
-0.368978,-0.379163,-0.013754,0.313303
-0.533315,-0.91754,-0.174951,1.16945
-0.318629,-1.2673,-0.0723903,1.75858
-0.366717,1.06359,-0.117579,1.29578
0.334359,-0.918224,0.0502384,0.972643
-0.140425,1.39851,-0.141581,2.01644
-0.440643,0.526173,-0.0524291,0.525468
-0.403456,-0.320846,-0.135551,0.303686
0.206759,1.40846,-0.12479,2.07477
-0.417568,0.746046,-0.0727168,0.780715
0.375249,-1.23938,-0.148099,1.72382
-0.4864,-0.588049,-0.0446724,0.644155
0.387643,0.0201276,-0.164709,0.178097
-0.497503,1.2833,-0.00351749,1.94599
0.694257,-1.08026,0.0153562,1.64924
0.34535,-0.172354,-0.0455128,0.172142
-0.611307,-1.18179,-0.0303825,1.79918
0.189697,1.59873,-0.0122812,2.62755
-0.62073,0.974415,-0.11693,1.36744
0.480057,-0.535602,-0.150958,0.566842
0.0268615,1.67903,0.0399477,2.83176
0.444477,0.038339,-0.143007,0.244856
0.429077,1.20572,0.135907,1.68732
-0.63369,0.56028,-0.142851,0.738465
0.0130982,-1.46014,0.0932904,2.18474
-0.363883,-0.969799,-0.142878,1.0951
-0.401842,1.02233,0.153635,1.24296
0.179248,-1.53342,0.136708,2.42598
-0.41234,-0.874583,0.173892,0.968019
-0.418845,-0.142709,0.0574109,0.243929
0.591821,0.962768,-0.144791,1.31293
0.238753,-1.40803,0.0952265,2.09078
0.24184,1.50892,0.00679603,2.38942
0.317182,-0.861985,0.0131749,0.8539
0.287626,1.43678,-0.0566502,2.21088
-0.504432,1.1596,0.0355181,1.65687
0.518616,0.160643,-0.16809,0.33999
0.374612,-1.32817,0.00895415,1.96257
-0.629098,0.201186,0.112478,0.464774
-0.360762,0.214583,0.0805848,0.204202
-0.321693,1.3205,0.125644,1.8982
-0.657,1.01955,0.0829849,1.48912
-0.674588,-0.472087,-0.060008,0.691444
0.417403,-0.355239,0.140816,0.339753
-0.515614,0.204499,0.0871045,0.362545
-0.405034,1.1985,-0.0298193,1.65493
-0.342453,-1.11157,-0.00881557,1.38755
-0.451867,-0.0736917,0.174135,0.251033
-0.569138,-0.392012,0.0410929,0.528022
0.313007,-0.726705,-0.0656636,0.631388
-0.594872,1.16536,0.0410021,1.75077
0.577234,-0.681417,0.15841,0.837568
-0.406977,0.248723,0.165262,0.261355
-0.534533,0.0909462,-0.1531,0.342011
0.251659,-1.44175,-0.189919,2.18576
0.440259,-1.26489,-0.14716,1.84114
-0.516727,-1.34979,-0.081449,2.12169
-0.111735,-1.43939,-0.099685,2.13829
0.4341,-1.46022,0.0732319,2.35253
0.500105,0.553103,0.0940659,0.612251
0.013749,-1.38111,0.0730543,1.94617
-0.554431,-0.434246,0.0789875,0.547999
0.551161,1.16751,-0.179449,1.70214
0.637077,-0.588958,0.0954501,0.780136
-0.434201,1.16409,-0.0105452,1.60137
-0.377455,0.454958,0.0477166,0.38358
-0.689975,0.81149,0.0573089,1.1389
-0.472561,-1.10942,0.166196,1.49759
-0.525427,-0.83229,-0.0759015,1.0266
0.615983,-0.658177,0.0349704,0.853365
-0.0897265,1.36613,0.104964,1.90633
0.54928,-1.14237,0.180902,1.64291
0.544281,-0.81391,-0.165059,1.00294
0.337418,0.943964,-0.0793122,1.02094
0.598533,0.125921,-0.150383,0.408445
-0.532316,-1.35818,-0.12236,2.14935
-0.403323,0.0748332,-0.0922065,0.210208
-0.566934,0.883499,-0.0619772,1.15507
-0.650003,0.841646,-0.0843733,1.15264
-0.671421,-0.695768,-0.0650082,0.947868
-0.645062,0.66046,0.01074,0.880196
-0.59969,1.20962,-0.0204043,1.8518
-0.225523,1.33234,0.0281818,1.87135
0.501936,-0.985257,-0.19388,1.26418
-0.539448,0.543432,-0.0583964,0.642712
-0.435529,-0.370073,0.0701928,0.377887
-0.456765,-0.269869,0.0289381,0.340105
-0.0491646,1.55653,0.156539,2.46709
0.358615,1.32401,-0.130788,1.93284
-0.322968,-1.00719,0.0281031,1.13403
0.619125,0.0383741,-0.0457635,0.422098
0.396084,-0.373107,0.0339422,0.340223
-0.641498,-0.249624,-0.103712,0.497703
-0.144825,-1.53237,0.102434,2.41927
-0.603774,-1.24659,-0.00388425,1.94513
-0.145415,-1.51665,0.163562,2.36658
0.527455,-1.01165,-0.12747,1.35134
0.455619,-1.37913,0.0382428,2.15631
0.458533,-0.539037,-0.145184,0.547291
0.594469,0.634948,-0.116298,0.796568
0.618229,0.531729,-0.0556475,0.702393
0.0787889,1.49698,0.0636752,2.30489
-0.207949,1.28306,-0.106882,1.70885
0.0848918,-1.46167,-0.00925116,2.20373
-0.461549,0.791094,-0.045617,0.896485
-0.517952,-0.56861,-0.088555,0.64668
-0.0126337,-1.54473,0.189893,2.42602
-0.41155,1.33648,0.145297,2.00407
0.195477,1.56287,-0.0301655,2.52388
0.636492,0.751611,-0.125849,0.994667
0.581556,-0.214965,0.119948,0.427101
-0.377293,1.02305,-0.0813175,1.22389
0.521673,0.577343,0.0119532,0.664491
0.123441,1.43967,-0.16028,2.13389
0.335162,0.888782,0.085216,0.9184
0.493918,1.4269,0.0585242,2.30387
0.206647,1.35257,0.00472475,1.92107
-0.445865,-1.08152,-0.165983,1.41215
-0.313508,-1.19612,0.00226842,1.56702
-0.233029,1.20832,-0.0689255,1.51969
0.609734,-0.886839,-0.130682,1.19101
-0.233906,-1.40653,-0.067946,2.08747
-0.574761,-0.366777,-0.184538,0.499459
-0.29483,1.44135,0.177519,2.20837
-0.201029,-1.65678,-0.0580178,2.79158
-0.583107,-0.982583,0.0966986,1.34937
0.408274,0.128699,-0.156319,0.218516
0.589049,1.36677,0.025651,2.21862
-0.517907,-1.17791,0.00133069,1.71206
0.381602,0.0791214,0.0304046,0.190485
-0.36772,-0.512634,0.0608185,0.428306
-0.459231,0.397756,-0.0270351,0.426109
-0.321902,-1.48612,-0.116209,2.35365
0.590675,0.785851,-0.0429247,1.0117
0.574983,-1.11961,0.0843253,1.62642
-0.418578,0.528473,-0.00811776,0.505197
0.565175,-1.28647,0.0844938,2.00464
0.459507,-0.381202,-0.116184,0.407573
-0.501184,-0.768171,-0.0541281,0.897293
-0.262307,-1.30613,0.0765657,1.81928
0.552024,0.078222,-0.0843155,0.362868
0.518924,-0.268139,0.0599416,0.396873
-0.0695654,1.41687,-0.0644066,2.06235
-0.262634,1.38505,0.126641,2.0431
0.355804,-1.49562,0.121567,2.39512
-0.323117,0.422668,0.0115603,0.297082
-0.379378,-0.593397,-0.0361749,0.53248
-0.628964,0.877413,-0.0905527,1.19643
0.191892,1.53912,0.161016,2.44428
0.2883,-1.55263,0.151795,2.5186
0.319852,0.988328,-0.015917,1.0916
0.553739,-0.682857,-0.0617992,0.827039
0.391354,1.04292,-0.00832005,1.28908
-0.214564,1.31739,-0.127642,1.81064
-0.414759,-0.00170409,-0.0396313,0.220182
-0.201959,-1.45042,-0.102117,2.201
-0.624551,0.264374,0.0630804,0.495084
-0.228635,-1.31106,-0.162067,1.79887
-0.480157,-1.0109,-0.0526415,1.31692
0.213023,1.34209,0.0912201,1.88779
0.571129,0.480364,-0.0497834,0.60762
-0.537861,-0.947567,0.149878,1.23316
0.396042,-0.935939,-0.0565444,1.07474
0.54059,0.0506072,-0.0943206,0.348069
0.532769,1.01608,0.00946258,1.37739
0.662039,0.624218,-0.0719892,0.8465
-0.460938,1.10299,-0.100922,1.4861
0.152115,-1.39213,-0.134143,2.0015
0.328973,1.54134,0.0955965,2.51018
-0.421468,-0.897179,0.0882818,1.02904
0.351217,1.59618,-0.0182918,2.67484
0.311675,1.51968,0.0381294,2.45087
0.346548,0.177764,-0.11214,0.170527
-0.648236,-0.921238,0.0464428,1.29378
0.463668,0.988691,-0.0593731,1.24878
0.44026,-0.656586,-0.0422023,0.678207
-0.473901,1.27876,-0.0395055,1.91879
0.312743,1.51327,0.0456302,2.42978
0.382555,-0.368852,-0.123602,0.313056
0.246283,-1.41605,-0.186544,2.1058
-0.6266,-0.859541,0.128923,1.15999
-0.697387,-0.464114,-0.0192362,0.703293
0.439713,-1.15864,-0.119973,1.58805
-0.588715,1.09677,0.117228,1.58619
-0.368266,0.404945,0.0425808,0.3323
-0.50305,0.893954,-0.0160805,1.11321
0.219955,1.34381,0.15266,1.8899
0.0209995,-1.51375,-0.16697,2.33922
-0.618651,1.09373,0.108647,1.60721
-0.42566,-1.06167,0.0689534,1.35957
0.547368,-0.737464,0.119811,0.89056
0.511146,-1.16526,-0.188225,1.65867
-0.660415,0.819422,0.0605801,1.12778
-0.622686,-0.794491,-0.118141,1.04921
0.415323,-0.0926919,0.0900221,0.224968
-0.236978,-1.55198,0.00598325,2.50836
-0.559408,-1.11449,-0.0361689,1.60708
0.307729,1.42137,-0.198309,2.15453
-0.383943,1.36697,0.129851,2.0627
-0.392454,0.482084,0.167448,0.414963
0.514607,0.765591,-0.0155616,0.908401
0.510819,-0.522657,-0.184482,0.576342
-0.445871,0.783136,0.155255,0.856368
0.271618,-1.56695,0.149289,2.55317
0.619293,0.392944,-0.0433955,0.575653
0.66614,0.74101,-0.0165841,1.01223
-0.559002,-0.810433,0.0423661,1.02325
0.521637,0.403396,-0.186352,0.475851
0.381953,0.385568,-0.154354,0.321537
-0.43427,-0.88438,0.133657,1.01497
-0.551166,-1.15882,-0.041178,1.69705
0.638933,0.32968,0.0817857,0.545126
0.653731,-0.644189,-0.116408,0.861005
0.475159,-1.15552,0.143246,1.61562
-0.17465,1.55647,-0.0362274,2.50122
0.407514,-1.17488,0.110209,1.59645
0.325531,0.525858,0.00693491,0.396762
-0.37927,0.265847,-0.0698398,0.250548
-0.320311,-0.864591,-0.0414157,0.860868
0.538906,-0.0479006,0.156081,0.337177
-0.36468,-0.990675,0.0202441,1.14685
-0.227411,-1.63818,-0.0440711,2.7488
0.332138,1.41406,0.131502,2.15891
-0.160281,1.46047,-0.0820013,2.21585
-0.193322,-1.61529,-0.136236,2.66583
-0.582293,1.16612,-0.0124403,1.74023
0.0131731,1.64546,-0.0550389,2.73436
-0.625915,-0.852787,-0.120411,1.14863
-0.389818,-1.18883,-0.0810247,1.62048
0.56577,-0.981582,0.0870116,1.32988
0.359922,-1.55246,-0.0151341,2.56221
-0.561219,-0.223526,0.0607714,0.419747
-0.413102,-1.28516,-0.0723086,1.87453
0.134918,-1.61661,0.085669,2.66099
-0.439221,-0.256899,-0.065204,0.311812
-0.425778,-1.01202,-0.151628,1.24795
0.467631,-0.980795,-0.10658,1.23553
-0.454994,0.791582,-0.151218,0.880916
-0.48366,1.28181,-0.189124,1.91335
-0.361449,1.26867,0.149885,1.78484
-0.180885,1.40194,0.176346,2.03538
-0.135835,-1.46615,-0.0228804,2.23571
0.644943,0.0186451,-0.130872,0.436148
0.254032,-1.23157,-0.0965801,1.60039
-0.612199,0.00231884,0.111885,0.409786
-0.529664,1.09784,0.162617,1.53119
0.478065,-0.891264,0.174956,1.06732
-0.609358,1.10337,0.0361693,1.62544
-0.45425,-1.03129,-0.0727857,1.32505
-0.403924,-0.807186,0.0879749,0.85486
0.469204,0.759983,0.197482,0.836782
0.423058,0.410857,0.0438898,0.397952
0.3185,-1.29739,-0.0298108,1.84067
-0.418145,-0.914856,-0.00935259,1.06211
-0.289275,1.41998,0.0192219,2.15801
0.00398605,1.41844,0.121434,2.05582
-0.285922,-1.42919,0.0852444,2.17638
0.540094,1.18154,0.174128,1.72498
0.623154,0.443032,-0.00611862,0.620975
0.507929,0.740244,0.140095,0.857473
0.519729,0.93559,-0.197411,1.18514
-0.483936,-0.685014,0.168622,0.749223
-0.35518,0.420527,0.0541109,0.332304
0.215748,1.4871,0.103498,2.31398
-0.62112,-0.825823,-0.155726,1.09348
0.350427,-0.658835,-0.0590453,0.581196
0.660119,-0.227917,-0.0501705,0.508811
0.620361,-1.19956,0.040106,1.84717
-0.424217,0.0981825,-0.0212476,0.239798
-0.279973,-1.35255,0.175819,1.94908
0.351822,0.858585,-0.0899348,0.883111
-0.371779,1.45984,-0.171045,2.30279
0.420208,-0.90819,-0.160827,1.03984
0.639226,1.05981,0.136127,1.55225
-0.393949,-0.563688,0.0952865,0.510773
-0.625321,0.73859,0.131334,0.965053
0.353931,-0.545137,-0.0371269,0.451556
-0.593035,-1.34245,-0.0208018,2.1604
-0.479954,-0.679156,0.0939566,0.746727
-0.267202,1.28216,-0.155337,1.74318
-0.260891,-1.17567,-0.0445147,1.46058
-0.259307,1.36872,0.0698348,2.00031
0.584194,-0.922629,0.138729,1.23225
0.61785,0.12374,0.132717,0.427244
-0.577536,0.764901,0.178959,0.953269
0.593981,-1.12078,0.112166,1.64418
-0.457647,0.980759,-0.180583,1.21153
-0.0535062,1.50077,0.195791,2.29581
-0.421663,0.316404,0.0436343,0.328411
0.651876,1.02228,-0.0472114,1.49437
-0.610408,-1.17153,0.0671142,1.77403
0.378576,-0.378157,-0.150618,0.312515
-0.533382,-0.338875,-0.146807,0.447923
0.25304,-1.44263,-0.0914461,2.20069
0.524402,-0.175426,-0.120052,0.35807
0.434289,-1.06296,-0.131655,1.36335
-0.36129,0.96564,0.0754915,1.08892
-0.459504,-1.14478,-0.156604,1.56956
-0.339388,-0.599306,0.0392796,0.497161
0.347624,-1.20515,-0.00306464,1.62225
-0.539516,0.393621,-0.17652,0.488095
-0.260458,-1.62937,0.0333979,2.73095
-0.424835,-1.00623,0.0592836,1.24302
-0.474906,1.06016,-0.0998137,1.40022
-0.0113861,-1.4195,-0.0536306,2.06626
0.5176,0.207621,0.0616711,0.369229
0.422897,-0.77614,0.142586,0.823215
0.504127,-0.215192,0.0478989,0.360395
-0.57142,0.0342147,0.0220889,0.37925
-0.520133,-0.461164,-0.0224121,0.543735
0.46623,1.30044,-0.0836966,1.95757
-0.510368,0.00574136,-0.140131,0.311129
-0.678168,0.914573,0.010879,1.30848
-0.419361,1.41042,0.0962293,2.21093
-0.348764,-1.25918,0.0114871,1.76539
-0.404781,0.994862,0.0403417,1.19865
-0.636153,-0.203966,-0.100789,0.472572
-0.67727,0.754407,-0.0566185,1.0399
0.342959,-1.50262,0.00315731,2.41435
-0.070123,1.36608,-0.126955,1.90017
-0.296747,1.21072,-0.128144,1.57713
0.374322,1.37146,0.127278,2.07162
-0.226791,-1.38016,0.153969,1.99876
0.234468,-1.20458,0.0402975,1.51292
-0.604711,-1.25155,-0.044603,1.95372
0.629971,0.89234,0.122413,1.22049
-0.444257,0.995646,-0.123944,1.24045
-0.175458,-1.37364,-0.137964,1.96062
-0.541069,0.0450881,0.0214707,0.3515
0.366951,-1.00485,-0.09729,1.17588
0.420745,-1.12522,0.0765782,1.49637
-0.672427,0.606147,0.073682,0.83176
0.595262,-0.764357,-0.0980484,0.983256
-0.352639,-1.29292,0.149843,1.84308
-0.479573,-0.450004,-0.0878294,0.489373
-0.690466,0.776,-0.0127596,1.08498
0.478212,-1.25538,-0.0397544,1.85725
-0.515838,-0.275052,0.141717,0.391524
-0.516678,1.06607,-0.154683,1.44742
-0.598118,1.26023,-0.10897,1.96548
0.4307,-0.0789138,-0.0104509,0.244177
-0.101839,-1.48341,-0.138204,2.25962
-0.27789,-1.18133,-0.0964186,1.48744
-0.502912,-0.758164,0.0910165,0.884319
0.409733,-0.388262,0.163679,0.352189
0.262193,-1.49028,-0.134662,2.3317
-0.567704,-1.11187,0.120436,1.60203
0.0870316,-1.65993,0.066014,2.77936
-0.405586,0.149721,0.100572,0.227479
0.502739,-1.07512,-0.197826,1.44849
-0.0360397,1.41316,-0.0671033,2.04662
-0.371726,0.89032,0.0947972,0.961045
0.377335,1.47498,-0.111121,2.35496
0.443277,0.417058,-0.101707,0.420222
-0.0504218,-1.56545,0.0146183,2.50724
0.362735,0.873399,-0.122863,0.917596
-0.408313,-1.31017,0.0178851,1.93936
0.541241,0.104992,-0.0647685,0.358058
0.466959,-1.47335,0.0898188,2.40372
-0.362126,-0.790659,0.0674033,0.78402
-0.409975,1.02533,0.019154,1.26896
0.339637,1.52895,-0.136613,2.47914
0.473308,1.1896,-0.126493,1.69156
0.41965,0.803674,0.0994258,0.867209
-0.330427,0.803493,0.0800233,0.768203
0.424078,1.32177,-0.148826,1.97194
0.577282,0.96016,-0.0273057,1.30767
-0.404685,0.722945,0.0207769,0.733686
0.0754811,1.39703,0.0796679,2.00264
-0.0215034,-1.58653,0.0819183,2.5593
-0.371974,1.33269,0.0553432,1.97365
-0.604199,-0.771009,-0.1679,0.988871
0.215213,-1.32359,0.000938667,1.84117
0.440103,-1.4422,-0.026005,2.31063
0.389007,-1.5338,-0.02741,2.52378
0.413639,0.618055,-0.118215,0.595063
0.342787,-0.713337,0.0363769,0.649323
-0.334769,-1.36225,-0.145987,2.01818
-0.371024,0.182388,0.115748,0.199423
-0.160121,-1.52858,0.127459,2.40616
-0.353779,-1.44504,0.136944,2.25573
0.220562,-1.43977,0.0435991,2.18118
0.635429,-1.01339,0.0358164,1.46002
0.441151,-1.10046,0.186007,1.44508
-0.54423,0.085416,-0.145689,0.349208
-0.376636,-1.41741,0.159787,2.19213
0.274658,-1.17382,-0.0554202,1.46713
-0.255883,-1.23274,0.0229829,1.61006
0.257801,1.37439,0.130749,2.00497
0.010087,-1.45214,-0.171841,2.15145
-0.495691,0.0968524,-0.180761,0.298362
-0.548775,0.706503,0.152561,0.845983
0.516446,-0.0678501,-0.0811444,0.327487
0.378033,-0.461364,-0.0741915,0.390607
-0.389247,1.22183,-0.143425,1.6911
0.668043,-0.0937721,0.0441101,0.471409
-0.358468,-0.771102,-0.0239296,0.752359
0.511873,-0.141072,0.0261741,0.340487
-0.351372,-0.631254,-0.0923903,0.544293
0.394508,-0.891291,-0.145703,0.981881
-0.545114,-0.696595,0.0131759,0.841581
0.444787,-1.4784,0.0730735,2.40457
0.666358,-0.432904,-0.0198628,0.650237
-0.512235,0.0966231,0.012775,0.331725
0.590662,-1.25081,-0.0134564,1.9402
-0.465727,1.1571,-0.0926548,1.60764
0.235369,-1.49563,0.079704,2.34389
0.569963,-0.477307,0.0526321,0.603086
0.494268,-0.976558,0.00942027,1.25858
-0.488845,1.4056,-0.0913258,2.241
0.466859,-0.225939,0.170191,0.31314
-0.465161,-0.230516,-0.0100447,0.327769
-0.681085,0.216581,0.0489097,0.520493
-0.396777,-1.05459,0.14951,1.30335
-0.51682,-1.29244,-0.153911,1.97382
-0.288856,1.45625,0.0890462,2.25745
-0.446828,-0.0643365,0.00399205,0.259932
-0.0534749,1.68771,0.0345634,2.85656
0.12627,1.41828,0.106251,2.07759
-0.410875,-0.0748923,0.0996771,0.216322
0.174246,1.66598,0.0200279,2.81215
0.524446,0.620861,-0.0737406,0.717325
0.175346,1.43568,0.0273434,2.1475
0.575201,-0.486207,0.0497998,0.617156
-0.35181,1.32175,-0.143459,1.91938
0.202931,-1.26861,0.0663988,1.6695
0.521913,-0.0948451,-0.101958,0.334261
-0.159949,1.37511,-0.164118,1.94962
0.569025,-1.148,0.111777,1.68394
-0.018527,1.65357,0.0469514,2.75473
-0.474742,0.279892,-0.0290646,0.363161
0.526738,1.37872,0.0418722,2.20422
-0.650021,0.856534,0.123191,1.17427
-0.424094,-0.873392,-0.00170279,0.997019
-0.375361,-1.141,0.10035,1.48419
-0.567175,1.01516,0.0520316,1.40279
0.510968,-0.100067,0.0942066,0.327402
0.458375,0.323742,-0.120585,0.364256
0.203052,-1.41779,0.186005,2.09272
-0.333221,-0.284577,-0.110136,0.20419
0.372639,1.30729,0.145299,1.89548
0.450534,-0.558796,-0.142951,0.56064
0.531587,1.1994,0.0692371,1.77373
-0.17443,-1.25931,-0.0060088,1.6238
-0.488445,-0.101832,-0.0809261,0.305648
-0.49824,0.415874,-0.0505506,0.482292
0.0396808,-1.51665,0.100394,2.36101
0.622531,-0.937434,-0.068248,1.3043
0.333661,0.99899,-0.010376,1.12925
0.486513,-0.965554,-0.187745,1.21153
0.364018,-1.22894,0.135558,1.68567
0.604629,0.476967,0.167236,0.622736
0.279296,1.22587,0.0854598,1.60892
0.149199,1.47344,0.0249222,2.25485
0.677784,-0.628389,-0.0166922,0.86633
-0.438477,0.413519,-0.0362921,0.413616
0.552148,-0.0495858,0.00792032,0.363464
0.524927,-0.694277,-0.0922017,0.812201
-0.481789,-0.132886,-0.111427,0.302854
-0.413804,-1.1614,-0.180497,1.55854
0.373097,0.143871,-0.135085,0.186221
0.663822,0.399823,-0.0818188,0.618132
0.371886,1.08157,0.034835,1.3507
0.664206,-0.724063,0.0213369,0.985259
0.665472,0.470487,0.0430526,0.682024
0.467375,-1.18969,-0.0148801,1.69556
-0.348675,0.472205,0.0402175,0.369582
-0.200909,-1.46325,0.0397874,2.24116
0.477469,-0.751324,-0.153752,0.839022
0.193207,-1.44223,0.0887746,2.17154
0.638563,-0.864094,-0.136145,1.17606
-0.528066,-0.108652,-0.113845,0.341935
0.593319,0.470922,0.0650974,0.617675
0.594766,-0.901059,-0.118795,1.20451
-0.543407,0.576349,-0.176495,0.668872
0.508056,0.820648,-0.0522328,0.986736
0.587632,-0.892552,0.00379948,1.18671
-0.489983,0.958597,-0.129451,1.21094
-0.49106,-0.0824601,0.195012,0.288621
0.433661,-1.39626,0.119797,2.17881
-0.573227,0.488138,0.137331,0.609011
0.525398,-0.108925,-0.000793989,0.346709
-0.247523,1.32355,0.115463,1.85697
-0.685888,-0.170986,0.0529153,0.506425
-0.610252,1.16609,0.0356082,1.76173
0.186885,1.61286,-0.0467947,2.66455
0.567697,0.933774,0.132269,1.23545
0.633571,0.333458,0.0220402,0.544898
-0.352088,0.682987,-0.0380974,0.614732
-0.595033,-0.905091,0.0999453,1.21238
-0.611544,0.637439,-0.160225,0.809413
-0.631723,-0.614229,0.128436,0.802323
0.479413,0.474163,0.198278,0.494243
0.4568,1.18552,0.0685865,1.67015
-0.543917,1.13328,0.147792,1.62636
0.320976,-1.33614,-0.0986301,1.94284
-0.505001,-0.733261,0.138991,0.841796
-0.609859,-1.09743,0.137743,1.60539
0.535611,-0.518027,-0.0679664,0.611908
-0.392501,1.19076,-0.13525,1.61887
0.641019,0.648321,0.00486627,0.861611
-0.51471,0.349601,0.132313,0.438478
-0.515908,1.26159,-0.0207519,1.90545
0.432692,1.26776,0.0517094,1.8499
0.111788,-1.62455,0.0847941,2.68045
-0.206401,1.41341,-0.178858,2.08269
-0.270388,1.18715,0.0629698,1.49749
0.307003,1.1294,-0.109204,1.38187
-0.470609,0.886798,0.0118535,1.0698
-0.539397,-0.903315,-0.0186818,1.16292
-0.460641,-1.50033,0.077063,2.47132
0.329368,-0.745336,-0.104061,0.674965
0.467492,-0.013239,0.158373,0.265084
-0.293805,1.5642,0.128218,2.55625
0.358286,1.10984,0.0940044,1.39322
0.45131,-1.43366,-0.0912391,2.29053
-0.631918,0.474769,0.0420748,0.658585
-0.418121,-1.13371,-0.0436821,1.51356
-0.535256,-0.736592,0.0244247,0.885469
0.509419,-0.105138,0.0816741,0.328108
0.473611,-0.00456177,-0.0204958,0.282849
0.436401,-0.586269,-0.0674025,0.585137
-0.404007,-0.478204,0.110451,0.433751
-0.686297,-0.730586,-0.0632944,1.01084
0.295185,-1.13224,0.0768921,1.37971
-0.0169963,-1.35824,-0.0300766,1.87472
0.103843,1.54039,0.0704537,2.43417
0.237918,-1.55793,0.166666,2.51174
0.63906,1.07573,0.0203303,1.59299
0.328098,-1.27862,0.0266814,1.79565
-0.349518,-0.787422,0.0155096,0.768265
0.191404,-1.57422,0.0157854,2.5585
-0.670876,0.0680944,0.0543206,0.469857
-0.38048,0.315413,0.13139,0.274939
0.591895,1.05592,-0.0817087,1.50862
0.353574,0.780426,-0.0417119,0.759965
0.680296,-0.261085,-0.053951,0.540143
0.0319957,-1.50945,0.135533,2.32999
-0.598055,0.156778,-0.148559,0.416473
-0.535884,0.141741,-0.033282,0.365434
0.38805,-0.0196152,0.120376,0.185835
-0.355083,0.66227,0.0268458,0.593269
-0.512117,-0.528142,0.0298909,0.598861
0.383339,0.589125,0.0926426,0.528777
-0.0901575,1.38615,0.150831,1.96112
0.565165,-0.940547,0.133087,1.24788
-0.495397,1.10841,0.145359,1.52469
-0.355564,1.17594,-0.153279,1.54046
0.242718,1.3776,-0.0685902,2.01402
0.359909,1.33638,0.041271,1.97315
0.0337889,1.66579,-0.025921,2.79385
-0.510553,-0.110002,-0.17604,0.317059
-0.595468,1.24772,0.0778735,1.93567
0.625148,0.348659,-0.0751872,0.547333
0.575217,1.03929,0.0499286,1.45943
-0.651994,-0.633204,0.00379424,0.852792
0.390934,0.825738,0.0707543,0.874452
-0.619315,-0.00559254,0.0986407,0.417683
-0.0464187,1.39607,-0.0676075,2.00172
-0.344526,-0.485426,0.0694206,0.375265
0.335624,0.617676,0.106369,0.507474
-0.121652,1.6114,-0.0791987,2.6433
-0.625604,0.675644,-0.082079,0.880077
-0.555964,1.14456,-0.171932,1.65528
0.489894,-0.0480474,-0.0831553,0.298668
-0.571692,-0.791835,-0.00681016,1.00473
0.460653,-1.12236,0.0304182,1.52848
0.433166,-0.434798,0.1073,0.422514
0.542402,-0.998937,-0.0497886,1.34971
-0.457515,-0.235303,-0.0415511,0.32224
0.10806,1.46712,0.0738243,2.21744
0.316401,1.53776,0.00668761,2.49985
-0.4081,-0.890381,-0.102894,1.00176
-0.0257139,-1.58075,0.0643315,2.54273
0.611385,0.892491,0.013616,1.21177
-0.541313,-0.368704,0.157575,0.474757
0.0887768,1.41302,-0.0967829,2.05663
0.442407,0.0743799,-0.07728,0.252484
-0.618373,-0.579057,0.154703,0.744452
0.552674,-0.27789,-0.125304,0.430412
0.546961,0.403956,-0.105772,0.512572
-0.0565145,1.50649,-0.125956,2.32171
0.502781,-0.556549,-0.025629,0.622404
-0.610871,0.394449,-0.109997,0.565564
0.683421,1.01977,-0.0577762,1.51449
-0.528451,-1.2783,0.135382,1.9492
-0.614747,0.848662,0.159947,1.1252
0.508374,0.139656,0.107557,0.332483
-0.398833,0.817057,-0.154122,0.859483
0.374537,-1.43628,-0.0416523,2.25072
0.449158,0.0329294,0.153894,0.24711
0.610801,0.529874,0.15666,0.682878
0.371925,-0.973014,-0.0524982,1.12001
-0.425876,0.203855,-0.185643,0.257432
0.670622,-0.327396,-0.073297,0.569696
-0.570581,0.800521,-0.0193925,1.01976
-0.467103,0.440966,0.176218,0.455654
-0.657514,-0.653955,-0.101161,0.877342
0.114742,-1.46542,-0.138762,2.21054
-0.491656,0.0270009,-0.0776298,0.299044
0.430456,0.79709,-0.14038,0.864648
-0.550267,1.1134,-0.0779753,1.59229
0.428595,-0.457959,0.0190684,0.445353
-0.563313,-0.339529,-0.0161137,0.486294
-0.415344,-0.688375,-0.0666786,0.693875
-0.330458,1.12463,-0.111462,1.39682
-0.545116,1.32095,-0.0913755,2.07045
0.124602,-1.54783,0.148973,2.45399
0.308026,-0.709855,0.0334609,0.602309
0.666009,-0.162774,0.00663201,0.488969
0.561406,-1.02576,0.160716,1.40807
-0.612556,1.00971,0.0151962,1.43252
-0.378373,-0.053842,0.0324393,0.183637
0.608675,0.92896,0.139527,1.26675
-0.30271,1.54836,0.0649927,2.52382
0.247638,-1.56298,-0.12923,2.53384
0.370628,1.22833,0.0944074,1.69669
-0.463213,-0.630438,-0.0481414,0.669476
0.634834,-0.570501,-0.121077,0.753594
0.515565,0.468987,-0.0143076,0.544966
-0.409519,0.522842,0.0310604,0.487295
0.498355,-0.57598,-0.183154,0.622526
-0.083849,1.37707,0.0385074,1.94611
0.395162,0.290073,0.0209266,0.284525
-0.354271,0.019642,-0.0441694,0.152837
-0.605721,0.583729,0.131226,0.741907
-0.134185,-1.38235,-0.117226,1.96662
0.0919353,-1.55363,0.101294,2.47402
0.644182,0.647763,-0.137211,0.85389
0.658613,1.15026,-0.0209914,1.77066
-0.362695,0.883498,-0.0331863,0.944154
-0.432221,1.49224,-0.125795,2.4295
0.480133,-0.0983426,-0.178648,0.28337
-0.312765,-0.599752,-0.0672375,0.462758
0.455964,0.87679,0.192821,1.01492
0.306638,0.784325,-0.0416815,0.712466
-0.391663,-0.973838,-0.168097,1.13002
-0.570145,0.718023,-0.135412,0.881924
-0.392973,0.432377,0.0407163,0.383788
0.582443,-1.35438,0.0557283,2.18278
0.302128,-1.1258,-0.0276661,1.37573
0.471607,-1.08814,0.112792,1.46006
0.560206,1.00993,-0.132895,1.37913
-0.377512,0.494554,-0.0383071,0.42543
0.596496,0.177086,-0.161043,0.419615
-0.429754,1.20159,-0.0362934,1.68741
0.365493,-1.17128,0.0940048,1.54915
-0.125268,-1.5235,0.0757557,2.39266
0.528615,0.565474,-0.184347,0.641132
0.600468,-0.822336,0.142858,1.07124
-0.343689,-1.14541,0.0150146,1.4729
-0.358442,0.548207,0.134232,0.449824
0.586014,0.704883,0.0901689,0.886714
0.215538,1.25891,0.0473904,1.65058
0.447431,-0.770118,-0.129709,0.840393
0.239034,-1.38917,0.0832408,2.04454
-0.435718,1.00973,-0.173901,1.24819
-0.31471,1.50405,-0.0498581,2.40507
0.610228,0.211074,0.0991968,0.454615
-0.255431,-1.23171,-0.0204996,1.6088
0.499011,0.332491,-0.00948776,0.418018
0.326165,-1.07574,-0.045662,1.28584
0.390922,-0.589089,0.155477,0.529179
0.499461,1.31906,0.0661912,2.03465
-0.576236,-0.0930159,0.110744,0.386688
0.234713,-1.62699,0.0466559,2.71828
-0.447457,0.329017,-0.0127757,0.365222
0.394655,-0.258068,-0.151806,0.254427
0.539503,-0.635691,-0.0627759,0.750548
0.388141,-1.15684,-0.170147,1.5259
0.387667,-1.28343,0.0374842,1.85743
-0.158956,-1.4875,-0.00159021,2.30371
0.253029,-1.35536,-0.0515896,1.9556
0.0336108,-1.40937,0.0989999,2.0342
0.0621183,-1.36948,-0.0915828,1.9102
0.0880398,-1.43853,0.175643,2.11903
0.329559,0.939132,0.0270437,1.00643
-0.537108,0.902367,0.0726365,1.16178
0.61113,-0.968542,0.116878,1.34608
-0.474324,1.20112,0.0981159,1.7197
0.538064,-0.0484045,-0.0589747,0.3467
-0.241059,-1.52732,-0.10972,2.43596
-0.465611,1.3034,0.0990302,1.96271
-0.0317416,1.50697,0.193935,2.31395
0.086658,-1.39949,-0.0372098,2.01509
-0.39945,-0.657487,-0.0860612,0.634981
0.496675,-0.244567,0.0694115,0.364395
0.547485,0.674658,0.151381,0.800382
-0.270458,-1.31094,0.0372262,1.84594
-0.430774,0.420681,-0.148042,0.405001
-0.433677,-0.366573,-0.00668062,0.375379
-0.38776,-0.827568,0.150317,0.865092
-0.0167972,1.33651,0.0892352,1.80265
0.506045,0.916043,0.0120088,1.15558
-0.478257,-0.425312,0.0205055,0.467731
-0.525517,-1.01058,-0.144051,1.34612
-0.363784,1.52443,-0.0867954,2.48396
-0.600468,-0.898955,-0.0553594,1.21211
0.368078,0.690084,0.0243409,0.646538
0.566211,-0.811114,0.0986441,1.02699
-0.444061,-0.123015,-0.186972,0.25
0.12752,-1.46999,-0.155865,2.22476
0.6058,0.582745,-0.150734,0.736833
-0.534289,1.10757,0.175464,1.55335
0.455415,0.276065,-0.0721547,0.337653
-0.61387,-0.448074,0.137538,0.609165
-0.0275752,1.58428,-0.0546623,2.55557
0.592462,-0.175491,-0.0606508,0.427148
0.667869,-1.09136,0.0603108,1.64974
-0.215854,-1.25384,-0.11034,1.63087
-0.394824,1.08191,-0.144548,1.36274
0.598654,0.917579,0.0803715,1.24541
0.50442,-1.00208,0.120811,1.31115
0.585463,1.1757,-0.0593906,1.76189
-0.403481,1.36182,-0.166499,2.06055
0.485777,1.43699,-0.0191091,2.32491
0.433459,-0.0567344,-0.137786,0.235064
-0.541949,-0.858576,-0.105987,1.08319
-0.30764,-0.670905,-0.035946,0.548371
0.421335,-1.33864,-0.0475074,2.02788
-0.0937241,1.57098,0.0263101,2.52734
0.662934,-0.665992,-0.0342653,0.900829
-0.567541,-0.541816,-0.124892,0.661833
-0.54715,-0.416728,0.115319,0.523461
0.302652,1.14378,0.0834599,1.41693
0.420948,0.528962,-0.028383,0.50937
0.543464,-0.348569,-0.122059,0.467239
-0.42195,1.18081,-0.0876862,1.62708
0.291547,-1.22811,0.105016,1.62369
0.452582,-0.622747,-0.12327,0.640541
-0.583482,0.426356,0.0994181,0.566722
0.616781,1.24694,0.0196924,1.94932
-0.442086,-0.464987,-0.0401405,0.466796
0.542749,-0.853375,-0.0524371,1.07797
0.619186,0.190849,0.134696,0.450127
-0.328458,1.5517,-0.0363173,2.54551
0.594676,0.271349,-0.0470688,0.473794
0.473179,0.747907,0.000379324,0.842455
0.562352,0.0631447,0.0306456,0.373092
0.319991,0.281538,0.080888,0.189571
-0.424757,-1.23976,-0.0692488,1.77493
-0.597399,1.22426,-0.0867764,1.88295
-0.433308,0.661933,0.144121,0.667508
0.283795,-1.23546,0.115486,1.63584
0.559404,-0.585463,-0.118492,0.701605
0.424415,1.07774,-0.0930881,1.39149
0.140668,-1.54814,0.18303,2.45316
0.484245,-0.584799,0.110331,0.629296
0.489339,-0.490654,0.154472,0.527067
-0.621399,-0.0873216,0.0220514,0.431373
-0.356765,-1.36,-0.0502177,2.0374
0.518183,0.936226,-0.0387359,1.20223
0.694417,0.869432,0.0455934,1.24041
-0.159442,1.62168,-0.0156049,2.68278
-0.260475,1.31939,-0.0405055,1.86292
0.488313,-0.939169,-0.158156,1.1669
-0.366531,-1.44703,0.0159655,2.27648
0.29673,1.52054,0.149448,2.43459
0.076909,-1.67241,-0.0844274,2.81214
-0.535981,0.525997,-0.0697102,0.621961
-0.503572,-0.912558,0.0359927,1.14673
0.570501,-1.18203,0.11264,1.76087
-0.593598,0.7179,0.0336374,0.913515
-0.492003,0.10544,-0.154144,0.302229
-0.310901,0.419272,-0.0360107,0.278538
-0.557457,0.964373,-0.095419,1.29185
-0.435302,-1.52285,0.0435546,2.51868
0.613699,-0.9251,-0.0126264,1.27396
0.674027,-0.224227,-0.0283285,0.518924
0.662282,-0.295031,0.103298,0.540859
0.497599,-1.08322,-0.191487,1.46283
0.416318,1.29381,0.115132,1.90359
-0.603665,-0.302942,-0.139992,0.490372
0.0465934,-1.51005,0.193701,2.32321
-0.590149,0.813047,0.123717,1.05075
0.532589,-1.17621,-0.00544476,1.71896
-0.0829113,1.37198,-0.0629888,1.92345
-0.15197,1.42489,-0.136076,2.10113
-0.389069,-1.37516,-0.0801707,2.09015
-0.248022,1.26632,0.00646193,1.70009
0.664824,-0.73918,-0.0533054,1.00503
0.470345,-0.400603,0.0493883,0.438134
-0.287189,1.50949,-0.135166,2.40095
0.0754214,-1.62935,-0.147053,2.68251
0.480247,1.18528,-0.115092,1.6863
0.419885,-1.09618,0.185985,1.414
0.439287,0.867797,0.0735961,0.995295
-0.480975,0.299958,-0.0829127,0.377287
0.647082,0.465492,0.0822734,0.65901
-0.564959,-1.30436,-0.0949438,2.04513
0.0578927,1.32431,0.0797629,1.77209
-0.527003,1.06853,-0.169668,1.46284
-0.584442,0.302584,-0.176395,0.466713
-0.604311,-1.16739,0.067447,1.76098
-0.559839,-0.0719003,-0.0380698,0.370454
-0.338437,0.726292,0.0726161,0.661465
-0.502097,0.304799,-0.0124718,0.404253
-0.369093,1.30334,-0.00842532,1.90001
-0.175177,-1.44552,0.0537522,2.17575
-0.405145,0.336768,0.0790509,0.321038
0.451777,1.00398,0.166424,1.2551
0.385423,-1.4077,-0.029061,2.17983
0.501836,0.847344,-0.100492,1.025
-0.444735,0.461414,0.0717203,0.464084
0.486117,-1.03262,-0.100348,1.35764
0.665436,-0.945427,-0.104493,1.35052
0.358262,0.580148,0.0840281,0.491931
-0.24018,1.58098,-0.0988498,2.58729
0.479539,-0.717551,-0.0324017,0.800992
-0.572768,-1.28793,-0.080764,2.01357
0.461308,1.33122,0.0863199,2.03525
0.690539,-0.436393,0.0301132,0.672308
0.399011,-1.23616,-0.18092,1.73111
0.512774,-0.701466,-0.113767,0.80887
0.433438,0.994723,0.134484,1.22166
0.444786,0.896979,-0.0700081,1.05685
0.31575,-1.45588,0.0514707,2.27033
0.431391,-1.42377,0.133178,2.24714
0.391376,1.09848,0.164698,1.39227
0.643415,-0.0109307,0.104694,0.436925
0.630181,-0.521879,-0.133139,0.695415
-0.381275,1.36832,0.0105328,2.07585
0.0589827,1.66827,0.0588961,2.80073
-0.485879,0.966071,-0.197112,1.20943
-0.233151,1.4665,0.158085,2.25258
-0.328424,1.09059,0.0387211,1.32052
0.201674,-1.42215,0.180567,2.10527
-0.530633,-1.10767,-0.13445,1.55726
0.548084,-0.644708,0.0231104,0.774498
-0.449754,0.710227,0.102506,0.7577
-0.67838,0.610217,-0.0437608,0.843503
-0.633671,0.796856,0.148355,1.0588
0.307857,-0.902622,-0.0304682,0.913677
0.639328,0.693487,-0.0907978,0.916858
0.140442,1.67344,0.0177177,2.82752
-0.117292,-1.49803,0.0445319,2.31469
-0.145604,1.65764,-0.0280636,2.78193
0.0336746,1.36431,0.0544391,1.89854
-0.223959,1.31139,0.00619049,1.80785
-0.485137,-0.856652,0.175205,1.01242
-0.189203,-1.50011,-0.00197931,2.34556
-0.373262,-0.102472,-0.0914617,0.181303
0.512226,0.34409,0.139895,0.430611
0.180919,-1.41702,0.0496253,2.0995
0.476644,0.720129,-0.00567202,0.802895
0.433409,0.0646138,-0.0809734,0.241769
-0.536383,0.378524,0.0451989,0.488216
-0.562543,-0.676041,-0.0902384,0.822939
0.484263,-0.1577,-0.158303,0.305739
-0.64314,-0.511309,-0.00295586,0.70379
-0.37178,1.24386,-0.16379,1.727
0.319365,0.540643,-0.0180158,0.405211
-0.426625,0.0147177,0.00214834,0.232247
-0.169112,-1.42121,0.108306,2.10072
0.398866,1.22003,-0.0455395,1.70817
0.530875,-0.995684,0.0698124,1.33263
0.45007,-0.266821,-0.00121546,0.330717
-0.542933,0.725018,0.0126136,0.878832
-0.192082,-1.31189,-0.00628752,1.79032
0.68783,0.571196,-0.0520113,0.805096
0.43194,-1.49888,0.0525042,2.45337
-0.439469,0.507054,0.144304,0.493201
-0.377371,-1.48035,-0.0895257,2.36919
-0.419515,-0.55036,-0.048818,0.526733
-0.495135,1.04236,0.189161,1.37327
0.489889,1.42183,-0.0440027,2.28659
-0.400193,0.097279,0.123274,0.2069
0.47965,-0.665774,0.0767724,0.729999
0.313979,-1.16657,-0.0185738,1.49143
-0.0239122,-1.35617,0.0261092,1.87074
-0.415566,-0.46461,0.0365775,0.436405
0.397827,-1.49011,0.127957,2.40475
-0.307295,1.14198,-0.0127305,1.42203
0.248003,-1.20554,0.0241447,1.52731
0.4932,0.941805,0.0944963,1.1847
0.0239488,1.58889,0.0396688,2.56857
-0.3359,-0.840485,0.0688004,0.838223
-0.0857291,-1.453,-0.118316,2.17032
0.0927767,1.40696,-0.131684,2.02714
-0.587857,1.14438,0.032942,1.69408
0.37587,-0.128607,0.0929594,0.189277
0.547825,0.876596,0.0939196,1.12023
0.349604,0.708921,-0.130495,0.642544
0.236005,1.58185,-0.0274169,2.5889
-0.592573,-0.992286,-0.00223806,1.38243
-0.514302,-0.186092,0.0313913,0.357782
0.643652,-0.350807,0.0743442,0.562846
0.326933,-0.898303,-0.0277024,0.929195
0.680741,-0.342519,0.044698,0.591066
-0.579666,0.22285,-0.0162295,0.435766
0.586709,0.488383,-0.0846208,0.62715
0.421576,1.26869,0.00923545,1.85088
0.687606,-0.877654,-0.00315633,1.25083
0.675678,1.15146,-0.000509972,1.78743
0.512052,-0.903368,0.0987594,1.13484
0.581729,-0.535315,0.142398,0.664915
0.46283,0.762572,0.0440811,0.851567
0.356755,-1.53307,0.0510635,2.50245
0.538613,0.438662,0.00562822,0.5393
-0.268049,1.47628,0.123295,2.3005
-0.383467,-1.35833,-0.0219968,2.04639
0.465861,-1.05225,0.0209623,1.3859
0.475115,-1.11317,-0.158855,1.51036
-0.250402,1.50057,0.155999,2.35388
0.372935,-0.951052,0.0296783,1.08456
-0.460041,-0.2531,-0.131078,0.324462
-0.0398182,-1.49308,-0.105458,2.28573
0.469272,0.794474,0.106542,0.904036
0.543546,1.26393,-0.00804951,1.93761
-0.516683,-0.127133,-0.131796,0.33379
0.0728829,-1.56758,0.0400147,2.51263
0.457236,0.334771,0.158179,0.365279
-0.31652,1.37036,0.010847,2.04181
-0.513706,-0.599033,-0.18117,0.665943
0.624928,-0.724837,-0.140111,0.9426
-0.597833,-1.01686,-0.0245949,1.43171
0.413717,1.45716,-0.117168,2.32758
0.44589,1.3597,0.0600067,2.0997
-0.483101,-0.273499,0.10052,0.363615
-0.557866,1.06971,-0.136553,1.50018
0.413624,0.432449,0.104017,0.401098
-0.00130063,1.68169,-0.082842,2.83502
0.622664,0.0811545,0.0762283,0.428793
0.642739,0.789573,-0.121015,1.05841
0.453874,-0.300531,0.179348,0.336555
-0.690773,-0.0598073,-0.0233272,0.486107
-0.368085,0.5793,-0.126301,0.496443
0.329371,-0.752459,0.0273857,0.689864
0.635016,-0.98896,0.0739779,1.41028
0.0417749,-1.49214,-0.0205706,2.28563
0.444049,-0.731182,-0.0270796,0.786439
-0.369968,-1.04206,0.132588,1.2507
0.302026,1.48991,0.0973607,2.35951
0.499331,0.691235,0.142945,0.778587
0.388032,1.40033,-0.0675222,2.15952
-0.30628,1.34727,0.176744,1.95078
0.0816554,-1.45744,0.0328661,2.18256
0.642662,-0.62656,0.0334175,0.834481
0.596203,-0.319623,-0.167675,0.489908
-0.46576,-0.146335,0.0380274,0.294312
-0.523958,-0.857846,0.0186847,1.07235
-0.535812,1.04653,-0.160688,1.42563
-0.570955,0.862318,0.130926,1.11224
0.506837,-0.0950272,-0.101565,0.320524
0.478671,-1.42985,-0.129577,2.29358
-0.214574,1.29448,0.0791194,1.75513
-0.219287,-1.48726,0.0977191,2.31188
0.374848,0.0311368,-0.0969228,0.174428
0.433801,1.38992,0.0532203,2.16632
0.186323,-1.54744,-0.128686,2.4678
0.466595,-0.355021,-0.126895,0.395236
0.297345,-1.22175,-0.119995,1.61331
-0.227791,-1.55917,-0.0483072,2.52561
0.305646,-1.52562,-3.6866e-05,2.46094
-0.535029,-1.03226,-0.0244294,1.40907
0.487636,-0.287444,-0.0671773,0.378178
-0.360754,-0.802138,-0.116602,0.796907
-0.511411,0.965261,0.0485384,1.25186
-0.195835,1.31761,0.146334,1.79979
0.280675,-1.28354,-0.143207,1.76171
0.424219,1.51931,0.0165131,2.50298
-0.659967,-1.20532,0.0547238,1.89199
0.509161,0.7274,-0.11689,0.842144
0.679537,-0.589185,0.03426,0.821701
-0.480599,-0.440431,0.117364,0.478451
0.347869,-0.0321204,0.0778297,0.144596
-0.626699,-0.94818,-0.126613,1.32055
0.61816,-0.965311,-0.0849936,1.34736
0.377758,-0.961848,-0.0456247,1.10469
-0.152352,-1.39295,-0.0559266,2.01537
0.554743,0.218492,0.0183967,0.409188
-0.530994,0.0311799,-0.0106509,0.34101
-0.43445,-0.608382,0.0512063,0.609487
0.214706,-1.64181,-0.0178567,2.75593
-0.345732,-0.452472,-0.0183248,0.349815
-0.522626,0.851354,-0.0542097,1.05415
-0.561951,-0.849529,-0.00253933,1.08904
-0.342866,0.402726,-0.114326,0.296303
-0.413749,-1.21646,-0.150069,1.69569
-0.311545,-0.335777,-0.0340675,0.215839
0.358661,-0.0724599,0.102498,0.15901
-0.605314,-0.0985652,0.00981108,0.418237
-0.0356197,1.35645,0.0263432,1.87082
-0.568396,0.662506,-0.0218265,0.815515
0.63418,0.839025,0.0961853,1.13351
0.490454,0.119471,-0.0535691,0.313592
0.633357,-1.0376,0.099298,1.50411
-0.474891,0.0241041,-0.00816692,0.285461
-0.0308391,1.56731,0.0062321,2.51136
-0.652107,-0.374997,0.102558,0.586094
-0.586266,1.13407,-0.0659049,1.67157
0.451016,-1.12796,-0.0878544,1.53257
0.479638,0.420395,0.130834,0.458607
0.276562,-1.5759,0.0834225,2.58924
-0.510792,-1.41387,-0.0503954,2.28049
-0.671458,0.573189,-0.0980368,0.790301
0.312639,1.15279,-0.0637948,1.45423
0.386772,0.438999,0.0887356,0.380527
-0.507519,0.488633,0.171062,0.541854
-0.607457,0.877821,-0.109431,1.17641
-0.454665,0.205644,0.140733,0.295612
0.383109,0.0687093,-0.100741,0.186653
-0.495489,0.00496016,0.0290646,0.306014
0.638987,-0.171647,-0.125355,0.460853
0.660777,-0.700899,0.0575572,0.947527
-0.435246,-0.330803,-0.183848,0.335358
0.0928442,1.50635,0.150691,2.3259
-0.656327,0.53997,0.0161734,0.745757
0.510073,0.922255,-0.0183031,1.16954
0.655789,-0.149833,-0.0161494,0.475495
0.4858,1.15487,0.0950298,1.62876
-0.0543213,1.53346,-0.146288,2.4009
0.102394,1.54251,-0.0854622,2.44513
0.153597,1.62729,0.130381,2.69101
0.459687,-0.0248069,0.0113381,0.269983
0.42735,0.936218,0.154556,1.0994
0.447668,1.05328,-0.0698981,1.36653
0.157152,1.4357,0.171291,2.13169
0.488584,-1.28992,0.066786,1.94773
0.533303,0.549634,-0.130709,0.637682
-0.430054,0.429109,0.0404842,0.420307
0.473202,1.31473,0.125814,1.99834
-0.218919,1.4475,0.00646532,2.20161
-0.405948,-0.866314,-0.144314,0.952751
-0.554209,-0.254099,-0.158907,0.41361
-0.437053,0.174072,-0.0892473,0.270999
0.562924,-0.0598277,-0.146554,0.362552
0.453777,1.10306,-0.11149,1.47617
0.632306,0.609117,-0.105502,0.799186
0.374171,1.02984,-0.153047,1.22578
0.364995,-1.35272,-0.13166,2.01334
-0.383743,0.155399,-0.0566074,0.20913
0.582984,1.31266,0.0640992,2.08082
0.548629,0.797555,-0.0671633,0.988289
0.640742,0.412072,-0.134194,0.601783
0.452239,0.656011,0.0965945,0.684467
-0.456759,0.287362,-0.172071,0.334043
0.522016,0.209936,-0.0290681,0.376212
0.473185,-1.16376,0.130353,1.63095
0.393552,0.580029,-0.146248,0.524012
-0.327635,1.39655,-0.0870134,2.11287
0.2738,1.62576,-0.0745892,2.7247
0.362977,0.423352,0.0697607,0.339284
-0.520168,1.10457,-0.126639,1.54045
-0.485678,0.960991,0.174639,1.2044
0.401102,-1.17396,-0.0435089,1.59162
-0.0942534,1.44089,-0.101277,2.13743
0.167372,-1.26726,-0.0607087,1.63972
-0.224044,-1.57855,-0.00300689,2.57803
-0.131333,-1.29994,-0.0604487,1.72294
0.525324,0.0359672,-0.166032,0.3217
0.461168,0.327082,-0.017444,0.378081
-0.450351,-1.2278,-0.16439,1.7569
0.462978,-1.4626,-0.084539,2.37463
0.620232,-0.880447,-0.154856,1.18655
-0.54806,-1.37688,-0.0939475,2.21037
-0.549894,1.42336,0.0273542,2.33126
-0.352705,-0.11868,0.0860559,0.162111
-0.41061,-0.776602,-0.103164,0.815415
0.460195,0.651849,-0.00828141,0.690746
-0.401007,0.691618,0.0895349,0.678819
0.402773,-0.539271,-0.126255,0.491623
-0.592778,0.240536,0.165346,0.442417
0.438112,0.528619,0.133222,0.515046
-0.438715,0.122734,-0.0441809,0.261677
-0.326323,-1.09123,0.0759762,1.3169
-0.437903,1.07582,0.119103,1.40118
-0.510103,0.991667,0.132804,1.29603
0.557062,0.242113,-0.117803,0.416645
0.650603,0.357079,-0.0281652,0.576129
-0.586722,0.92101,-0.166263,1.22619
0.485134,0.855399,0.122814,1.02002
0.12405,1.60995,-0.0480048,2.64161
-0.627922,-0.124613,-0.0242968,0.445957
-0.552516,0.683309,-0.107615,0.823235
0.489574,1.38799,0.0973539,2.19775
-0.139561,-1.67351,-0.0492923,2.82613
0.515293,-0.118041,-0.0417172,0.33842
-0.258866,1.59727,0.0478971,2.63992
-0.563159,1.00506,0.0326838,1.3786
-0.248845,1.60297,0.050838,2.65291
0.376531,1.02192,-0.0590596,1.2215
0.592969,-0.659173,0.0477297,0.830965
0.314003,-0.885822,0.0350049,0.891028
0.375465,1.21528,-0.187424,1.65342
0.399354,1.43301,-0.12245,2.25383
0.141624,1.58414,-0.0517525,2.5728
0.507474,-0.853812,-0.157623,1.03407
-0.575101,0.56117,-0.0431843,0.696228
0.448242,-0.693218,-0.024206,0.735484
0.399418,0.560502,0.08255,0.516525
-0.494024,-0.76038,-0.199145,0.861714
-0.551455,0.916186,-0.160348,1.18888
0.45197,-1.19057,-0.150025,1.67304
0.408192,1.02054,-0.0404739,1.25471
0.131346,1.42236,0.00779559,2.09911
-0.0631328,1.40658,0.127468,2.02309
-0.0374812,-1.34652,0.00472305,1.84591
0.411734,-0.419716,0.0254095,0.394229
-0.531093,0.477472,-0.158423,0.556865
-0.283852,-1.372,0.185406,2.00413
-0.407965,-0.756746,-0.150716,0.776204
-0.460538,0.169081,0.0409789,0.297096
0.48374,0.303372,-0.134254,0.377226
0.386382,1.55787,-0.0229447,2.58851
-0.597996,-0.996108,0.0491275,1.39407
-0.37878,-1.31515,-0.158601,1.91797
-0.491878,0.266513,0.0664579,0.372218
-0.508609,0.413629,0.181432,0.472368
-0.355285,-0.458798,-0.116263,0.358746
0.27368,-1.39553,-0.167325,2.06898
0.427737,1.25439,0.178667,1.80108
-0.421598,-0.355597,0.0837557,0.35015
-0.33191,-0.863643,-0.0265813,0.872986
-0.440355,-0.632177,0.188932,0.63034
-0.572706,0.202761,0.0686315,0.418163
-0.486097,0.569937,0.00874802,0.62078
-0.427039,-1.09964,0.186616,1.42869
0.436281,-1.43393,-0.132903,2.27777
-0.562827,-0.133245,-0.12841,0.380827
0.315605,1.36001,0.0444827,2.00706
-0.50772,1.42529,0.045637,2.30623
0.432754,-1.46321,0.00949838,2.35763
-0.375151,0.469683,-0.0547198,0.39762
0.383275,0.00215335,0.0958606,0.181274
0.0456051,1.66817,0.000593867,2.80212
0.317925,0.80599,-0.0284056,0.760131
0.682003,-0.878145,0.0413791,1.24514
0.643835,-0.242702,0.0921691,0.4974
0.430607,1.22168,-0.111447,1.73399
0.0318221,-1.33609,-0.0551554,1.80815
-0.294472,1.2288,-0.0207945,1.63431
0.356778,-0.246998,-0.0840759,0.21322
-0.389429,0.257611,0.0783843,0.257581
0.512023,-0.725658,-0.165496,0.832452
-0.481989,-0.0450874,0.190144,0.275165
0.0923286,-1.51794,0.0980721,2.36615
-0.405072,0.813124,-0.0424089,0.870967
0.387539,1.10917,0.0633686,1.42305
0.592554,0.714164,0.0683001,0.903717
-0.396374,1.48816,-0.0122181,2.4062
-0.650997,0.38852,-0.127173,0.592403
-0.526051,0.00827826,-0.0354465,0.334433
-0.388509,0.390877,-0.146997,0.334289
-0.459491,0.647604,0.194033,0.669347
0.325449,-0.323883,-0.0543361,0.22275
0.627606,0.875645,0.152034,1.18449
0.595986,0.850072,-0.13013,1.11674
-0.244453,1.41331,-0.196534,2.09789
-0.420868,-1.36018,-0.0344979,2.08232
-0.254683,1.50003,-0.0631592,2.368
-0.293558,1.50602,-0.0681114,2.39555
-0.224528,1.30204,0.115269,1.77368
0.681565,1.10183,-0.0556056,1.68305
0.652666,0.356061,0.0650462,0.576075
0.496292,-1.13207,-0.0768503,1.58126
0.23958,1.37723,0.121033,2.00383
0.465885,1.44299,0.0215155,2.32995
-0.419331,-0.310073,-0.12508,0.314122
-0.351263,-0.118022,0.0407507,0.163655
-0.43157,0.345373,0.0865926,0.355059
0.59733,-0.922198,-0.0654988,1.25015
-0.299285,1.25172,-0.141757,1.68934
-0.05393,1.4136,0.116056,2.04412
0.379907,-1.26774,-0.0833762,1.80908
0.464389,0.228916,0.122474,0.320152
0.585833,1.13533,-0.0960874,1.6697
-0.413178,-1.26033,0.112862,1.81641
0.103431,1.3866,0.138925,1.96814
-0.430422,-0.78473,-0.0794948,0.849622
0.397625,-0.832212,0.000804747,0.897016
-0.100123,-1.43082,0.157618,2.10064
0.445857,0.13059,-0.16258,0.257227
-0.614776,-0.100386,0.115156,0.421195
0.381598,-1.17211,0.0651109,1.56574
0.368122,-1.02095,0.0197244,1.21015
0.0191452,1.50708,-0.0833478,2.32696
-0.631746,-0.499833,-0.111143,0.676119
-0.425506,1.45757,-0.0309957,2.33968
-0.62538,0.637237,0.0663179,0.831381
-0.669968,0.624541,-0.0257702,0.856101
-0.465566,-1.51117,-0.0211964,2.50459
0.353637,0.0939361,-0.00107543,0.161419
-0.505165,-0.141152,0.0451145,0.336997
0.506585,-0.0134774,0.0783697,0.312384
0.323143,0.673491,-0.026859,0.571117
-0.429816,0.81388,-0.114191,0.89388
0.56212,-0.573963,0.0364914,0.701732
-0.583076,0.768675,-0.138655,0.969836
-0.549602,0.123138,-0.094095,0.369143
0.546412,-1.2647,-0.0551993,1.93824
0.502047,1.18947,-0.00785072,1.72822
0.278975,1.29326,-0.0832618,1.79506
0.301857,1.41951,0.0136973,2.167
-0.43689,1.20488,-0.158883,1.68969
0.570377,-0.815738,-0.158794,1.03169
0.565187,-1.11445,0.022165,1.60859
-0.446189,-0.746283,0.0165828,0.811977
0.161342,-1.41327,-0.125369,2.07249
-0.569497,-1.03381,-0.0915333,1.4434
-0.471583,-1.29069,0.155316,1.92922
-0.681107,-0.144366,-0.0800565,0.492458
-0.391764,-0.412578,-0.152133,0.354537
0.395823,0.522327,0.13632,0.464256
-0.3894,1.36824,0.191275,2.06372
0.259702,1.59675,0.129741,2.63432
0.233786,-1.47902,0.118981,2.29606
0.0193577,1.43673,0.0964436,2.11394
-0.342014,-0.502973,-0.0334922,0.392756
-0.514133,-0.696519,-0.0240367,0.808589
0.10029,-1.46409,0.0126783,2.21069
0.532539,-1.01508,-0.00421809,1.37102
-0.53724,-0.298261,0.068589,0.434399
0.573687,-0.0123005,-0.0984722,0.375583
0.507242,-1.2561,0.119521,1.87986
0.379841,0.875392,0.0846917,0.945911
0.455501,0.634147,0.0433264,0.665439
0.623124,-0.653346,-0.108872,0.846032
0.58607,0.253148,0.079939,0.454743
0.486153,0.0905162,0.0362911,0.303557
-0.491889,-1.07757,0.101558,1.45587
0.492776,1.48081,0.021626,2.44023
0.625374,-0.786209,-0.0505794,1.04195
-0.536653,-0.82157,0.0902966,1.01432
0.572611,0.583493,-0.0916577,0.715141
-0.660803,-0.356337,0.0271073,0.58372
-0.435921,-0.0174165,0.13114,0.236007
0.252146,-1.53081,-0.0262285,2.45306
0.518764,1.06733,-0.0711446,1.4613
0.480955,1.4999,0.0114354,2.48512
0.66353,-0.19667,-0.0596922,0.49716
-0.605298,-0.38823,0.0286493,0.560239
0.627788,0.488607,-0.0629553,0.665862
0.645761,0.502795,-0.0602166,0.69533
-0.478483,0.276025,0.162569,0.35182
-0.0769726,1.34989,0.0795492,1.8572
0.0875517,-1.31099,0.0147704,1.74037
-0.311769,0.706705,0.013566,0.603741
0.509326,-0.0111233,0.180372,0.302701
0.48944,0.0839191,-0.0746252,0.303775
0.500727,-0.979989,-0.111308,1.26688
-0.623309,0.0626364,-0.0738,0.4259
-0.515571,0.612061,-0.0753173,0.695618
-0.626344,-0.554519,-0.113708,0.72964
-0.536871,-0.630239,0.0300928,0.743126
-0.475106,0.843788,-0.131991,0.987961
0.26416,-1.35413,0.0959105,1.95283
-0.271778,-1.16658,0.0545846,1.44559
-0.0925408,-1.53136,-0.145617,2.39946
-0.281762,-1.19715,-0.0189384,1.53491
0.62591,-0.209287,0.0997659,0.467599
-0.56785,1.14124,-0.0138072,1.67269
0.341075,1.48062,0.175078,2.34124
-0.342579,-0.0582926,0.0445559,0.143305
0.345026,0.82962,-0.0508745,0.830066
-0.568279,1.25415,-0.0537607,1.92936
0.54512,-0.307345,-0.07646,0.442959
-0.610885,-0.454032,0.141653,0.61155
0.418302,0.483417,-0.149835,0.446662
-0.471055,0.189633,-0.153785,0.304329
-0.188799,-1.64532,0.0925291,2.75388
-0.0517588,1.42434,0.123546,2.07578
0.575591,-0.765646,-0.112182,0.964948
-0.52325,0.858751,0.15038,1.06025
-0.348255,1.30691,-0.0640202,1.8878
-0.549891,-1.1542,-0.0227252,1.6823
-0.447851,-0.396581,-0.0883867,0.40833
-0.254306,-1.4603,0.0871772,2.24804
0.451072,0.534526,-0.0319462,0.546396
0.561176,0.211254,-0.176901,0.398032
0.103035,1.36142,-0.14583,1.88991
-0.0715809,1.46418,0.0358107,2.20555
-0.0058427,1.44526,-0.103608,2.1405
-0.43948,-0.585413,0.174589,0.575125
0.607958,0.898622,0.14839,1.2089
0.512353,0.91273,0.0699883,1.15028
0.540451,0.420367,-0.0853197,0.523112
-0.680775,0.669498,-0.00477782,0.923908
0.58836,0.87777,0.129117,1.15401
0.268233,1.59906,0.0541105,2.64881
-0.429239,1.10017,0.106184,1.4436
-0.168493,1.32776,0.135818,1.81795
0.443483,0.287764,-0.00988408,0.335024
0.262519,-1.39592,-0.0904163,2.07608
0.42286,-0.684388,0.0237968,0.696413
-0.375725,-0.569188,0.0610399,0.501858
-0.473357,1.20726,0.0937391,1.73662
0.453683,-0.999136,-0.139833,1.2545
-0.648799,1.07049,-0.121475,1.58417
0.45642,-1.42657,0.0641815,2.27408
-0.504013,0.216823,0.184238,0.343531
-0.052844,-1.6644,0.0627667,2.78912
-0.541265,0.415167,0.131901,0.515833
0.509921,0.773854,0.180038,0.903373
-0.496563,1.20469,0.118706,1.75037
0.500274,0.997525,0.085706,1.29954
0.583925,0.695153,-0.15549,0.861193
0.111655,-1.68342,0.00255452,2.85063
-0.642769,0.182207,0.0875911,0.471992
0.17791,-1.39264,0.134624,2.01596
0.427447,0.689107,0.184887,0.69247
0.639087,-0.640467,-0.0736694,0.848133
-0.462084,-0.396033,-0.0741741,0.425575
-0.656031,0.645547,-0.0673472,0.8676
-0.655755,0.719217,-0.104035,0.964135
0.31598,-1.19032,0.120515,1.54375
-0.239232,-1.41158,-0.0646615,2.11002
0.505897,-1.40483,-0.0635357,2.25284
0.0898283,1.3767,0.110982,1.9411
0.38079,0.67842,0.116683,0.636692
0.508219,0.745674,0.00834049,0.874547
-0.443939,-0.821552,0.16692,0.913348
0.377598,-0.543169,0.136378,0.465956
0.627103,-0.469081,-0.14353,0.638514
-0.121993,1.50105,0.0386999,2.32242
-0.250869,-1.2915,0.00461881,1.77294
-0.369043,0.260689,-0.0529797,0.236778
0.634332,-0.772267,-0.0713487,1.02786
-0.424762,0.65658,0.103266,0.659221
-0.456918,-0.10025,0.115845,0.269677
0.478925,-0.407866,0.0869612,0.452158
-0.143252,-1.35616,0.0234758,1.90546
0.638594,0.080919,0.0118275,0.445143
0.407528,-0.712656,-0.0440727,0.720595
0.64546,0.638181,-0.117091,0.84475
0.418481,-1.04099,-0.112603,1.30318
-0.349455,-0.300366,-0.10337,0.232263
-0.561655,-1.24085,0.159396,1.88477
-0.542514,-0.140884,0.0175129,0.370921
0.353898,-1.54807,-0.0936609,2.54138
-0.387913,-1.16715,-0.000391441,1.5639
0.368768,-0.207066,0.0274004,0.212435
0.386936,0.651232,-0.0230609,0.613843
-0.554798,-0.418869,0.131666,0.530614
-0.456025,-0.17574,0.167588,0.282136
-0.308853,0.0863029,-0.00487023,0.107547
-0.142571,-1.64737,0.0611352,2.75317
0.473754,-0.494045,0.0622875,0.524999
0.046375,-1.41532,-0.0447106,2.06125
-0.445514,-1.00983,-0.103982,1.27189
-0.315309,1.54119,0.125465,2.50298
-0.42508,1.04216,0.114642,1.31525
0.391456,0.954028,0.00622993,1.1085
0.473018,-0.719252,-0.170671,0.784851
0.401171,-0.0061804,-0.144297,0.196355
0.111838,1.53579,-0.070887,2.42254
-0.413122,0.141048,0.0943563,0.235665
0.414993,0.131323,-0.0660933,0.236604
0.445888,0.145701,0.016125,0.275382
-0.514737,0.176934,0.0879024,0.351974
0.369991,-0.311645,0.0252388,0.269448
0.362752,-0.827309,-0.0408419,0.846001
-0.346651,-0.565843,0.12027,0.458027
0.181837,1.50604,0.160463,2.34713
0.396064,0.381778,-0.0245772,0.347647
0.545425,-0.0708248,0.0517212,0.35815
0.679011,0.0119389,-0.0150407,0.472589
-0.483705,0.510327,0.187926,0.535658
0.394091,0.00958664,-0.0863136,0.19576
0.598914,1.13889,0.0467917,1.69167
0.431172,0.0422805,0.0669432,0.239044
-0.145541,1.45943,-0.17305,2.1972
-0.613738,-0.743762,-0.0126027,0.972442
-0.596579,-0.315243,0.0352954,0.499519
0.362111,-1.09088,-0.0593748,1.35684
-0.225987,1.54689,-0.156331,2.47923
0.441242,-0.392045,0.0809296,0.399135
-0.469748,0.649886,-0.127814,0.69145
0.00677835,-1.5086,-0.0882572,2.33046
-0.591815,0.863844,0.0415053,1.14199
-0.310631,-1.08716,-0.0207914,1.29026
-0.466263,0.483096,-0.0545853,0.507784
0.632605,0.668942,0.14515,0.870758
0.0755639,-1.48076,-0.183015,2.24128
0.590169,0.241998,-0.110722,0.447026
0.381307,-0.152341,0.127266,0.199636
-0.52742,-1.17501,0.0106935,1.71116
-0.186349,1.35,0.0812132,1.89815
0.26526,-1.61845,0.0475743,2.70333
0.41876,-0.893112,0.148336,1.01138
0.568605,0.874177,-0.0195355,1.14096
0.656911,-0.251666,0.110733,0.512173
-0.464434,1.40679,0.0113267,2.23442
-0.482549,0.394653,0.0851672,0.445571
-0.386648,-0.474457,-0.1358,0.404653
-0.0729986,1.3263,0.0941419,1.78039
0.566803,1.16053,-0.054933,1.71343
-0.464611,-0.240475,-0.169712,0.316743
-0.492953,0.601815,0.00966391,0.665251
0.324984,-1.13059,0.0525344,1.41252
0.597385,0.825227,0.126662,1.07664
0.375867,-0.180298,0.145938,0.200181
0.204722,1.48055,0.0743347,2.2914
0.495274,0.0735558,0.0745322,0.30711
0.503366,-0.39618,0.0845742,0.468524
-0.393543,-0.40547,0.166118,0.348266
-0.151702,-1.32975,0.0495499,1.82416
0.554231,-1.01501,0.134002,1.38198
-0.566483,-0.441046,-0.184083,0.551718
-0.576648,0.713132,0.173286,0.877181
-0.315062,-0.24489,-0.0438423,0.166813
-0.335792,-1.53246,0.135658,2.48645
-0.362151,-1.01444,-0.0280366,1.19558
0.599227,-1.23809,-0.0367883,1.91944
-0.450379,-1.06031,-0.0264713,1.38427
-0.584387,0.900803,-0.00398121,1.20226
0.426892,1.03168,0.0409781,1.29942
-0.500888,0.553929,-0.0321832,0.618875
-0.476432,0.516034,0.0272599,0.552657
-0.447356,-0.0801465,0.17205,0.247332
-0.411302,-0.596378,-0.00537197,0.574624
0.544838,-0.568096,0.076593,0.672834
-0.0233903,-1.3312,-0.0670026,1.78959
0.392597,0.291354,-0.0843147,0.277936
-0.181481,1.55918,-0.00478393,2.50929
-0.56531,1.11216,-0.157543,1.59575
0.349191,0.856747,0.122102,0.874114
-0.0944581,1.3481,0.130833,1.84967
-0.530574,-0.0555383,-0.127579,0.335454
0.480845,-1.39649,-0.0366137,2.21537
-0.406784,0.367096,0.0678249,0.343695
-0.499596,-1.22768,-0.0103436,1.80874
0.50531,-1.04767,-0.0851698,1.40759
-0.633051,-0.987227,0.13947,1.39903
0.45296,-0.928103,0.160799,1.11045
0.377091,0.652237,0.00559408,0.604671
0.461514,-1.37517,0.00702591,2.15286
-0.570722,1.07786,-0.0286532,1.5359
0.315107,0.251993,0.0252935,0.171458
-0.549401,-0.0417865,-0.165714,0.345912
0.415209,0.543506,0.0362198,0.513981
-0.434923,0.897506,-0.0813608,1.04679
0.185759,1.65114,-0.0709199,2.77069
0.600733,0.837955,-0.109975,1.10153
0.355037,1.11432,0.0670344,1.404
-0.484185,0.611816,0.12778,0.659927
0.441236,-1.44445,0.0536674,2.31066
-0.388579,-0.374908,0.0574702,0.329079
0.368258,-1.16521,-0.099902,1.53631
0.402141,-0.414903,-0.0827292,0.376155
0.143832,-1.52212,0.0583027,2.39361
0.397803,-1.06597,-0.146245,1.33149
0.449865,-1.32115,0.00857878,2.00003
-0.368388,-0.573646,-0.0438392,0.498364
-0.499987,1.02832,-0.0444298,1.36735
0.428551,-1.27047,-0.0905293,1.85083
0.306017,-1.26392,-0.094343,1.73377
-0.560865,0.662832,0.0316261,0.807059
-0.100174,1.31283,-0.0582118,1.74878
0.411223,-0.708329,0.0730175,0.716862
-0.394872,-0.597381,0.0756592,0.553845
0.52031,-0.821014,-0.0592213,1.00705
0.594554,-0.454881,-0.0158577,0.606567
-0.485697,0.356805,0.0321603,0.42276
0.373916,-1.38872,0.189737,2.10892
-0.405529,-0.185283,0.0868813,0.241164
0.287701,-1.63269,0.00685085,2.75123
0.572736,-0.15176,0.181516,0.386498
0.249442,-1.33465,-0.164332,1.88176
-0.359155,0.0414979,-0.0363575,0.158989
0.625166,-0.651416,-0.0870861,0.845995
0.49996,0.441641,-0.0687551,0.502179
-0.552557,-0.457625,-0.118691,0.561572
-0.343567,-0.268432,0.037113,0.212737
0.315327,1.14108,-0.0233143,1.42825
0.315167,-0.0107272,-0.0686199,0.106012
-0.3888,1.26909,0.10349,1.81371
-0.467192,0.366984,0.00490205,0.410204
0.416804,0.0645965,-0.0444286,0.226246
-0.423933,-0.160316,-0.181942,0.240166
-0.461974,0.965061,-0.0824359,1.19713
-0.0824602,-1.60531,-0.15925,2.61191
-0.28722,1.54497,-0.135167,2.50024
-0.550745,-1.2483,0.020825,1.90545
0.626294,-1.15157,0.0962347,1.74118
0.413531,1.27718,-0.107913,1.85306
-0.558644,0.868911,0.032224,1.12155
-0.0879927,-1.37626,-0.0621652,1.9461
0.432269,0.506626,0.104736,0.492905
-0.209964,-1.23459,0.0639118,1.57548
0.481083,-0.821089,0.0393829,0.965336
0.557075,-1.0952,0.0935662,1.55663
-0.439911,-0.803437,0.0372599,0.893938
-0.407236,0.503179,0.116404,0.458275
-0.44263,1.35088,-0.0619479,2.07114
-0.412595,-0.179146,-0.107088,0.245876
0.340107,1.26614,-0.0758876,1.77141
-0.407962,-1.0879,0.0895954,1.39534
-0.375305,-0.314612,-0.134823,0.267134
-0.389134,-0.195827,-0.155954,0.219168
-0.427842,-1.35103,-0.0457658,2.06132
0.071763,-1.55931,0.175885,2.47442
0.466321,-0.877668,-0.184884,1.02933
0.292738,-1.51721,-0.0600838,2.42991
-0.00484123,-1.44655,0.0736372,2.1461
0.26299,-1.3107,-0.171005,1.82003
-0.00399034,-1.4662,-0.00495982,2.20981
0.492249,-0.0188812,0.089693,0.299505
-0.486956,0.820137,0.083098,0.965988
-0.561204,-0.772836,-0.121833,0.960544
-0.0141345,-1.40014,0.0333378,2.00817
0.545699,1.07255,-0.0478359,1.50065
-0.466387,-0.111233,0.0496707,0.287454
-0.375096,0.203515,-0.107591,0.212001
-0.342675,0.47491,-0.0650107,0.365165
0.410897,-1.34701,-0.024969,2.03631
0.448206,0.352804,-0.108275,0.374246
-0.325551,-1.26389,-0.167185,1.74155
-0.375906,0.25137,0.00838602,0.241686
-0.460538,-0.87633,-0.0743045,1.03386
-0.584207,-0.675028,-0.134454,0.838351
0.443827,-1.40381,-0.138085,2.20448
0.325017,-1.47114,-0.149512,2.31131
-0.10519,1.53802,-0.173992,2.41796
-0.448949,-0.855989,-0.0827141,0.987583
0.574319,-0.661063,0.0566239,0.816392
-0.664056,0.483834,0.0799401,0.691707
-0.336944,0.659668,0.102973,0.564036
-0.32321,-0.86273,0.0126077,0.861814
0.500964,-1.28062,-0.0768347,1.93579
0.631607,0.916513,0.14041,1.26319
0.446025,0.118772,-0.129738,0.261626
-0.46886,-0.619117,-0.0572719,0.658298
-0.31329,0.454031,0.0168701,0.312547
0.540161,-0.591151,-0.0135898,0.696946
0.0781963,-1.53402,-0.0577399,2.41451
-0.122523,-1.53445,-0.0208515,2.42133
0.64176,-0.40162,-0.017623,0.603395
-0.39581,0.674226,0.0573025,0.652603
-0.45668,-0.545338,0.151484,0.551939
-0.416805,-0.934223,-0.0991614,1.08911
-0.429518,0.960398,-0.0213223,1.15965
-0.302589,-0.599187,-0.00861583,0.452069
-0.5952,-1.20206,0.0536714,1.8325
-0.332964,1.56714,-0.10368,2.58364
-0.479,0.780811,0.0834387,0.895754
0.0899939,-1.5829,0.0764585,2.55608
-0.524942,-1.07233,-0.140185,1.47249
-0.578045,-0.997287,0.145332,1.36863
0.270386,1.34016,-0.186739,1.90527
0.512681,0.0518987,0.164453,0.311982
-0.319513,0.387746,-0.0550145,0.261965
0.427345,-1.28709,0.0527119,1.89909
-0.491136,1.14145,0.0285628,1.60539
-0.441297,-1.05474,0.00704642,1.36388
0.467163,1.08501,-0.197629,1.43478
0.468377,0.949615,0.0874941,1.17881
-0.233143,1.3151,0.0918939,1.82419
-0.360299,-1.49495,-0.0334669,2.4023
-0.20736,-1.55581,0.0635788,2.50874
-0.331626,-1.43668,-0.0752122,2.22913
0.107527,1.62147,-0.0945982,2.67057
0.424638,0.391827,-0.180818,0.369295
-0.409043,-0.554705,-0.1609,0.510314
0.626911,-0.936855,0.0209313,1.30435
0.447809,-1.22053,0.0229427,1.74594
0.465132,0.762593,0.0398192,0.85473
0.536501,-0.383919,0.0162653,0.494511
0.496376,0.571156,0.102016,0.628814
-0.0419954,-1.57782,0.0735566,2.53441
-0.424667,0.0174903,-0.168404,0.217556
-0.50236,0.531538,-0.0908759,0.59103
0.078964,1.59676,0.0804387,2.5925
-0.422265,-1.07916,-0.0687452,1.39375
0.464741,1.20352,-0.155993,1.71276
-0.512516,0.297177,0.16933,0.395446
0.409422,0.63401,-0.172727,0.602184
0.644066,-0.279334,0.108499,0.516267
0.683953,-1.11986,0.039927,1.72423
-0.49905,0.183408,0.121398,0.335575
-0.627571,-0.923923,0.0715503,1.27895
0.00991791,1.3842,0.088246,1.95387
0.490796,1.4189,-0.0483671,2.28045
0.536451,-0.951543,-0.0271163,1.25
0.406634,-0.977217,-0.0909609,1.16366
-0.393643,-0.421804,0.135656,0.366826
0.0712576,-1.40386,-0.108306,2.01758
-0.414534,1.32346,0.141244,1.97163
0.662133,-0.174964,-0.0566228,0.487355
0.661748,-0.072758,-0.0114124,0.464308
-0.651396,-0.816409,-0.0302477,1.11775
0.013302,-1.63238,0.061847,2.6955
0.463614,1.09469,-0.149039,1.46119
0.264703,1.43032,0.186054,2.15955
-0.498121,-1.07079,0.114607,1.44784
-0.529153,0.983642,-0.14594,1.29645
0.516394,-0.919309,0.0342206,1.17322
0.601717,0.544979,-0.0427478,0.704053
0.404592,-0.379301,0.0982382,0.347813
0.528945,-0.414365,0.113511,0.505338
0.450544,-0.326525,-0.00216294,0.368116
0.587477,-0.594362,0.138845,0.737198
0.372344,-0.438797,-0.0193408,0.368375
0.436418,1.25432,0.011842,1.82023
-0.355446,0.174343,-0.072368,0.182094
0.341878,1.31245,0.036964,1.90151
-0.576662,-0.0382524,0.143823,0.375003
0.328204,-1.21404,-0.162039,1.61099
-0.330786,0.380577,0.0047418,0.271622
0.405623,-1.3664,-0.122734,2.08066
-0.214626,-1.57116,-0.0995955,2.55238
0.324937,-1.2537,-0.0868242,1.72275
0.0114396,1.44727,-0.128439,2.14209
-0.440487,1.36079,-0.0265965,2.09789
0.449645,-1.21588,0.139015,1.72892
0.303598,1.13882,-0.0903393,1.40603
0.577182,-0.357282,0.0551368,0.51194
0.0240677,1.40462,-0.11983,2.01331
0.552855,1.13572,0.115083,1.64069
-0.500195,1.47053,-0.00418975,2.42072
-0.223244,-1.49328,-0.11192,2.32536
0.138902,1.56426,0.137831,2.50473
-0.34476,-0.653538,0.00320207,0.566615
-0.104159,1.61683,0.0929047,2.65555
0.465379,0.704684,-0.136497,0.764822
-0.5926,-0.143774,0.0178214,0.420013
0.31527,0.9201,-0.0160798,0.955472
0.46496,1.41042,-0.0641758,2.24062
-0.395888,1.27567,0.135255,1.83682
-0.34534,-0.275714,-0.00511463,0.219077
-0.323195,1.25732,0.0510987,1.73593
-0.308987,-0.317402,-0.000964204,0.201412
-0.351033,-0.2064,-0.111205,0.186831
0.420265,0.884384,-0.0972555,1.00485
-0.482032,-0.758593,-0.142238,0.859998
0.555777,0.948903,-0.0436399,1.2625
-0.434222,-1.39254,-0.129325,2.16303
-0.531825,-1.11451,0.118528,1.57356
-0.426833,-0.0907986,0.105055,0.23622
0.524523,1.03482,-0.127967,1.39914
-0.495855,-0.341508,-0.0845794,0.419112
-0.527171,1.43986,0.030862,2.35722
-0.340978,-1.48764,0.0459298,2.37042
0.157782,-1.49642,-0.0952675,2.31766
0.204502,1.52465,0.14852,2.40994
-0.415066,0.0732357,0.140054,0.216804
-0.611502,1.11685,0.0958414,1.65391
-0.462746,0.251895,0.0816181,0.332755
-0.672275,-0.814709,-0.0690225,1.12972
0.49483,-0.28167,0.0906943,0.380592
0.29341,-1.23712,0.0832977,1.65266
0.620429,0.425355,-0.101321,0.59795
-0.395452,0.477138,0.0971794,0.42232
-0.650773,-0.827825,-0.0689854,1.1325
-0.678609,0.255898,0.00713003,0.53838
-0.0909009,-1.35843,-0.0304926,1.89552
0.258528,-1.61735,-0.0243719,2.69853
0.575377,1.1992,-0.162358,1.79827
0.586084,-1.14221,-0.0720876,1.68945
-0.525062,0.359284,0.130357,0.45551
0.577877,-1.21836,-0.159596,1.84523
0.660492,-0.224,-0.0833023,0.50403
0.412992,-1.33955,-0.101908,2.01422
0.442146,0.626572,0.00126736,0.639691
-0.481259,-0.451825,0.145603,0.485252
-0.374115,0.369205,-0.104844,0.306056
-0.443976,-1.21678,-0.13906,1.73069
-0.272308,1.36094,0.160279,1.97128
-0.456333,-0.242334,-0.136736,0.314504
0.327034,0.849541,-0.00070715,0.844256
0.441572,0.129761,0.0136523,0.266465
0.441128,0.0167263,0.133696,0.240112
0.00819571,-1.40849,0.111285,2.02611
-0.517123,1.19198,0.0580995,1.74035
-0.550717,-0.044948,-0.098323,0.357174
0.392108,1.11314,0.119598,1.43586
-0.415434,-1.12525,-0.0726173,1.49217
0.59023,-0.0789109,-0.139559,0.392987
-0.28829,-1.41467,-0.13341,2.13322
0.287447,-1.23562,-0.084151,1.64365
0.517613,0.75479,0.0885936,0.890531
-0.409511,0.879271,0.04077,0.98738
0.32743,-0.135268,-0.00184606,0.140123
0.490155,-0.438702,0.0404814,0.492714
0.403891,1.52837,0.0394535,2.51641
-0.448293,1.34088,0.125585,2.04425
0.469365,0.0441686,-0.105922,0.275652
-0.387488,-1.05856,-0.135667,1.30516
0.474111,-0.595042,0.166074,0.624493
0.372657,0.635131,0.0625966,0.576561
-0.332751,-0.129821,-0.0126598,0.146226
0.415045,-0.470971,0.091565,0.439641
0.339125,0.993848,-0.0688693,1.12142
-0.587927,0.573268,-0.00595942,0.722917
0.675862,-0.842327,0.0604043,1.17819
-0.350599,-1.23817,-0.082967,1.70319
-0.585536,0.359556,-0.0295791,0.51962
-0.640732,-0.0348313,-0.0363711,0.442334
-0.481926,0.597916,0.185337,0.63259
0.546556,1.08372,-0.0381979,1.52822
-0.448696,-0.111892,-0.00368803,0.269905
0.232704,1.28171,-0.147005,1.7191
-0.411007,0.51885,0.0660521,0.486313
-0.55242,0.106824,0.053346,0.373366
-0.555122,-0.850004,0.022682,1.08361
-0.359811,0.89165,0.00279163,0.954211
0.330947,-0.740429,-0.0401171,0.673944
0.331683,0.37783,0.0933331,0.26625
0.356603,1.14058,0.0343984,1.47408
-0.0891207,-1.31264,0.0825889,1.7421
0.34287,-1.20392,0.135392,1.60482
0.229909,-1.43512,-0.0980477,2.16386
0.0911992,-1.46796,-0.100153,2.21885
0.312663,0.250992,0.0198529,0.168198
0.401599,1.52716,0.0294656,2.51126
-0.531459,0.292802,-0.0527841,0.425095
0.509106,1.26276,-0.0487167,1.90166
0.490871,-0.142724,-0.176417,0.305535
-0.231849,1.35949,0.140827,1.94403
-0.566796,0.503534,-0.0115659,0.628251
-0.399815,1.17559,-0.11847,1.58767
-0.441572,-0.114694,0.0997009,0.258687
-0.306597,0.470334,-0.0270132,0.318366
-0.36923,0.582825,0.122378,0.503388
-0.49892,-0.0746446,-0.0104024,0.313789
-0.355672,-0.406346,0.0623676,0.318086
0.21719,1.5143,0.180449,2.37885
0.439192,-0.148505,-0.10153,0.263775
0.569713,-0.511237,0.0814493,0.637491
-0.0987876,-1.30002,0.0611768,1.70874
-0.0559123,-1.6352,0.0420148,2.70547
0.0790286,-1.36081,0.0454575,1.89482
0.651366,0.624967,-0.0902525,0.836197
0.486041,0.919671,-0.168973,1.12857
0.35398,-1.1547,0.0130302,1.50747
0.414835,-0.413152,0.126261,0.383731
0.531884,-0.910212,0.0991736,1.16433
-0.563575,-0.088817,0.133063,0.371028
0.487607,-1.00888,-0.0410792,1.31439
0.605402,0.585892,-0.146391,0.743505
-0.534251,0.357098,0.0367585,0.4692
0.0761408,-1.50974,0.169518,2.33325
-0.661345,-0.983566,0.0826167,1.42182
0.346665,0.201913,-0.0251195,0.185784
-0.00602453,-1.5775,0.129538,2.53018
0.14933,-1.58211,-0.057615,2.56052
-0.180263,1.47224,-0.00736063,2.26549
-0.357135,0.500679,0.0392178,0.406286
-0.503168,0.202968,-0.117647,0.346993
0.000820019,-1.52604,0.109381,2.37914
-0.635714,0.147329,-0.13666,0.448983
-0.406907,-1.03501,-0.154716,1.27097
-0.582618,1.10143,0.104952,1.5909
0.672669,0.357911,-0.00615492,0.595709
0.142264,-1.52246,0.0592295,2.38918
-0.449617,-0.739328,-0.0312609,0.80715
0.381478,-1.32969,-0.137636,1.96369
0.239611,1.21589,0.00412049,1.55006
0.274401,1.15636,-0.072851,1.41894
-0.467122,1.23613,-0.0910094,1.79909
0.0300007,-1.51373,-0.022543,2.35619
-0.535904,-0.677133,0.103811,0.796934
-0.611254,0.477525,0.0961876,0.638606
0.35943,-1.21266,-0.0301153,1.65081
0.620684,-0.952811,-0.152906,1.32004
-0.0344719,-1.65471,-0.0671844,2.76016
-0.331662,-0.867089,-0.0776753,0.876585
0.3769,-1.44953,0.0154467,2.28891
0.382567,-1.38634,-0.158944,2.11063
-0.500867,1.02439,-0.0133129,1.36207
0.181911,-1.56698,0.0329084,2.53636
0.603789,0.622865,-0.1333,0.788061
0.536041,1.2728,-0.0163507,1.94885
-0.330628,1.14637,0.0535538,1.455
-0.242754,1.48578,-0.143545,2.31324
-0.475841,1.18431,0.138103,1.67981
-0.156093,-1.4043,-0.0617976,2.05038
-0.0720107,-1.52656,-0.0365989,2.39093
0.0815446,1.45748,-0.0936267,2.18595
-0.352994,0.274756,0.135476,0.218449
-0.511304,1.06912,-0.178724,1.44852
0.506152,0.985775,0.14215,1.28006
0.456951,1.48495,0.0437226,2.43114
-0.220989,1.50855,0.161622,2.36763
0.487591,-0.364726,-0.138161,0.421303
0.500419,1.20359,-0.0534499,1.75677
0.479951,-1.427,-0.0387819,2.29263
-0.409001,-1.11263,0.115465,1.45282
0.00732804,-1.50359,-0.0143576,2.32331
0.410368,1.50007,0.0696411,2.446
0.367576,1.30297,-0.161534,1.87924
0.534159,-0.44331,-0.0123596,0.540497
0.326798,0.416213,-0.0578584,0.293672
0.407255,0.139814,0.019302,0.232969
-0.376705,1.33364,-0.0426648,1.98239
-0.456603,-1.08509,-0.12213,1.43515
-0.477911,-0.0374599,0.112673,0.283636
-0.31008,1.29827,-0.0713705,1.83566
0.524681,0.0449798,-0.111232,0.329468
-0.577198,1.12074,-0.0474211,1.63657
0.592379,-0.269776,0.0988381,0.466366
0.392062,-1.36297,-0.0222628,2.06627
-0.548611,1.12885,0.0721604,1.62268
0.470863,-1.24686,-0.0135034,1.83546
0.62336,-0.343005,0.0943113,0.539267
0.415564,-0.33564,-0.156998,0.322979
-0.56419,-0.407336,-0.185985,0.520993
-0.339642,-1.43516,-0.0340754,2.22816
-0.335585,1.45999,0.117944,2.28945
-0.48829,0.164504,-0.109212,0.320072
0.539559,1.35871,-0.113535,2.15779
0.467062,0.257484,-0.056421,0.341259
0.477663,0.237994,-0.131746,0.334851
0.442982,1.32222,-0.131304,1.99221
-0.582297,0.653268,-0.157592,0.803946
0.346755,-0.126704,0.0642628,0.158949
0.411776,-0.606388,0.0626099,0.583096
0.486193,-0.230344,0.149838,0.338959
-0.254442,1.19843,0.091568,1.50988
-0.583533,-0.57696,0.156443,0.711486
0.382366,-1.01287,-0.0921941,1.21103
0.415611,0.79047,-0.0530014,0.843157
-0.554311,-0.598127,0.0839818,0.714901
0.409257,0.683516,0.115426,0.677052
0.263905,1.34902,-0.122048,1.93567
0.508457,0.757003,-0.0170524,0.890302
0.0118108,1.54256,0.0397598,2.43295
-0.324259,0.907411,0.0303628,0.94294
0.452722,0.473593,0.127488,0.47807
-0.69189,0.754541,0.0091863,1.0517
-0.115219,1.50337,0.169327,2.31584
0.321908,-1.349,-0.0139164,1.98345
-0.379222,1.15311,0.0839831,1.52012
0.680182,-0.891157,0.0503159,1.26645
-0.339027,-0.668081,0.0610321,0.581342
-0.132629,-1.44114,0.0229624,2.15218
-0.62455,1.10994,0.072883,1.65209
0.607641,0.965713,-0.0619964,1.34555
0.56516,0.505437,0.0283985,0.631045
0.457049,-0.194918,-0.159144,0.291862
0.525655,-1.32533,0.0425228,2.07066
0.498241,0.315002,-0.088992,0.40137
0.0191644,1.54936,0.0538675,2.45366
-0.256697,-1.46756,-0.0780716,2.27558
0.511691,-0.657552,0.0492987,0.753101
-0.51117,-0.0115287,0.194756,0.301822
0.508932,-0.268114,-0.0333414,0.391216
0.267451,-1.62196,0.0210377,2.71498
0.143864,-1.34381,-0.0540702,1.865
0.429406,0.747044,-0.0779516,0.791556
0.528273,0.838831,0.00574606,1.03982
-0.304806,-1.41904,-0.0363281,2.1685
-0.344879,0.319903,-0.0501577,0.244261
0.409839,-0.251726,-0.0372576,0.27724
-0.534707,1.1983,-0.0579165,1.76989
-0.197518,-1.5484,0.0749966,2.48502
0.35835,-1.38702,-0.0393789,2.10754
-0.525843,0.099867,-0.0912241,0.34042
0.373477,-1.49813,0.101338,2.41468
-0.297633,-1.30408,-0.00930535,1.8444
0.487809,0.418538,-0.0545191,0.472639
0.394693,0.715913,-0.0909296,0.708193
-0.3869,1.10227,0.167417,1.39604
-0.696976,-0.326047,-0.0327788,0.593321
0.00407668,1.51505,-0.0232683,2.35072
0.341143,1.54739,0.0160766,2.53615
0.00658666,-1.49636,0.0428928,2.29356
-0.452959,0.54344,-0.152485,0.546971
-0.295226,1.51723,0.0157512,2.43738
-0.407857,-1.21398,-0.195965,1.67858
-0.44142,-0.356199,0.151557,0.365801
0.375929,-0.861977,0.0772615,0.918866
0.324521,0.733952,0.0894153,0.653993
-0.00587428,1.42516,0.0306002,2.08175
-0.0625396,-1.55909,-0.0351149,2.4903
0.00996168,-1.35162,0.131212,1.84455
-0.264052,-1.53827,-0.111829,2.47586
0.500301,-1.09482,-0.140915,1.49739
0.297849,1.34088,0.161409,1.93151
0.510633,-0.937095,-0.0285598,1.20276
0.0114836,-1.4913,-0.124986,2.27447
0.566555,-0.135586,0.0824744,0.389996
-0.598713,0.0414097,0.130966,0.397099
-0.384318,-1.08234,0.0459663,1.36806
-0.33796,1.07401,-0.0231895,1.29302
0.520321,-0.417696,-0.102887,0.497913
-0.530665,1.10133,-0.161612,1.53729
-0.126914,1.59828,-0.0475084,2.60791
-0.508977,-0.634319,-0.104883,0.714417
0.559983,-1.15621,0.172725,1.68616
0.519587,-0.00232524,-0.16465,0.315499
-0.172524,-1.28492,0.0104501,1.70274
-0.655158,-0.24937,0.0989727,0.510749
0.4039,0.131801,-0.10746,0.22208
0.479321,1.44743,0.089675,2.34651
0.447716,0.0989081,-0.113948,0.260053
-0.380093,-0.119094,0.000415711,0.197909
-0.57274,0.503914,-0.022329,0.63233
-0.473655,-0.0961969,-0.089604,0.289928
0.10237,1.43034,0.16319,2.10045
-0.490461,1.09121,-0.114633,1.48328
-0.455033,1.4053,0.0556609,2.2219
-0.414849,-0.244459,-0.113497,0.274013
-0.527439,-0.0650385,0.155382,0.328739
-0.438445,-1.35649,0.0906989,2.08029
0.643754,0.0126066,0.0889011,0.439993
0.579354,-0.131057,0.176664,0.387831
-0.590362,-0.512606,0.0216374,0.656633
0.327938,-0.518122,-0.0151252,0.391282
0.263566,-1.42227,0.165832,2.13935
0.56599,-1.26731,0.0204252,1.9602
0.488329,-0.0532271,0.0380832,0.299007
0.62324,-0.154899,-0.102926,0.444104
0.355382,-0.875463,-0.0792187,0.918138
0.125143,-1.63537,0.0180191,2.71464
-0.506015,0.935279,0.0786294,1.18624
0.455485,-0.430884,-0.143665,0.439848
0.44201,-0.374928,-0.123357,0.38169
0.461237,0.51737,-0.173405,0.522567
0.411696,-0.288543,-0.165505,0.287135
-0.360116,-1.2203,0.0509672,1.67001
-0.628351,-0.611962,-0.119821,0.79818
-0.00631686,1.53246,-0.0702618,2.40739
-0.611152,-0.107893,0.0010345,0.426887
0.365408,1.02781,0.112505,1.21718
-0.558007,-0.680697,-0.0598484,0.828641
-0.663892,-0.553591,-0.0662017,0.764499
0.375437,-1.00173,-0.0058165,1.18451
0.621184,-0.493423,-0.144878,0.65603
-0.643567,0.942377,0.13578,1.32239
0.356336,0.538987,0.0872083,0.443386
0.625119,0.00608055,0.0835968,0.424804
0.36255,0.555305,-0.0146794,0.47263
0.59985,-1.15675,-0.11481,1.72689
-0.238037,-1.48905,-0.0746313,2.32612
-0.124616,1.5667,0.121611,2.51152
0.681833,0.499233,-0.010079,0.724696
-0.423196,-0.365308,0.0921953,0.359825
0.398919,0.580284,-0.151071,0.528987
0.568173,-0.765566,-0.151253,0.949697
-0.574335,-0.680576,-0.141785,0.837537
0.59235,0.373692,-0.0297252,0.536329
0.411175,0.778508,-0.0700106,0.819796
0.508709,1.29525,-0.109331,1.9749
-0.425004,0.664939,-0.0127538,0.673905
0.437619,1.12111,0.168159,1.49141
0.459356,-1.09092,-0.02257,1.45883
-0.117178,-1.42169,0.0231367,2.09247
0.35765,-1.10201,0.0710187,1.37644
0.445699,-1.20936,-0.139353,1.71556
-0.628286,1.11899,-0.00275454,1.67657
0.063367,1.45042,-0.0539611,2.1616
-0.436871,0.359873,-0.125796,0.365544
-0.646354,-0.986796,0.0492435,1.41804
0.383435,-1.36954,-0.0138256,2.08019
-0.606412,0.661867,-0.10498,0.845867
0.587082,0.0288878,-0.119438,0.386241
-0.623434,-0.491216,0.0496348,0.665566
0.394528,1.31056,0.00572907,1.93789
-0.325653,1.54456,0.132809,2.51563
-0.519686,1.26594,-0.121156,1.915
0.280649,-1.16973,0.029742,1.46486
-0.627996,0.882575,0.0719681,1.208
-0.458517,0.255195,0.133065,0.324419
0.650063,-0.899247,0.0147574,1.25646
0.570643,0.82003,-0.184755,1.03355
0.295138,-1.55978,0.127443,2.54581
0.387011,0.28181,0.005824,0.269548
-0.576182,0.898843,-0.101352,1.18524
0.373514,-0.0283323,0.0118791,0.177265
-0.675954,1.1318,-0.0553012,1.74301
-0.655266,0.813405,-0.117174,1.10889
0.000441445,1.63988,-0.00781858,2.71949
-0.597314,0.827631,0.0213775,1.0892
0.343123,-0.970753,0.099147,1.07949
-0.371224,0.112007,-0.129057,0.177737
-0.484236,-0.7574,-0.0583254,0.866597
0.37428,0.887934,0.0521359,0.964114
-0.159353,1.46182,-0.156865,2.21209
0.528821,-0.295559,-0.182544,0.409248
-0.473809,-0.981008,0.164085,1.23304
-0.545307,-0.209201,-0.0208188,0.39795
0.416891,-1.06988,0.127119,1.36135
-0.535514,0.668371,-0.104127,0.785052
0.606854,0.922447,0.0828046,1.25774
0.383226,-0.926612,0.0518872,1.046
-0.523896,1.27398,-0.0967487,1.93788
0.620806,1.22625,0.032459,1.9061
-0.405997,0.789436,-0.164634,0.820033
0.645528,0.689795,0.13371,0.911644
-0.359809,-0.687068,0.12859,0.623442
-0.357884,-0.463627,0.0599766,0.371358
0.304461,-0.728474,-0.0175052,0.62561
0.687587,-0.277337,-0.0524477,0.555373
0.256719,-1.56161,0.0824349,2.53588
0.425047,1.06881,-0.0186816,1.3781
0.650247,0.410037,-0.0826141,0.613114
0.672549,0.840824,0.0982358,1.16944
-0.493927,-0.232191,-0.0948679,0.353831
-0.419438,0.437771,0.140845,0.407955
0.560395,0.910492,0.171028,1.18346
-0.309989,0.0458106,0.0210271,0.10373
-0.682232,-0.503413,0.0342281,0.728529
0.680016,-0.408665,0.0456629,0.639522
0.513433,-1.17829,-0.0417518,1.70674
-0.496479,0.556524,-0.0971468,0.610605
-0.616503,-1.1016,0.147594,1.61917
0.358074,0.484779,-0.0327232,0.391566
0.310497,-1.48063,0.119192,2.32723
-0.346435,1.08273,0.094722,1.31912
-0.489738,-0.00711904,-0.092826,0.295387
-0.566798,0.560728,0.0933668,0.685418
0.475117,-0.292561,0.144741,0.360856
0.470773,0.600303,0.11209,0.634928
0.503223,0.873596,-0.0467199,1.07417
0.400899,-0.643364,-0.0424547,0.619471
-0.550422,0.963719,-0.135499,1.27854
0.108407,-1.32975,-0.0610308,1.80481
0.468245,-1.36799,0.131518,2.12719
-0.467416,-1.09495,0.061511,1.47629
0.479078,-0.312245,0.171414,0.37275
0.0608013,1.59625,0.125369,2.59072
0.433143,0.742467,-0.184992,0.774848
0.385279,0.735228,-0.0514304,0.726181
0.28185,-1.26564,0.00164428,1.72702
-0.648096,-0.542037,-0.0423273,0.740479
0.416575,-0.885965,-0.133389,1.00102
0.582486,-1.1476,0.10337,1.69607
0.598279,0.725196,0.0838935,0.925958
-0.579357,-0.669331,0.17074,0.819535
0.339391,-1.08199,0.11996,1.30531
-0.379163,-0.680387,0.00760936,0.643417
-0.419819,-1.50707,0.0305272,2.4681
-0.55451,0.937641,0.179678,1.22531
0.655123,-0.264963,0.0804965,0.519704
-0.358649,-0.139334,-0.123116,0.170799
0.0895208,1.40711,0.110513,2.0352
-0.64032,-0.641376,0.0540252,0.849607
-0.547144,1.19732,0.11507,1.77516
-0.362423,-0.241848,-0.121954,0.213259
-0.316301,-0.611815,-0.0754423,0.480742
-0.537423,1.0409,-0.0116414,1.42891
-0.372378,-0.742801,0.152859,0.714214
0.50798,-0.442554,0.189576,0.495991
-0.355773,0.394395,0.0553429,0.310684
0.537479,-0.652533,0.107708,0.764321
0.0842561,-1.47339,-0.135547,2.22796
-0.643341,0.189102,0.0245244,0.479517
0.4879,1.18961,0.13835,1.70403
0.582882,-0.139761,0.113214,0.40234
0.415442,-0.0288858,-0.0955681,0.219192
-0.275071,-1.39171,0.069347,2.06906
0.365315,-0.751642,0.0665369,0.729855
0.434948,-1.37312,-0.0702014,2.12115
0.0987258,-1.55333,-0.125798,2.46963
-0.14895,1.58746,0.0047901,2.58369
-0.183693,1.59507,-0.0359849,2.6116
-0.50902,-0.815762,0.10927,0.976559
-0.575399,-0.564342,-0.0500655,0.700521
0.472677,0.0575438,0.0451545,0.283718
-0.0343547,-1.58872,0.0463642,2.57064
0.137529,-1.63619,0.0243255,2.72211
-0.533845,0.636873,-0.1285,0.74036
0.513784,1.43069,0.0969577,2.32227
-0.0441535,1.44916,0.152072,2.14736
0.466824,-1.38664,-0.0873915,2.17847
0.463836,0.615866,-0.128202,0.643432
0.373654,1.32094,-0.178405,1.93069
0.590163,-1.20723,-0.0140705,1.84021
0.387629,-1.36658,-0.148663,2.0634
0.571374,-0.508363,0.0317157,0.637264
-0.60017,-0.757534,-0.135272,0.969847
-0.0258443,1.35916,-0.00674336,1.87966
-0.674352,0.00548343,0.0618047,0.467592
0.564418,0.646706,-0.0157553,0.790756
-0.687808,-0.0809986,-0.0286241,0.48626
-0.579662,1.13275,-0.0497736,1.66332
-0.58176,-0.653027,-0.0822955,0.812029
-0.646319,0.181548,0.0363205,0.478368
0.431231,0.711874,-0.137233,0.7343
-0.438232,0.0239332,0.119784,0.239488
0.508334,-1.18766,0.0802375,1.72235
0.317267,-0.850389,0.0618996,0.831723
-0.527883,0.181762,-0.174627,0.35492
-0.517089,0.779018,-0.0293422,0.933451
-0.460727,-0.897624,0.112984,1.0668
0.544612,-0.804369,0.0167958,1.00004
0.329464,1.5164,0.0345399,2.44686
-0.685562,-0.947407,0.048162,1.37442
0.504163,-0.80232,0.191823,0.940512
0.642045,0.569714,-0.0483136,0.765153
-0.206686,1.30109,-0.103524,1.76478
-0.467926,-0.280065,0.042947,0.3545
-0.443081,-0.635539,-0.142763,0.644705
-0.466295,1.20794,-0.169069,1.72121
-0.644299,0.0539627,0.124863,0.439651
0.605219,-0.808746,0.054593,1.06125
0.485669,-0.950936,-0.168593,1.18684
0.429137,0.0904178,-0.0792719,0.241455
-0.575915,-0.427755,0.067459,0.56352
-0.45837,1.44671,0.102228,2.32558
0.593881,0.364712,0.173215,0.51769
-0.227542,1.50607,0.0226629,2.37351
0.38707,0.925212,0.0255357,1.04677
0.356181,0.201196,-0.138118,0.186999
-0.341492,-0.768894,0.0150486,0.729512
0.0886307,-1.33852,-0.0489012,1.83053
-0.409769,0.870087,0.168404,0.958472
0.501073,1.05614,-0.141771,1.41731
-0.401974,-0.350639,0.0646253,0.327358
0.61672,0.649713,-0.0699211,0.838933
0.646166,0.936499,-0.0864679,1.31971
0.0600061,1.39745,-0.100278,2.00354
-0.426125,-1.3122,-0.15722,1.94817
-0.153945,-1.41524,-0.0800791,2.07595
0.495259,-0.284171,-0.155765,0.374392
-0.0545142,-1.61765,-0.0813394,2.65485
-0.367622,1.31507,0.180362,1.90859
0.381615,1.51167,-0.116187,2.45451
-0.452301,0.0837831,0.191528,0.249728
0.289686,-1.52205,-0.0942354,2.43969
-0.388759,0.55654,-0.0968784,0.498855
-0.34131,0.552065,0.0223688,0.442272
-0.392649,-0.240215,-0.0904664,0.250063
-0.0833833,-1.38053,0.0626224,1.95703
0.523976,-0.975632,-0.130529,1.27711
0.563483,-0.0106189,0.0107768,0.371716
0.518619,-0.521918,-0.193243,0.581365
0.410162,-0.432427,-0.0128878,0.402195
-0.54443,1.40145,-0.0349244,2.27281
-0.463241,-0.981704,-0.17431,1.222
0.451837,-0.556971,-0.134779,0.561205
0.315839,-1.16376,0.128261,1.47542
-0.0763003,1.51198,0.0489017,2.35
-0.328308,-1.31922,0.00608029,1.90463
-0.372252,-0.848284,-0.128438,0.885835
0.596707,-0.422607,-0.0630963,0.577497
0.501205,-0.949269,0.0600739,1.21165
0.369097,-1.39217,0.177905,2.11559
-0.306261,1.31694,-0.0178969,1.88261
-0.217688,-1.57861,0.067773,2.57517
-0.365368,-0.0314135,0.120794,0.159918
0.50536,0.00846659,0.128698,0.307372
-0.346308,-0.462252,-0.0104534,0.35766
0.542079,0.173814,0.0828539,0.376463
-0.484188,-1.12483,-0.148691,1.54629
0.0793836,-1.45017,-0.0100717,2.16762
-0.448783,0.359398,0.0352058,0.385575
-0.40829,-0.435991,0.127675,0.396318
-0.585347,-0.385781,0.0256603,0.540552
0.203952,1.45099,0.137036,2.19673
-0.61292,0.0246261,0.0132534,0.415967
-0.405935,1.38254,-0.178718,2.11509
0.385466,1.01664,-0.0164843,1.22359
0.687649,-0.817235,-0.0173266,1.1472
0.363043,1.19399,0.150407,1.59499
0.428993,1.31287,-0.193796,1.9477
0.325938,-1.19358,-0.0564518,1.56999
0.507444,-0.350478,0.109749,0.431725
0.223989,-1.48896,-0.142692,2.31335
0.606802,-0.337068,-0.0516097,0.522236
-0.61698,0.419139,-0.0569604,0.592846
0.116103,1.30391,0.0875466,1.72568
-0.507772,-0.995602,-0.140563,1.29825
0.506752,-1.11039,0.0588946,1.54621
0.663278,0.827795,0.0939042,1.14063
-0.42718,0.679005,-0.107596,0.688721
-0.58423,-0.619564,0.109735,0.767634
-0.604711,-0.359166,0.0470019,0.535317
0.667482,-0.741687,0.0370372,1.01411
0.516936,-0.516604,-0.00031063,0.59174
-0.146738,-1.46641,-0.104255,2.22542
0.433754,-1.14481,0.0824952,1.55699
0.0342972,-1.41907,-0.104654,2.06207
-0.390486,0.62865,0.14182,0.579082
0.527145,-0.644934,-0.0394913,0.752247
0.410449,0.187272,-0.00705476,0.251519
-0.330464,-0.263033,-0.0563905,0.193465
-0.334498,-1.49983,0.0142197,2.40184
-0.454393,0.35093,-0.169838,0.371435
-0.394344,-0.79696,-0.112986,0.826567
0.0436671,-1.57628,0.13236,2.53148
0.537574,0.217468,-0.039718,0.391025
0.517948,-0.270072,-0.157026,0.386898
-0.0899513,1.3648,0.120843,1.90203
-0.491861,-1.08985,0.0151552,1.4904
0.410656,-0.0259391,-0.104854,0.211694
0.598454,-1.3066,-0.0170009,2.0792
0.359543,1.18848,-0.0623714,1.58724
0.484586,0.801858,-0.0503112,0.935038
0.574028,-1.01096,0.123531,1.39551
-0.510078,-1.3802,0.0539027,2.19565
0.355134,-1.28264,0.191119,1.8095
-0.294971,1.4519,-0.0853833,2.24903
-0.38951,1.25114,-0.134727,1.76674
-0.347501,0.985038,0.128332,1.10814
0.232197,-1.32391,-0.0178064,1.85013
0.0590709,1.32138,-0.0758242,1.76363
-0.411535,0.142002,0.136902,0.2293
-0.631014,0.469709,0.0803288,0.648751
-0.643013,0.443661,-0.106204,0.633331
-0.41696,-0.85739,0.0208674,0.956903
0.312641,-1.52059,-0.109571,2.44789
0.676175,-0.124387,0.0154909,0.48608
-0.474008,0.604375,0.0712111,0.644866
-0.652228,-0.2071,-0.0435706,0.493417
-0.381039,1.36527,-0.0507593,2.06732
0.623849,-1.26347,-0.0217149,1.99603
-0.471921,-0.361971,0.147273,0.402477
0.477231,0.791238,0.0802605,0.91176
-0.42158,0.466145,-0.0893715,0.442701
-0.57258,0.0854357,-0.176754,0.371202
-0.594498,0.773165,0.0513154,0.996565
-0.317092,-0.469251,-0.047242,0.329536
0.468643,-0.23877,0.137501,0.325551
0.227526,1.64181,-0.0218531,2.7551
-0.46572,-0.915677,-0.0134928,1.10966
0.515128,0.125137,0.0161074,0.33959
-0.591642,-0.625067,0.0191087,0.78984
0.239795,-1.61627,0.101815,2.68487
-0.472628,0.212933,0.139373,0.317272
0.328819,0.638195,-0.0951646,0.526253
-0.607948,-1.21416,0.0957727,1.86938
-0.655471,-0.776435,-0.0297619,1.05678
-0.48307,-1.23444,0.132748,1.80843
0.603051,0.973555,0.00913858,1.35688
-0.243403,1.35726,-0.0512874,1.95253
0.564078,-0.467285,-0.120235,0.58318
-0.539155,-1.29416,-0.0133528,2.00416
-0.651415,-0.863858,0.109767,1.19176
-0.367482,1.5105,0.0804746,2.44905
0.409982,0.142416,0.0404216,0.233987
-0.473283,0.163625,0.00201119,0.309976
-0.360001,-0.215067,-0.0259218,0.205338
0.153702,1.31376,0.0223668,1.77873
-0.540817,0.867501,-0.067952,1.10044
0.515373,1.44527,0.0449338,2.36394
0.0955773,1.42744,-0.104768,2.09915
-0.595654,-1.01435,-0.0622358,1.42782
0.27612,-1.56528,-0.06498,2.55534
-0.499801,-1.33239,-0.0351289,2.07016
-0.597412,0.425049,0.05136,0.582439
0.435011,0.894945,-0.0930376,1.03968
0.465677,-0.497113,-0.150085,0.511746
-0.285747,-1.43499,-0.0685252,2.19762
-0.547994,0.326626,0.115328,0.455964
0.477296,-0.0127133,-0.0707674,0.286529
-0.638803,-0.385317,-0.110278,0.581677
0.510454,1.45066,-0.0161744,2.37679
0.495031,-1.00879,-0.186217,1.30552
0.503801,0.00603611,-0.0744745,0.311435
0.374177,-0.574347,0.063763,0.503581
-0.221904,-1.41915,0.139314,2.11189
-0.0283782,1.35669,0.078672,1.86798
-0.398683,-1.30925,-0.00206253,1.93169
-0.600882,-1.16338,-0.0359431,1.74921
-0.092729,-1.53719,-0.0437898,2.426
0.284981,1.28627,0.0940162,1.78294
0.357339,0.462774,0.0638745,0.369434
-0.620572,-1.16254,-0.0437922,1.76428
0.397015,0.322722,0.112023,0.298817
-0.578106,0.404036,0.0841928,0.544637
-0.53842,-1.17964,-0.116981,1.72732
0.538296,-0.468046,0.176976,0.550591
-0.43144,0.981074,-0.172941,1.18673
0.493081,0.31866,0.156122,0.393078
-0.298941,-1.56011,-0.134863,2.546
-0.535936,-0.718529,-0.0693935,0.860866
-0.684062,-1.0898,-0.0116598,1.66127
0.508671,-0.284013,-0.00108825,0.399622
0.681814,0.365919,-0.0168257,0.608836
-0.471879,-0.533585,0.120009,0.559243
0.377069,-1.48864,-0.0844937,2.39053
-0.522448,1.17942,-0.0801654,1.7133
0.425043,0.325645,0.0386805,0.335888
0.636481,0.944253,-0.12792,1.31987
0.355504,1.13656,0.120089,1.45117
-0.330154,-0.303425,0.08438,0.213934
0.433261,0.523621,-0.154248,0.502922
-0.229594,1.40259,-0.0696587,2.0709
0.43518,-0.1781,0.0311514,0.275238
-0.0779907,-1.29456,-0.0187221,1.6852
-0.0879029,-1.48603,0.176832,2.25865
-0.393228,-0.148752,-0.0407801,0.219201
0.018662,-1.40254,-0.0162913,2.01589
0.656635,-0.577215,0.0280187,0.787475
-0.435283,-0.802883,0.0928149,0.881799
-0.400174,1.09891,0.0682541,1.41358
-0.0202011,1.61465,-0.0810706,2.64537
-0.370498,-1.01918,-0.0675562,1.2102
0.499141,1.12655,0.0550203,1.57567
0.478643,0.988163,-0.129692,1.25712
-0.126003,1.3897,-0.115492,1.98848
-0.603437,0.382001,-0.021684,0.552122
-0.673896,-0.855578,-0.0864644,1.19648
0.122009,-1.48328,-0.194469,2.25663
-0.326575,-1.41309,-0.152851,2.15237
0.318334,-0.404395,-0.0716528,0.272516
-0.421383,-0.0811355,-0.114492,0.228064
-0.299638,1.35524,-0.0855807,1.98163
0.469709,-1.40994,0.132531,2.23647
0.651885,0.583777,0.0974364,0.786948
-0.473789,0.883833,0.155804,1.05285
-0.499659,-0.122923,0.131001,0.315787
0.570334,-0.142286,-0.0536466,0.396299
-0.653464,-0.647625,-0.0266017,0.871195
0.371556,-0.0496072,-0.0397479,0.175668
-0.631329,0.498456,0.0427449,0.682191
-0.370995,0.66452,0.124212,0.607622
-0.417733,0.32092,0.0713147,0.324836
0.601552,-1.07631,0.0437114,1.55794
-0.465007,-0.562882,0.0178981,0.592691
-0.307692,0.319544,0.030369,0.201705
0.506271,-0.568723,-0.134346,0.630146
-0.51876,1.29563,-0.0417249,1.99047
-0.486258,0.302656,0.152737,0.37614
-0.530872,-1.18365,0.000817367,1.73431
-0.439428,0.26967,-0.0749486,0.317842
-0.562714,-0.652038,0.186518,0.778586
0.311026,-1.03085,0.0196406,1.1669
0.573279,-0.9866,0.0912995,1.3491
0.368271,0.653594,0.101477,0.593079
0.335422,1.60818,0.00731588,2.70115
-0.0192508,1.59342,0.146746,2.57519
-0.269876,-1.63087,-0.0581574,2.73846
-0.067754,-1.55481,0.183713,2.46015
-0.470796,0.665949,-0.0691988,0.719609
-0.441954,0.754991,-0.146642,0.807496
0.236002,-1.47299,0.090403,2.28012
0.329995,1.32093,0.0791329,1.91404
0.67689,-1.12507,0.0407534,1.72959
0.516784,-1.28273,0.115183,1.95191
-0.353635,1.28436,-0.0375295,1.83483
-0.253507,1.43763,-0.10728,2.18321
0.402618,0.106758,-0.090437,0.214561
-0.358793,-0.923911,0.139416,1.0027
-0.521664,0.459062,-0.183197,0.525707
0.615889,0.683124,0.161988,0.87243
0.61242,1.02148,-0.104981,1.4539
0.284769,1.21831,0.00912382,1.5969
-0.425543,1.09709,-0.0793524,1.43602
0.495879,0.772027,0.0269728,0.903608
-0.477194,0.558038,0.166342,0.584903
-0.423229,-0.76459,-0.00808747,0.814039
0.0618353,1.44744,-0.140997,2.14829
0.651191,-0.177493,-0.0064157,0.480559
0.467543,0.360795,0.183669,0.390006
0.0437739,1.459,0.00567904,2.18906
0.493183,-0.906858,0.185682,1.10736
0.532166,0.650661,-0.0661297,0.7605
0.463868,-0.246986,-0.136176,0.324615
-0.472252,-1.40337,-0.065292,2.22595
-0.36306,-0.0145776,0.0517771,0.162506
-0.0766181,1.65852,0.0589963,2.77547
-0.488089,-1.41336,0.111205,2.25698
-0.318614,1.52183,-0.0791893,2.4551
-0.58735,-0.411094,-0.0583378,0.561069
-0.408084,0.223331,-0.124682,0.256966
-0.241001,1.33698,0.166337,1.8813
0.21835,1.38862,0.189152,2.0142
0.409545,1.27531,-0.120855,1.84848
0.671299,-1.10053,-0.0513521,1.67182
0.489979,-0.691478,-0.144021,0.766894
0.490637,-0.683435,-0.00794096,0.767219
0.661121,1.00992,-0.0291908,1.47716
0.370551,-0.0602108,-0.099824,0.169217
0.576106,1.00318,-0.180397,1.37342
0.523166,-0.0507866,-0.109945,0.328352
-0.598575,-1.18044,0.00634822,1.78701
0.477197,1.18047,0.177154,1.66355
0.465627,-0.677008,-0.142361,0.723712
-0.672778,-0.982893,0.00582999,1.43149
0.486717,0.649487,0.164497,0.704721
0.494416,0.806964,-0.118437,0.950053
-0.222642,-1.45983,-0.0743533,2.23601
-0.150747,1.61974,0.126733,2.6684
-0.439127,-0.926625,-0.0100843,1.10419
-0.452022,0.0992648,-0.147923,0.259681
0.545214,-1.17859,-0.102065,1.72871
-0.555311,-0.328047,-0.14254,0.462268
-0.430973,-0.866553,0.179309,0.974233
0.490448,0.28703,-0.0716839,0.379659
-0.424383,-0.524391,-0.00814204,0.505013
0.544695,1.3734,-0.0608364,2.20202
0.558834,-0.349986,-0.071353,0.488679
0.328927,0.531997,-0.072698,0.405108
-0.474269,0.335925,-0.13743,0.387591
0.0965595,1.50586,-0.134917,2.32784
-0.146966,1.51121,-0.0816533,2.36387
0.678892,-0.226752,-0.0323324,0.52383
0.549408,-0.742109,-0.0434662,0.905132
-0.473595,-0.50416,-0.0672967,0.535191
-0.569955,-1.00594,0.0091989,1.38557
-0.461591,1.0538,-0.144318,1.37176
0.384787,1.21062,0.155951,1.65546
0.0600684,1.5881,0.144832,2.56154
0.339361,0.40999,0.0569316,0.303657
0.570795,-1.35393,0.0103756,2.17266
0.446637,-1.12092,0.101555,1.51167
-0.442518,-0.0397446,-0.0757978,0.250115
-0.514532,1.10518,-0.115663,1.53854
0.361357,-1.52103,-0.0441192,2.47728
-0.357436,-0.629766,-0.0183388,0.555449
-0.518882,0.0996185,-0.197445,0.318933
-0.391319,-0.823024,-0.121392,0.865481
-0.465521,-1.11505,0.00219925,1.52332
0.487657,-0.514666,-0.0361352,0.561857
-0.0175771,1.40094,-0.108291,2.00494
0.285655,1.59947,0.0636223,2.65694
0.597528,-0.272925,0.0840116,0.472401
-0.00600722,-1.50792,-0.0455541,2.33396
-0.345662,0.079854,-0.11933,0.143282
-0.615331,1.09969,-0.0301942,1.62519
0.0993392,1.62284,-0.0934764,2.67182
-0.620622,0.342538,0.0867433,0.537947
0.529771,-0.0484643,-0.193159,0.323124
-0.152089,1.52683,0.0487936,2.40556
-0.672701,0.294857,0.0276718,0.553371
0.39838,-0.581659,0.146298,0.531274
0.325903,-0.368329,0.0488381,0.254881
0.26052,1.31604,0.00505597,1.84797
-0.514084,0.893444,-0.125764,1.11248
0.595111,-0.090555,-0.120853,0.400501
-0.521631,-1.12547,-0.0783355,1.59331
-0.453096,-0.861907,0.126654,0.997404
-0.365142,0.869156,-0.117905,0.916435
0.292661,1.45336,0.154781,2.24184
0.391002,0.299405,-0.0910024,0.28013
0.1064,1.44481,-0.163187,2.14835
0.537656,-0.45797,0.183552,0.54087
-0.277862,-1.35648,-0.0150063,1.97848
0.216873,1.34361,0.13531,1.88956
-0.0754121,1.39077,-0.0830798,1.9831
-0.397403,-0.499719,-0.0668495,0.450049
0.364372,-0.843244,-0.104049,0.871547
-0.564786,-0.508135,0.0796822,0.627744
0.280212,1.58635,-0.0494315,2.61914
0.666308,0.757208,-0.0730347,1.03378
0.614851,-1.24239,-0.0633083,1.9408
-0.425811,-0.277677,0.0938113,0.306153
-0.530918,1.0017,0.18918,1.32556
0.306389,-1.19043,-0.108137,1.53772
0.535543,-1.27832,-0.110117,1.95816
-0.355971,-0.983208,-0.116537,1.11518
-0.584154,-0.864666,0.0604757,1.13696
-0.293438,-1.28624,-0.0598478,1.78661
-0.527874,-1.05463,-0.187614,1.43131
-0.319203,1.3623,-0.0494198,2.02094
-0.525201,-0.839518,-0.0298978,1.03934
-0.458767,-0.474387,0.182871,0.476817
-0.149805,1.3615,-0.0047091,1.92118
0.148482,1.65352,-0.00518006,2.76899
-0.498711,-0.530844,-0.183928,0.573164
-0.588381,1.00699,0.0131464,1.40521
0.48506,0.991998,-0.1769,1.26396
0.669829,0.274918,0.0143316,0.540378
-0.0790815,1.45275,-0.143401,2.16372
-0.654088,-1.05435,-0.0888579,1.55833
0.444996,-0.751611,0.0544616,0.815293
-0.608843,-0.456496,0.010104,0.621245
-0.307906,-0.918316,0.023906,0.941878
0.57381,-1.27207,-0.0673227,1.97651
0.193383,1.2915,-0.125974,1.7238
0.452184,-0.474622,0.0494712,0.483914
-0.443864,0.293265,-0.123178,0.32967
0.121974,1.49442,-0.178109,2.29127
0.618956,1.23712,0.0488476,1.931
0.483645,-1.32614,-0.106495,2.03468
0.385572,-0.819403,0.0559052,0.860518
-0.19678,1.59614,-0.113005,2.61493
0.492991,1.02514,0.133225,1.34695
-0.529818,1.07023,0.161976,1.47109
-0.58582,-0.314835,-0.0845023,0.4877
0.4734,-1.36593,0.148716,2.12392
-0.589435,-0.659969,0.0100758,0.828961
-0.00513916,1.54107,-0.0303248,2.43163
0.649119,-0.392033,-0.0428364,0.600556
-0.566586,-0.0062117,-0.0801578,0.371306
-0.395911,-1.04361,-0.0508709,1.29368
0.484418,-1.14329,0.0542655,1.6018
-0.316731,-0.703221,-0.0049495,0.605002
0.278525,-1.21399,0.125973,1.57066
-0.528848,-0.787816,-0.0334754,0.95613
0.15163,1.45841,0.0125753,2.21219
0.49979,0.551358,0.18671,0.596411
-0.347286,-0.855442,-0.125299,0.869386
-0.623922,1.01101,-0.0715645,1.44536
0.318065,-0.106408,-0.0392126,0.121439
-0.576615,-0.430284,-0.0432595,0.567517
0.356296,-0.865847,-0.131139,0.897087
0.447279,-1.36194,0.0802681,2.10637
0.391134,-0.205998,0.0554789,0.235373
-0.301056,1.11733,0.0664085,1.34988
-0.539916,-0.217125,0.14113,0.38682
-0.433066,-0.126381,-0.0831842,0.252147
0.381124,-1.28163,0.157283,1.83346
-0.645703,0.86338,-0.0932866,1.18736
-0.0303537,-1.32988,-0.0727258,1.78491
0.346555,-1.06802,0.0144789,1.29
0.602181,1.15383,-0.0474517,1.72916
0.520631,-1.12556,-0.0604446,1.59286
0.473409,-0.874149,0.164941,1.03371
-0.504616,-0.163517,0.0214566,0.340882
-0.043191,-1.42487,0.00355489,2.08652
-0.56193,0.228862,0.189851,0.404413
-0.549948,-0.0870144,-0.0862624,0.361462
-0.578536,-0.217464,0.117605,0.427365
0.639728,-0.392761,0.134659,0.585131
0.341427,-1.41731,-0.105125,2.17416
0.465906,1.16663,0.119082,1.63272
-0.0364006,1.68094,-0.0626315,2.83453
-0.322388,-1.04825,0.0645211,1.21492
-0.440982,-0.688656,0.1569,0.710864
-0.518874,0.597771,0.0163285,0.686967
0.539688,0.722838,-0.0592949,0.868573
0.461822,-0.860466,0.102856,1.00467
-0.550755,0.828702,-0.121382,1.0396
0.659233,-0.788393,-0.0337986,1.07694
0.272954,1.32491,0.0876352,1.87841
-0.413921,-0.864507,-0.0922868,0.963308
-0.587118,-1.17956,0.0596821,1.77475
-0.603586,1.30054,0.0735881,2.06686
-0.0717985,1.63887,0.100524,2.71606
0.480827,0.830415,-0.187824,0.962669
-0.631585,-0.815351,0.0545729,1.09789
0.251695,-1.4285,0.147889,2.15592
0.444002,0.308606,0.0458554,0.346877
0.425266,1.29425,-0.100109,1.90548
-0.427747,1.08947,-0.099824,1.41995
-0.0678933,-1.46738,-0.117434,2.21167
-0.356168,-1.51479,-0.0923947,2.45305
-0.454074,0.170056,0.0569205,0.289474
0.243752,-1.59712,0.108512,2.6312
-0.382988,0.398366,-0.0163866,0.343892
0.0230067,1.3906,-0.114434,1.9739
-0.581864,-0.66405,0.115154,0.823097
0.51357,0.450541,0.0987676,0.522572
-0.473373,-1.06578,0.136771,1.40915
-0.554352,-1.04344,-0.0629989,1.45035
0.524431,0.20489,0.197191,0.356601
-0.487683,-0.315364,-0.16271,0.383683
-0.665924,-0.975503,-0.035286,1.41372
0.362115,0.909612,-0.0990369,0.985101
0.429223,1.44471,0.0571163,2.30703
-0.544143,-1.04674,-0.177176,1.433
0.358987,-1.38991,-0.0667303,2.11732
-0.377015,1.26248,0.00236869,1.79507
-0.565801,-0.084209,-0.032688,0.38013
0.301533,-0.220093,0.0053133,0.139991
0.0396648,-1.39464,-0.00799651,1.99137
0.505377,0.482774,-0.176776,0.532531
0.313177,-0.953946,-0.0262199,1.01449
0.41082,-0.522005,-0.093891,0.485866
-0.373383,-1.46965,0.158352,2.33151
0.455481,-0.182877,0.122365,0.292034
-0.357227,-0.855562,0.0347098,0.888857
0.109805,-1.57811,0.0145326,2.55238
-0.320796,-0.306017,0.0473878,0.207611
0.636372,-0.987701,-0.123405,1.40531
0.465804,0.885168,-0.189474,1.04068
0.591698,0.887998,-0.0842788,1.18132
0.60704,-0.0122627,-0.128381,0.403331
0.473411,1.25706,0.0652062,1.85904
-0.549148,0.89033,0.12167,1.14717
0.513163,-1.05534,-0.0948541,1.42976
0.328726,1.42872,0.0155604,2.2079
0.323533,1.23579,-0.125454,1.6709
-0.203437,-1.516,-0.050428,2.39383
-0.350574,-1.32911,0.0396672,1.95124
0.0416393,1.64855,0.0755455,2.74179
-0.621845,-0.927486,-0.0794862,1.28241
-0.255006,1.22181,-0.0811094,1.5752
-0.307058,1.57018,-0.0187075,2.58513
-0.606431,-0.74386,0.00875533,0.966892
-0.43403,-1.20274,-0.0704642,1.69102
-0.374638,-1.46808,-0.0551963,2.33586
-0.00383839,1.52765,0.0724428,2.39212
0.345258,-1.20424,-0.142185,1.6049
-0.459355,0.518994,-0.0896611,0.533265
0.471008,1.0275,-0.0176818,1.33503
0.636338,1.23157,-0.0361567,1.9336
-0.0901621,1.52103,0.0730489,2.37898
-0.362002,-0.942156,0.105257,1.04374
0.51885,0.0398671,-0.157471,0.316985
-0.661101,-0.491562,-0.011687,0.699175
-0.30255,-1.38385,-0.1563,2.05242
0.524639,1.04111,0.113334,1.40924
0.427174,0.538872,-0.0114088,0.525027
0.613057,1.31383,0.0612943,2.10665
-0.383733,-0.194437,-0.105463,0.219064
0.59502,-0.367048,0.136975,0.526796
-0.513051,-0.183866,0.00634954,0.357991
-0.250154,-1.38455,-0.08504,2.03327
-0.467644,-1.33532,-0.0101141,2.04774
0.127072,-1.41783,0.0430816,2.08404
-0.461364,-0.802109,0.120658,0.908015
-0.540483,-1.09346,-0.13707,1.5333
-0.55517,-0.811032,-0.0960202,1.01462
-0.166593,1.3534,-0.0367437,1.90698
-0.430343,-0.132052,0.17084,0.240758
-0.530256,-0.645653,0.0283096,0.755887
-0.273945,1.42769,0.135949,2.16325
-0.666297,0.922709,-0.0923449,1.30965
-0.438743,-0.678589,-0.160282,0.694839
-0.311416,-1.47004,0.181274,2.29637
0.28202,-1.45186,-0.176622,2.23145
-0.435687,-0.710701,-0.0694354,0.747674
0.360202,1.17249,-0.0162877,1.55374
0.320613,-0.199075,0.027967,0.153201
-0.527166,0.698773,-0.191574,0.806514
0.392585,0.781606,-0.0839269,0.802779
0.448943,0.256912,0.13267,0.314759
0.664271,-0.704334,-0.0381613,0.954732
-0.392058,-0.750079,-0.0880525,0.752868
0.675919,-0.236279,-0.0851971,0.522774
-0.34368,0.601749,-0.0914772,0.499373
0.489474,0.2916,0.0862216,0.380129
-0.277679,1.28071,-0.0725899,1.7585
0.381967,-1.29448,-0.0282434,1.88255
0.595803,0.071426,0.170225,0.391549
-0.326248,0.336779,0.0173153,0.23452
0.117441,-1.56758,0.0497518,2.51667
-0.429541,1.05992,0.184186,1.34468
0.404572,-1.29831,-0.110393,1.90448
0.569946,-0.299525,-0.064134,0.46701
0.441156,0.411364,-0.128756,0.410514
-0.535919,-0.205933,0.0928188,0.381245
0.399493,-1.51139,0.0452878,2.4668
0.138141,-1.61867,-0.0544041,2.66657
0.487637,0.480832,-0.190966,0.510647
0.581813,-0.997741,0.0962877,1.37855
0.478799,0.0425556,0.0321002,0.291424
0.369609,-0.104178,0.108231,0.175495
0.328259,1.22854,0.06732,1.65967
0.632374,0.399742,-0.0610495,0.591485
-0.593249,-0.801444,0.104609,1.03505
-0.0740942,1.61923,0.127292,2.65567
-0.469523,-1.31745,0.164214,1.99582
0.627455,0.436876,-0.00854166,0.619958
0.403062,0.323085,-0.0182663,0.313293
-0.600656,-0.973145,0.0620616,1.3512
-0.544552,0.605501,-0.096038,0.715873
0.399831,-1.43859,-0.0720267,2.27087
0.686488,0.659499,0.00439886,0.914336
0.340406,-0.131448,0.050864,0.153379
0.523487,0.468023,0.124006,0.54471
-0.526023,-1.39282,0.0645187,2.2366
-0.432631,1.33374,-0.00945977,2.02081
-0.622233,0.361956,0.10895,0.549282
-0.609218,0.42003,0.155386,0.577095
-0.526366,-0.828846,-0.154296,1.00895
0.470763,1.30447,0.048609,1.9762
-0.289237,-1.39044,-0.174437,2.06301
0.42132,0.0587711,-0.160452,0.220116
0.61574,-0.830234,0.160216,1.09583
0.563798,1.16784,-0.120775,1.72054
0.383514,-1.17247,-0.117216,1.56698
-0.3604,1.15209,0.139184,1.48998
-0.6072,0.283618,0.167936,0.477834
0.288667,1.44431,-0.0328292,2.23583
-0.19065,-1.58696,0.0576713,2.59052
0.589012,-0.355167,-0.172617,0.50615
0.367197,1.45561,0.123476,2.29445
0.0680292,-1.53709,0.0427273,2.42064
0.1764,-1.57806,-0.00960866,2.56464
0.64502,0.623746,0.0321657,0.834219
-0.462899,-0.256838,-0.183206,0.320588
0.532733,0.747593,0.105411,0.894387
-0.450858,-1.17882,0.111599,1.6456
-0.579834,-0.922361,-0.0487707,1.23666
-0.367427,1.31355,0.165754,1.90508
-0.276864,-1.51702,-0.0707196,2.42159
0.192978,-1.44452,-0.0330715,2.18174
-0.47635,-0.589433,0.10629,0.627064
-0.590462,1.08822,-0.141417,1.56638
0.392201,1.2521,0.134226,1.77052
-0.519213,-0.0223103,0.0122251,0.330001
0.30514,0.233768,-0.0195365,0.1509
-0.432452,-1.42473,-0.0949635,2.25118
-0.0552198,-1.35639,0.0738094,1.87194
-0.436071,-1.02848,-0.0722189,1.29798
-0.512601,0.334724,-0.0230783,0.433424
0.351561,-0.601635,-0.047476,0.512867
-0.503494,0.504944,-0.0914137,0.566119
-0.199885,1.33184,-0.160004,1.84223
0.619101,1.15082,-0.0301013,1.7377
0.488695,0.587233,0.000524289,0.644738
-0.468916,-1.05084,0.128369,1.37337
-0.64523,-1.01687,-0.0904935,1.47403
0.0598731,-1.39845,-0.0649439,2.00714
0.422221,-0.261116,-0.134895,0.289755
-0.583427,0.682648,0.0102645,0.855949
-0.304673,0.589903,0.0130118,0.443499
-0.516816,-0.0833744,0.0882641,0.328471
-0.467365,0.787676,0.093788,0.893494
-0.0735172,1.39962,-0.0252491,2.0131
-0.529745,-0.733532,0.066101,0.876848
-0.3134,-1.24877,-0.0706599,1.70198
-0.410652,0.798689,0.112422,0.847991
-0.510091,0.98255,0.11835,1.27773
-0.352756,0.214705,-0.0614349,0.19594
0.484963,0.267385,-0.190088,0.348179
0.515641,1.26646,0.138426,1.90986
0.354105,-1.33614,-0.162975,1.95933
-0.650823,-0.734172,-0.0881407,0.984075
0.600691,1.30646,-0.0490467,2.08068
-0.35307,1.33628,-0.19931,1.95014
-0.278044,-1.18492,0.104952,1.49318
-0.571793,-0.877153,-0.0763493,1.14792
-0.494893,-1.10458,0.0352553,1.5224
-0.288193,1.42116,0.0882971,2.15775
0.590284,0.334321,-0.0679941,0.505784
-0.338697,0.66991,0.0168889,0.583806
-0.250855,1.3147,0.146641,1.82815
-0.467206,0.482048,-0.0831269,0.504874
-0.581643,0.854398,0.170338,1.10301
0.300018,-1.60346,-0.0130412,2.6742
-0.376532,0.29716,0.00403124,0.26708
0.637509,-0.394556,-0.0214369,0.593974
-0.282441,1.5126,-0.0436798,2.41169
0.0704948,1.48896,-0.0909989,2.27782
0.459902,-0.495861,0.195796,0.495855
-0.162728,-1.50612,0.00752872,2.35497
0.371896,1.5083,0.150726,2.43683
0.163564,-1.5903,-0.0866611,2.59345
0.386296,-0.896009,0.107065,0.985683
-0.483354,-0.936307,0.0417442,1.17176
0.566817,-0.275218,0.0770092,0.445341
0.0575303,1.48629,0.187314,2.25393
-0.525493,0.717376,0.115961,0.843489
-0.654055,-0.535222,-0.040113,0.737676
0.674545,-1.04191,0.0605329,1.55127
-0.633111,-0.44556,-0.0803926,0.63053
0.506945,-1.43955,0.0978325,2.34071
-0.310545,1.3667,0.00313329,2.02299
-0.663262,1.15799,-0.0261694,1.79147
0.303622,1.54884,0.114631,2.51725
0.172223,-1.64459,0.0358241,2.75088
-0.532123,0.788754,0.169679,0.94961
-0.513714,0.998806,0.128313,1.31548
-0.550542,-0.438828,0.0986382,0.547159
0.314953,0.739768,0.0561339,0.653735
0.414026,0.555106,0.0546418,0.525805
-0.627413,-0.785316,-0.0340146,1.0436
0.506988,0.0831368,0.152713,0.311434
-0.00810361,-1.58785,-0.119208,2.5621
0.508882,-1.17811,-0.0654914,1.70229
0.44051,0.340965,-0.0868232,0.361093
-0.397873,1.56638,-0.0154162,2.61587
0.504793,-0.736108,0.146566,0.845443
-0.496171,-0.838257,-0.0850263,1.00821
0.457285,-0.670929,-0.125831,0.708198
-0.498936,-0.93713,-0.126366,1.18128
-0.31478,-1.30397,0.142913,1.84519
-0.344881,1.16961,0.117602,1.52035
0.399238,-0.903076,0.0960491,1.01659
0.517616,0.347421,0.0648128,0.443681
0.321241,1.19087,-0.0672219,1.5603
-0.558054,-0.239273,-0.156661,0.41093
-0.359044,0.5984,0.049096,0.517336
0.205747,-1.25574,0.0284557,1.63387
-0.579287,1.27833,0.0655402,1.99663
0.289295,-1.12043,-0.050756,1.34598
-0.0307662,1.59325,-0.0334408,2.58481
-0.359815,0.514106,-0.0025458,0.425155
0.414361,0.0982852,0.0134402,0.228227
-0.520969,0.321893,0.175533,0.419079
0.667953,0.475959,-0.0993741,0.685715
-0.433517,0.204939,0.101247,0.276794
0.3686,-1.54074,0.0364783,2.5318
-0.45675,-1.16971,-0.110489,1.63086
-0.470825,-0.560082,0.19435,0.575192
-0.428607,-1.26468,-0.0219404,1.84455
0.482248,1.22108,0.0713056,1.77827
0.486451,-0.133669,0.102575,0.309474
-0.604125,-0.866936,-0.156095,1.14805
0.494002,-0.583262,0.0584234,0.638786
-0.104386,1.32499,-0.0826035,1.78641
-0.519221,1.1406,-0.0325174,1.62646
0.406308,0.114107,-0.0826237,0.220907
-0.669566,0.607448,0.020452,0.833789
-0.383881,1.40366,-0.118296,2.16603
-0.261199,-1.60708,-0.0701583,2.66848
0.467862,0.780533,0.0877623,0.884832
-0.461774,-0.288166,-0.0147602,0.354023
-0.572366,-0.899381,-0.143501,1.18122
-0.375287,0.993363,-0.0151006,1.16172
0.35396,0.194495,0.0148847,0.191554
-0.126011,1.42344,-0.00697225,2.09637
-0.500763,-1.31856,0.0851789,2.03029
0.337283,1.32094,-0.17669,1.90267
-0.449923,0.125058,-0.0532003,0.272872
-0.568961,-0.24405,0.146698,0.424968
-0.69803,-0.832009,-0.0267355,1.18023
-0.351081,-0.09358,-0.0680264,0.155872
0.570094,-1.16293,-0.170987,1.70998
0.445658,1.08724,-0.0447526,1.43995
-0.679304,-0.262552,0.0441281,0.540911
-0.102396,1.52383,0.109231,2.38574
-0.574376,0.710385,0.130598,0.876859
0.320346,1.37701,0.0611591,2.05845
-0.023603,-1.38806,-0.0849389,1.96805
0.142014,1.50815,0.0760194,2.35626
-0.597207,0.887698,-0.160245,1.17724
0.618403,0.853587,0.0305585,1.15099
-0.501724,0.656498,-0.185764,0.72577
-0.656822,-0.216893,0.00639691,0.501232
0.507856,-0.196524,-0.0229878,0.356805
-0.385083,0.45539,0.0541046,0.393995
-0.38346,-1.51637,0.118324,2.46807
0.13587,-1.48647,-0.0544507,2.2854
0.481942,-0.593704,0.150135,0.633451
-0.146574,1.35281,0.141771,1.88156
0.651318,0.686667,0.0437544,0.919443
-0.0266463,1.57684,-0.0316977,2.53555
0.523844,0.281983,0.026916,0.410795
0.405441,1.24565,0.0622595,1.77486
-0.406644,1.3945,-0.0944416,2.1539
-0.588269,-0.518407,0.136281,0.652505
-0.479809,-1.34932,-0.145135,2.08497
-0.340256,0.433963,0.0529881,0.323577
0.450935,-0.88624,0.0623006,1.0431
0.377313,1.05187,-0.0866181,1.28446
0.321261,1.38389,0.0689321,2.07968
-0.275237,1.55794,-0.149154,2.52928
-0.593331,-1.03983,0.0712611,1.4745
0.634768,-0.976025,0.0449354,1.38926