-0.306394,-0.420474,-0.826047,0.9999
0.136358,-0.0606801,0.769744,0.9999
0.537405,0.722822,0.123738,0.999899
-0.208867,0.211572,0.370787,0.9999
0.31546,-0.246103,0.688105,0.999901
0.066785,0.628445,-0.257308,0.9999
0.15751,0.735855,0.463405,0.9999
-0.306116,0.274081,0.303698,0.9999
-0.0137552,-0.441528,-0.809459,0.9999
0.70708,-0.0699162,-0.0278974,0.9999
0.359824,-0.0798161,-0.317857,0.9999
0.432351,0.546577,0.219262,0.9999
-0.633747,0.149054,-0.159523,0.999899
0.339064,-0.398798,0.79067,0.9999
0.194861,0.137694,-0.576034,0.9999
-0.628293,-0.10412,-0.579583,0.9999
0.595291,-0.0816716,0.336798,0.9999
0.257834,-0.484909,-0.650213,0.999899
0.873829,0.140147,-0.093522,0.9999
-0.717431,0.375532,-0.523078,0.9999
-0.182928,0.194412,0.195688,0.9999
0.353227,0.731928,-0.192206,0.9999
0.159124,-0.245021,0.309945,0.9999
-0.57855,-0.434072,0.12743,0.9999
-0.171999,0.415831,0.00915338,0.9999
0.159443,-0.0545701,-0.364179,0.9999
0.262033,0.864716,0.396117,0.9999
-0.760252,-0.410728,-0.292844,0.9999
0.110591,0.137824,-0.0756482,0.9999
0.380196,-0.642915,0.277774,0.9999
-0.0608865,0.0498306,0.966748,0.9999
-0.0649802,-0.920355,0.159371,0.999899
-0.103051,-0.622465,-0.593839,0.9999
-0.348826,0.819702,0.393144,0.9999
0.578187,0.600669,-0.541211,0.9999
0.121061,-0.235871,-0.382058,0.999901
0.100126,-0.959067,0.0609917,0.999899
0.285276,0.648448,0.175116,0.9999
-0.216167,0.590295,0.377583,0.9999
0.449032,-0.0624062,0.64328,0.9999
0.601177,-0.0828843,0.462968,0.9999
-0.670742,0.169915,-0.0268926,0.9999
-0.417939,0.424755,0.390894,0.999899
0.530162,-0.508605,0.0504608,0.9999
-0.676443,-0.20489,0.677562,0.9999
-0.482566,0.422153,-0.573072,0.999899
0.752831,-0.410484,-0.0804117,0.9999
0.0869202,-0.629386,0.12898,0.9999
0.439327,0.253756,-0.478321,0.9999
0.193999,0.385942,0.182748,0.9999
0.469407,0.0923389,0.680384,0.9999
0.551941,0.0607007,0.374154,0.9999
-0.229132,-0.216836,0.898067,0.9999
0.383003,-0.395248,-0.532176,0.9999
-0.625758,0.468623,-0.23036,0.9999
-0.435829,0.00461198,-0.411285,0.9999
0.15893,0.5118,0.697215,0.9999
0.300653,-0.0825822,-0.745089,0.9999
0.477991,-0.81058,-0.278651,0.999899
-0.583055,0.102019,-0.0734606,0.9999
0.0343172,-0.449619,-0.152212,0.999899
0.236739,0.512952,0.130704,0.9999
-0.198139,-0.108115,0.490079,0.9999
-0.121025,-0.210127,-0.102846,0.9999
-0.860368,-0.148592,-0.245846,0.9999
-0.463042,-0.199507,0.317065,0.9999
-0.428103,0.10325,0.0467255,0.999899
-0.500786,-0.103974,-0.223489,0.9999
0.396482,-0.586157,-0.166134,0.9999
-0.0322756,-0.79021,-0.0343273,0.9999
0.0897766,0.250847,-0.235105,0.9999
-0.226177,0.408468,0.365627,0.9999
0.108905,0.530176,0.577881,0.9999
0.196521,0.528359,0.308163,0.9999
0.548363,0.105114,-0.147309,0.999901
0.208277,-0.33681,0.878615,0.999901
0.56744,0.282599,0.27237,0.9999
0.603829,0.578365,0.245174,0.9999
0.546155,-0.007056,-0.373304,0.9999
-0.454707,0.295365,-0.337584,0.9999
-0.274477,0.87664,0.253299,0.9999
-0.258703,0.197239,-0.752064,0.9999
-0.0699983,0.0266906,-0.451051,0.999901
0.00435152,0.824773,0.137162,0.9999
0.162938,-0.281616,-0.764662,0.9999
-0.278501,0.78319,-0.167911,0.9999
0.815169,-0.506961,0.25464,0.999901
-0.197254,0.688224,0.334228,0.9999
0.379213,-0.511198,-0.667861,0.9999
0.360931,-0.369469,-0.121898,0.9999
-0.163243,-0.355626,0.887717,0.9999
-0.460786,-0.0424942,-0.281566,0.9999
-0.689791,0.186741,0.301638,0.9999
0.32406,-0.295716,0.192129,0.9999
0.0842928,-0.599188,0.709894,0.9999
-0.275653,0.197371,0.133006,0.9999
-0.483489,-0.514056,0.474108,0.9999
0.532291,-0.122859,-0.227763,0.9999
0.764847,0.412158,0.475966,0.999899
-0.609972,-0.258425,-0.416154,0.9999
0.0910406,-0.116531,0.62422,0.9999
0.794122,-0.335419,0.055403,0.9999
0.0405935,0.944959,0.0515882,0.9999
-0.989416,0.0802962,0.087812,0.9999
-0.640919,-0.177523,0.712455,0.999901
0.172086,-0.612456,-0.257421,0.9999
0.33442,-0.439519,-0.579473,0.9999
0.0925721,0.79876,-0.356572,0.999901
-0.141547,-0.481533,-0.733653,0.9999
-0.470991,0.477374,-0.182387,0.999899
-0.161397,-0.276064,-0.78203,0.9999
-0.0624353,0.775222,0.211049,0.9999
-0.214232,0.475088,0.661461,0.9999
-0.985664,-0.1162,-0.0310708,0.9999
-0.157321,-0.00411554,-0.726952,0.9999
-0.144743,-0.719891,-0.0941549,0.999899
-0.403333,0.39438,0.611799,0.9999
0.455918,0.465713,-0.170228,0.9999
-0.412208,-0.178467,-0.340158,0.9999
0.119881,0.713568,0.371084,0.9999
0.4576,0.0946536,-0.723506,0.9999
-0.697261,-0.423456,0.413337,0.9999
-0.195227,-0.678434,0.356858,0.999899
-0.251794,0.510982,0.589832,0.9999
-0.161422,0.703045,0.474441,0.9999
0.920694,0.287157,-0.263791,0.9999
0.352375,-0.735689,0.507874,0.999901
-0.256019,0.376198,0.358614,0.999901
0.706579,0.544189,-0.392827,0.9999
0.311312,-0.768503,-0.0911997,0.999901
0.215294,0.0519174,-0.874428,0.9999
-0.218188,0.368886,0.803741,0.9999
0.618901,-0.355184,0.65345,0.9999
0.514266,0.533053,-0.19887,0.9999
-0.114767,-0.109938,-0.487102,0.999899
0.281638,0.326257,0.858783,0.9999
0.00803279,0.332511,0.315861,0.9999
-0.450134,0.333686,-0.143184,0.999901
0.476817,-0.078823,0.646815,0.9999
0.72269,0.666926,0.043883,0.9999
-0.568155,-0.665356,-0.449219,0.999899
-0.874597,-0.169699,-0.0984566,0.9999
-0.0947106,0.679018,-0.390508,0.9999
-0.387875,0.538226,0.484745,0.9999
-0.171761,-0.83898,0.247741,0.9999
0.275933,0.125917,-0.168147,0.9999
-0.412843,-0.275158,0.277192,0.9999
-0.215318,0.215918,-0.80818,0.9999
0.340141,-0.0458302,0.0967851,0.9999
0.0569081,0.156764,-0.979626,0.9999
-0.592281,-0.215403,0.686641,0.9999
0.423015,0.527521,0.108201,0.999901
-0.65727,0.298329,0.0591369,0.9999
0.145882,0.0105205,-0.968886,0.9999
-0.565092,0.11707,0.337584,0.9999
-0.580275,0.0127167,-0.0268767,0.9999
-0.322074,-0.437226,0.663323,0.999901
0.68346,0.657695,-0.188983,0.999901
0.425544,0.709853,0.103081,0.999901
-0.276049,-0.847342,0.415682,0.9999
0.51949,-0.560842,-0.376752,0.9999
0.431451,-0.386543,0.705889,0.9999
0.780479,0.464963,-0.0684859,0.9999
0.0805394,-0.101115,-0.966429,0.9999
0.651143,0.360683,-0.30919,0.9999
-0.247913,-0.365025,-0.284324,0.9999
0.118291,-0.396471,-0.810427,0.9999
-0.564525,0.440173,-0.470062,0.9999
0.239183,0.0804617,0.442927,0.9999
-0.295511,0.209286,0.395532,0.999901
0.511455,-0.539088,0.141653,0.999899
-0.760537,0.0300364,-0.39499,0.999899
-0.068581,0.63743,0.0427319,0.9999
0.197714,0.624716,-0.471051,0.999901
-0.777406,0.371931,0.150734,0.9999
-0.828749,-0.499602,0.0357671,0.9999
-0.179503,0.223648,-0.384095,0.9999
-0.253673,0.535188,-0.199792,0.9999
-0.749036,-0.0558232,0.656403,0.9999
0.624812,-0.113347,0.286511,0.9999
0.610408,-0.175602,-0.408907,0.9999
-0.74078,-0.0580094,-0.0880018,0.999899
0.277906,-0.627305,0.246337,0.9999
0.340311,0.0526801,-0.0172369,0.9999
-0.264887,-0.576827,0.0645392,0.9999
-0.0752474,-0.161991,-0.549961,0.9999
0.346585,0.497491,0.613158,0.9999
0.163945,0.861068,0.226929,0.9999
-0.25256,-0.430472,-0.379139,0.9999
0.088506,-0.393833,-0.798045,0.9999
0.268515,0.244605,-0.0988117,0.999899
0.462904,0.763805,-0.383406,0.9999
-0.0796394,-0.0343709,0.887908,0.999899
0.329604,0.756,0.268049,0.999899
0.386632,0.419207,-0.0794951,0.999899
-0.658647,0.431837,0.303141,0.9999
-0.0957649,0.756976,0.430839,0.9999
0.152548,-0.124724,-0.824953,0.9999
0.119581,-0.433298,0.487658,0.999901
-0.682779,-0.305838,0.286546,0.9999
-0.48543,-0.327477,0.186503,0.9999
0.213961,-0.0144043,-0.775996,0.9999
0.713677,0.430836,-0.424089,0.9999
-0.177535,0.447616,-0.505921,0.9999
0.0503305,-0.165368,0.569279,0.9999
0.719244,0.234918,0.499769,0.9999
-0.300677,-0.331787,0.655194,0.9999
-0.0406878,0.0697302,-0.270576,0.9999
0.495556,0.250048,-0.391475,0.9999
0.531736,-0.320519,0.0326552,0.9999
0.405438,0.1842,0.361253,0.999899
0.52551,0.386064,-0.727391,0.9999
0.53814,0.130846,-0.429895,0.9999
0.00578968,0.0833149,-0.206532,0.9999
0.574717,0.437215,-0.130571,0.999899
-0.130851,0.294613,-0.220778,0.9999
-0.415058,-0.373498,0.243249,0.9999
0.821451,0.052863,0.34359,0.999899
0.375495,0.582046,-0.414575,0.999901
-0.728161,0.127823,0.0451921,0.9999
-0.352024,0.315666,-0.429204,0.9999
0.310943,0.0603375,0.742829,0.9999
0.59813,-0.303017,-0.300019,0.9999
0.13358,0.0576155,-0.972922,0.9999
-0.342767,-0.105722,-0.35499,0.9999
-0.119616,-0.440899,-0.429166,0.9999
0.498389,-0.332662,0.240838,0.9999
0.434139,0.811164,-0.188927,0.9999
-0.0699776,-0.635589,0.166382,0.999901
0.700758,0.533249,-0.150039,0.9999
-0.0216089,-0.040273,0.15509,0.999901
0.758543,-0.122707,-0.241377,0.9999
-0.214853,-0.356314,0.154334,0.9999
0.523882,-0.108076,0.688458,0.9999
0.428918,-0.337063,-0.481477,0.9999
-0.468823,0.356534,0.590677,0.9999
-0.118611,-0.730584,0.490504,0.9999
-0.207699,-0.6153,-0.646858,0.9999
-0.667843,-0.400151,-0.306693,0.9999
0.434737,-0.402393,0.580039,0.999899
0.145193,-0.901055,-0.0809146,0.9999
0.635144,0.492532,-0.0216409,0.9999
0.175746,-0.432628,-0.759838,0.9999
0.252377,0.37475,0.558469,0.9999
0.316457,0.469164,-0.379369,0.9999
-0.0597787,-0.974827,0.114159,0.9999
0.0498988,0.848472,-0.309252,0.9999
-0.0246563,-0.751522,-0.0729767,0.9999
0.620689,0.0288158,-0.627938,0.9999
0.0431681,0.227075,-0.354979,0.9999
-0.0738422,0.125567,-0.78901,0.9999
0.0254857,-0.47646,-0.240105,0.9999
-0.00594216,-0.599972,0.321329,0.9999
-0.645035,0.246726,0.372451,0.9999
0.535262,0.276268,-0.469645,0.9999
-0.154395,-0.14896,0.175194,0.9999
0.353231,-0.626586,0.673461,0.9999
-0.607719,-0.613996,0.382723,0.9999
-0.746705,0.392564,-0.255,0.9999
0.732321,0.322077,0.3782,0.999899
0.736915,-0.520288,-0.204081,0.9999
-0.889813,0.0895332,-0.276955,0.999899
0.226875,-0.722973,-0.430192,0.9999
-0.588624,0.581323,0.187148,0.9999
-0.649375,-0.0385982,-0.732458,0.9999
0.28753,-0.777748,-0.0179015,0.9999
-0.166492,-0.891818,-0.143719,0.999899
-0.199886,0.335017,-0.873703,0.9999
-0.0132909,-0.370581,0.795544,0.9999
0.557699,-0.209964,0.648692,0.9999
-0.261238,-0.294237,0.106991,0.9999
0.398817,-0.599844,-0.223742,0.9999
-0.157891,-0.0775171,0.242847,0.9999
0.291435,-0.393935,-0.283609,0.999901
0.0389698,-0.385642,-0.382501,0.999901
-0.394412,0.246098,0.54783,0.9999
-0.137525,-0.133517,-0.971977,0.9999
-0.0131755,-0.425689,-0.0670052,0.9999
0.152802,0.131495,0.550506,0.9999
0.379105,-0.605201,-0.693163,0.9999
0.184184,-0.396245,-0.27673,0.9999
-0.667707,0.260847,-0.385283,0.999901
0.661892,0.466952,0.503601,0.9999
0.934233,-0.329191,0.101435,0.9999
0.190523,-0.0214562,-0.756352,0.9999
0.538201,0.737542,0.13508,0.9999
-0.0191392,-0.899304,-0.105259,0.9999
-0.129009,0.302999,-0.459939,0.9999
0.260491,0.891882,-0.321385,0.9999
0.439575,-0.373104,-0.733887,0.9999
0.679333,0.669447,0.0561712,0.9999
0.171609,-0.266578,-0.893511,0.9999
-0.354061,0.860405,-0.0519384,0.9999
0.278878,0.134968,-0.190262,0.9999
-0.17572,0.188984,0.17315,0.9999
0.0267526,-0.925012,0.118314,0.9999
-0.0828957,0.914843,0.267597,0.999901
0.786736,0.156797,0.0420603,0.999899
-0.119078,0.120878,-0.943892,0.999899
-0.646145,-0.405463,-0.643306,0.9999
0.280413,0.593698,0.71198,0.9999
-0.609902,-0.683523,0.285755,0.9999
-0.162726,0.718029,0.607542,0.9999
0.512958,0.353945,0.148822,0.9999
0.438896,0.74751,-0.162826,0.9999
0.0442107,0.808853,-0.0926288,0.9999
0.82032,0.174144,0.103117,0.9999
0.587713,0.217181,0.667345,0.999901
-0.183752,-0.0289583,-0.474652,0.9999
0.365491,0.186948,0.227794,0.9999
-0.792072,-0.271796,0.111637,0.9999
-0.710235,0.276699,0.0713655,0.999899
0.0891159,0.0653149,0.766282,0.9999
0.60222,-0.420534,0.433537,0.9999
0.368257,0.160467,-0.024376,0.9999
0.422613,-0.0422032,-0.0452552,0.9999
0.248578,-0.138886,0.626925,0.999901
-0.0638165,0.101045,0.807794,0.999899
-0.789158,-0.0558197,-0.311906,0.9999
-0.715946,0.302646,0.376542,0.9999
0.768719,0.0249571,0.153317,0.9999
0.372951,0.155848,0.652215,0.9999
-0.646057,-0.179641,-0.610169,0.9999
-0.268997,-0.574813,-0.433472,0.9999
0.128054,-0.356233,0.408215,0.9999
0.175894,0.0602414,0.766137,0.999901
-0.123588,-0.292836,0.0598951,0.9999
0.329447,-0.137618,0.806254,0.999899
-0.658144,0.101762,0.71868,0.9999
-0.0298729,0.562486,-0.343996,0.999899
-0.0629878,-0.228034,-0.790625,0.9999
0.291546,0.337406,-0.521578,0.9999
-0.617857,-0.511519,0.438925,0.9999
-0.276902,-0.650341,0.623669,0.999901
0.209071,0.849451,-0.0618461,0.999899
0.0946387,0.148029,-0.764319,0.999901
-0.181968,0.857794,-0.390277,0.9999
-0.675245,-0.415512,0.344883,0.9999
0.679076,-0.705135,0.0366365,0.9999
0.695257,0.35553,0.305122,0.999901
0.0462248,0.516239,-0.324982,0.9999
-0.670651,-0.178943,0.133629,0.9999
0.241833,0.333559,-0.0877498,0.9999
0.783454,-0.0501208,-0.539132,0.9999
-0.211119,0.279615,0.422701,0.9999
-0.0602439,-0.124229,-0.953519,0.9999
0.386557,0.589018,-0.506126,0.9999
0.181213,-0.30779,0.100351,0.9999
-0.605873,-0.262645,-0.659267,0.999899
-0.369862,-0.0595594,0.676044,0.9999
0.501135,0.0517188,0.132561,0.9999
-0.0875722,0.694962,0.287781,0.9999
-0.45008,0.689606,-0.044805,0.999899
0.789258,0.388392,-0.0442555,0.9999
0.278643,0.626853,-0.150656,0.9999
0.15246,-0.179267,-0.15154,0.9999
-0.28663,0.125593,-0.905663,0.9999
0.499227,-0.00651422,-0.531543,0.9999
0.309226,0.410045,0.560526,0.999901
0.603094,0.107945,-0.502201,0.9999
-0.842488,0.458499,0.198213,0.9999
-0.836098,0.34701,0.420124,0.9999
-0.466593,-0.100287,0.401162,0.9999
-0.333124,0.471892,0.661511,0.9999
0.225486,-0.02389,-0.360477,0.9999
-0.640629,0.337966,-0.68573,0.9999
-0.837335,-0.345255,0.201056,0.9999
-0.479533,0.263979,0.817166,0.9999
0.862976,0.0871553,0.0823993,0.9999
-0.594428,0.210674,0.568535,0.9999
-0.0711509,0.838112,0.449612,0.9999
0.111497,0.377014,0.275143,0.9999
-0.132311,-0.121781,-0.483911,0.9999
0.212292,0.147248,0.871685,0.9999
-0.354278,-0.610665,-0.221964,0.9999
-0.730133,0.392808,-0.440421,0.9999
0.413175,-0.345533,-0.50678,0.9999
0.484538,-0.375505,-0.740974,0.9999
0.093394,0.938488,0.213371,0.9999
-0.357659,-0.456314,0.803716,0.9999
-0.50698,0.0231332,0.601753,0.999901
0.35244,-0.476967,-0.668397,0.9999
-0.115884,-0.162234,0.491505,0.9999
0.0880058,0.43168,-0.470225,0.9999
0.745644,-0.190596,0.0695278,0.999901
-0.126916,0.720852,0.485718,0.999901
0.0221646,-0.490689,0.786964,0.9999
0.644453,-0.243331,-0.584357,0.9999
0.719372,0.310677,-0.524796,0.9999
-0.373279,0.122515,0.029143,0.999899
-0.609632,0.476354,0.337796,0.999901
-0.0105947,0.792631,0.336288,0.9999
0.0477437,0.517914,0.683189,0.9999
0.217447,-0.0362731,-0.261222,0.9999
-0.303361,-0.840418,0.127285,0.999901
-0.437084,-0.397556,0.66309,0.9999
-0.961156,-0.0528826,-0.156081,0.9999
-0.346044,0.269597,0.173781,0.999901
0.749506,0.385506,-0.535508,0.9999
-0.248697,0.271682,-0.0268313,0.9999
-0.198882,-0.155918,-0.122472,0.9999
0.45733,0.112933,-0.48447,0.9999
-0.0818542,-0.0742752,-0.725381,0.999899
0.348017,0.539656,0.0769969,0.9999
0.328653,0.111776,-0.0767488,0.9999
0.440779,-0.37226,-0.234703,0.999901
0.535613,0.573096,-0.372715,0.9999
0.704419,0.116085,-0.471566,0.9999
0.427071,-0.676192,0.0410313,0.999899
-0.394185,-0.627905,0.0364333,0.9999
-0.0656908,-0.381605,-0.515388,0.9999
-0.64275,0.119074,0.667676,0.999899
0.0543651,0.648038,0.206411,0.9999
-0.369316,0.699043,-0.417688,0.9999
-0.0215547,0.517858,0.0195127,0.9999
0.314394,0.701552,0.499349,0.9999
0.485047,0.159643,0.841014,0.999901
-0.268881,0.759528,0.271044,0.9999
-0.163308,0.635549,-0.580307,0.999899
0.512962,-0.125536,-0.127276,0.9999
-0.450541,-0.00741138,-0.180333,0.9999
-0.798084,0.301069,0.396405,0.9999
-0.514857,0.679341,-0.272873,0.9999
0.0330079,0.0644514,-0.947354,0.9999
0.0670756,0.0900625,0.400878,0.9999
-0.197784,0.0963599,0.246653,0.9999
0.214366,0.733331,0.0950174,0.9999
-0.314138,-0.225638,-0.333862,0.9999
0.772493,-0.400365,-0.343459,0.9999
0.728331,0.468898,0.012201,0.9999
0.0500906,0.412033,-0.198118,0.999901
-0.174759,-0.300111,-0.559441,0.9999
0.0473495,-0.44704,-0.170168,0.9999
-0.170814,-0.00147199,0.637257,0.999899
-0.819341,-0.310699,-0.0536233,0.9999
-0.0247767,-0.755919,-0.525676,0.999899
0.430552,-0.187073,0.289077,0.999899
0.0919691,0.290536,-0.872561,0.9999
-0.431496,0.237626,0.113168,0.9999
-0.425178,0.102175,0.218714,0.999899
-0.761964,-0.293059,-0.344362,0.9999
0.418904,0.802449,0.375319,0.9999
0.347834,-0.681282,0.129187,0.9999
0.61694,0.428,-0.108893,0.999899
-0.676086,0.0122487,-0.462683,0.9999
0.465736,-0.335441,0.0121765,0.9999
-0.645821,-0.187304,0.265424,0.9999
-0.304618,-0.267622,-0.220787,0.9999
0.207155,-0.345486,0.534115,0.9999
-0.453139,0.284079,-0.0803328,0.999899
-0.452242,-0.165386,0.51354,0.9999
-0.234382,-0.8294,0.354207,0.9999
0.427555,0.120655,0.0830639,0.9999
-0.291187,0.310782,-0.809929,0.9999
-0.762292,-0.0689284,0.0612653,0.999899
0.417306,-0.211727,0.121173,0.999899
-0.0217295,-0.0606153,-0.600353,0.999899
-0.425942,-0.145141,-0.793263,0.9999
0.0695207,-0.442676,0.371453,0.999901
0.0902797,0.0854159,-0.521009,0.9999
-0.19444,0.242912,0.337659,0.9999
-0.656133,-0.683032,-0.0788447,0.9999
0.0340165,-0.200247,0.863498,0.9999
-0.469943,0.335774,-0.466259,0.9999
-0.048965,0.515532,0.568744,0.9999
0.550613,-0.772182,-0.272684,0.9999
0.341793,0.85026,-0.335678,0.9999
0.0404198,-0.0388192,0.486383,0.9999
0.180803,-0.315519,0.137127,0.9999
0.363072,-0.301145,0.335674,0.999899
0.385682,-0.230921,-0.0956344,0.999899
0.491904,0.333986,-0.502946,0.9999
0.484578,-0.0816372,-0.845684,0.9999
0.873562,0.280374,-0.121309,0.9999
0.58713,-0.380029,0.0511413,0.9999
0.0639548,0.377073,-0.569223,0.9999
-0.328023,0.67527,0.374385,0.9999
0.0544015,0.992478,-0.0314509,0.9999
0.422445,-0.24428,-0.128054,0.9999
-0.166196,0.0141939,-0.670983,0.9999
0.440612,-0.00693097,0.851359,0.9999
-0.0152563,0.821236,-0.0598872,0.999901
-0.709351,-0.279906,-0.0820709,0.9999
0.463373,-0.567535,-0.304913,0.9999
-0.845392,-0.216156,0.137082,0.999899
-0.439812,-0.254262,0.679983,0.9999
-0.477356,-0.197102,0.399306,0.9999
0.304667,-0.213329,0.663402,0.9999
0.635272,-0.0956214,-0.728676,0.9999
0.182784,-0.876452,-0.148788,0.9999
-0.0553421,0.467913,-0.841416,0.9999
-0.830066,0.0872515,0.041674,0.9999
0.668273,-0.584295,0.295419,0.9999
0.691201,-0.553288,0.320026,0.9999
0.371247,0.348445,0.118128,0.999899
0.00946195,0.824305,0.279636,0.9999
0.312369,0.599776,0.066875,0.999899
-0.368643,-0.586554,-0.307932,0.999901
0.367751,0.195096,-0.13694,0.9999
-0.325796,-0.405596,0.31815,0.9999
0.145411,0.18332,-0.852774,0.999899
-0.0814911,-0.1034,-0.63244,0.9999
0.19343,0.794366,-0.469011,0.9999
0.0644926,-0.420787,0.0741897,0.9999
-0.240419,0.274058,0.908519,0.9999
-0.331764,-0.692093,0.387399,0.9999
0.567936,0.286105,0.0981601,0.9999
0.578808,0.150505,0.619161,0.9999
0.55978,0.107662,0.16965,0.999901
0.407147,-0.198754,0.703741,0.9999
0.268144,-0.696477,-0.356142,0.999901
0.183266,-0.815225,-0.0436284,0.9999
-0.186754,-0.444113,0.757645,0.9999
0.19612,0.350826,0.541957,0.999899
0.890582,0.0238732,-0.417845,0.9999
0.682846,-0.35861,-0.0865601,0.999899
0.834618,0.0138028,0.289151,0.999901
-0.110431,-0.0682143,0.285094,0.9999
0.33741,0.361266,-0.822308,0.999901
-0.510572,-0.178368,0.794912,0.9999
0.303815,0.804332,-0.0743711,0.9999
-0.27566,-0.538436,-0.216166,0.9999
-0.667498,0.143827,-0.274527,0.9999
-0.359665,-0.922727,-0.0331637,0.9999
0.239335,0.390493,-0.617137,0.9999
-0.798197,-0.361487,0.25645,0.9999
0.333101,-0.0643707,-0.665286,0.999901
-0.56778,-0.31506,0.344267,0.999901
-0.897642,0.266969,-0.212998,0.9999
0.58697,0.162212,0.170979,0.9999
0.722199,0.00836136,0.33099,0.9999
-0.46068,-0.534772,-0.118765,0.9999
0.167484,0.429756,0.663064,0.9999
0.443484,-0.43118,0.047971,0.9999
-0.767696,0.175443,0.484377,0.9999
-0.188082,-0.14602,-0.909122,0.9999
-0.0530878,-0.715649,-0.594153,0.9999
-0.885071,-0.133576,0.235918,0.9999
-0.218057,0.0666995,0.859243,0.999899
0.240597,-0.4674,-0.360885,0.999901
-0.0771841,-0.964107,-0.11498,0.9999
0.431617,-0.0476194,0.287828,0.9999
-0.194704,-0.974248,0.0850838,0.9999
-0.513178,-0.055705,0.670297,0.9999
0.152756,0.427324,0.730605,0.9999
-0.372657,-0.558273,0.0826901,0.999901
-0.0325693,-0.0538025,0.513429,0.9999
0.570962,0.26084,-0.758417,0.9999
0.530144,-0.662368,-0.325723,0.999901
-0.584471,0.588825,-0.299284,0.999899
0.508646,0.741319,0.282268,0.999901
-0.201622,0.264747,0.861852,0.9999
0.682551,-0.0107381,0.295447,0.999901
0.1937,-0.943036,-0.123593,0.9999
0.412565,0.291784,0.299175,0.9999
0.309917,-0.0698305,0.137617,0.9999
-0.433754,0.842774,0.318277,0.999899
0.139545,-0.337633,-0.64854,0.999899
0.459137,-0.408827,0.712729,0.9999
-0.740652,0.273997,0.451211,0.9999
0.370345,-0.419258,-0.0152045,0.9999
-0.62247,-0.69985,0.290108,0.9999
0.324038,0.0607712,0.0978424,0.9999
0.66259,0.584176,-0.0770215,0.9999
-0.277314,-0.439544,0.661529,0.999901
0.467055,0.711059,0.506017,0.9999
0.159492,0.914223,0.213153,0.9999
-0.458079,0.34627,-0.411608,0.9999
0.482215,0.0222121,-0.8077,0.9999
-0.694819,0.156912,0.366597,0.9999
0.073847,-0.41303,0.24206,0.999899
0.685902,0.368956,0.59643,0.9999
-0.510277,0.275619,-0.167523,0.999899
-0.705368,0.325824,0.563016,0.9999
0.562703,0.69565,-0.174183,0.999901
-0.298999,-0.345549,-0.783154,0.9999
-0.230271,0.80756,0.532552,0.9999
-0.410556,0.246407,0.0512492,0.9999
-0.0253927,0.878396,0.192973,0.9999
0.383394,0.21694,-0.726642,0.9999
-0.209839,0.729593,0.649029,0.9999
-0.638487,0.0683252,0.35611,0.9999
-0.719126,0.49264,0.388218,0.9999
0.403718,-0.0272814,-0.501361,0.9999
-0.169354,0.530288,-0.277157,0.9999
0.682063,-0.50187,-0.390337,0.9999
-0.234951,-0.0283615,0.647737,0.999899
-0.450884,0.115107,-0.264882,0.9999
-0.14948,0.11391,-0.719098,0.9999
0.61954,0.659371,-0.159265,0.9999
0.636096,-0.464057,-0.110077,0.9999
0.228488,-0.474898,-0.679813,0.9999
0.209759,0.320068,-0.72198,0.999899
0.00787688,0.598568,0.279193,0.9999
0.0786428,-0.75936,-0.0757159,0.9999
-0.515751,-0.0241014,0.586052,0.9999
-0.606378,0.0170554,0.0581476,0.9999
-0.317643,0.530504,0.0217012,0.9999
-0.0541842,0.15085,-0.062899,0.9999
0.0710184,0.392398,-0.693528,0.9999
0.0429623,-0.779835,0.0448193,0.999899
0.286466,0.112899,0.203912,0.9999
-0.0312305,-0.096494,0.483657,0.9999
-0.0911821,-0.615782,0.0233855,0.999899
0.45067,-0.0390799,0.61454,0.9999
0.0836931,0.709714,-0.5218,0.9999
0.0922803,-0.738887,-0.0632516,0.9999
-0.146015,0.566861,0.157461,0.999899
-0.325931,0.675731,0.463737,0.9999
-0.5535,-0.737397,-0.0354331,0.9999
-0.322124,0.099634,-0.823855,0.999899
0.615566,0.16808,-0.588627,0.999899
-0.613244,0.375439,0.352447,0.9999
0.316306,0.293019,-0.751252,0.999901
-0.262359,0.373734,0.68508,0.9999
-0.258945,-0.653987,-0.0347195,0.9999
-0.313898,0.446268,-0.382468,0.9999
0.824577,0.0739799,0.477819,0.9999
0.136485,0.104473,-0.530331,0.999901
-0.533657,-0.0736153,0.271252,0.999899
0.231127,-0.599193,0.573183,0.999899
-0.499443,-0.781379,-0.203451,0.9999
0.348745,0.390213,-0.791374,0.9999
0.212632,-0.258886,0.859792,0.999901
0.128498,0.285524,-0.299953,0.9999
0.496359,0.236081,0.455915,0.999901
-0.684458,-0.425281,-0.193461,0.9999
-0.507886,-0.138803,0.739898,0.9999
0.436713,-0.119686,-0.701065,0.999901
-0.718688,0.190849,0.426648,0.9999
0.0387476,-0.702392,-0.704517,0.9999
-0.738912,-0.352183,-0.564697,0.9999
-0.475075,-0.477386,-0.570962,0.9999
-0.666815,0.116607,-0.608531,0.999899
-0.290353,-0.180773,-0.814491,0.9999
-0.143155,0.431353,0.853309,0.9999
-0.431924,-0.0772399,-0.221065,0.999899
0.125145,0.392674,0.841374,0.999899
0.0997614,0.739093,-0.64681,0.999899
-0.231311,-0.6182,-0.229019,0.9999
-0.267651,-0.199789,-0.561086,0.9999
0.213185,0.288384,0.520238,0.9999
0.594546,-0.161162,0.281747,0.9999
0.0310965,-0.810949,-0.466552,0.999901
0.550801,0.57145,0.449597,0.9999
0.505059,0.301433,-0.727451,0.999899
-0.120871,0.870036,-0.196795,0.9999
0.169135,0.142751,0.683242,0.9999
-0.409845,0.698814,-0.486204,0.9999
0.657081,0.642506,0.0823787,0.9999
0.313243,0.713028,0.255862,0.9999
-0.844151,-0.362215,-0.30465,0.9999
-0.563854,-0.396469,-0.695648,0.9999
-0.0158074,-0.661248,0.630622,0.9999
-0.16321,0.959234,0.0851995,0.9999
0.0498001,0.61835,-0.172362,0.9999
0.0196457,-0.580706,0.781996,0.9999
-0.0947073,-0.0794337,0.469485,0.999899
-0.323578,0.119873,0.500281,0.9999
0.185786,0.383177,0.671471,0.999901
-0.341061,-0.787087,0.444764,0.9999
-0.185619,0.318074,0.865706,0.9999
-0.0699344,0.0792206,0.422815,0.9999
-0.497656,-0.0590758,0.0287796,0.9999
0.0812829,0.978882,0.178823,0.999901
-0.0668137,0.860814,0.208909,0.9999
-0.0708958,0.664806,0.315546,0.9999
0.373371,-0.137048,-0.147996,0.9999
0.536568,-0.570611,-0.00640864,0.999899
0.370338,0.077133,-0.356367,0.9999
-0.152239,0.211973,-0.75388,0.9999
-0.0119161,-0.426729,-0.510104,0.999899
-0.155267,0.747385,-0.171548,0.9999
-0.353314,0.140466,-0.561152,0.999901
-0.0250827,0.0782522,0.464579,0.999901
-0.516322,-0.0136636,0.187661,0.9999
-0.591818,-0.709687,-0.00663191,0.9999
0.107212,-0.412984,-0.672919,0.9999
-0.629881,-0.255399,0.0752483,0.9999
-0.132491,-0.381115,-0.419102,0.9999
-0.790933,-0.0352047,0.53173,0.9999
-0.332282,0.909173,-0.211048,0.9999
0.53621,-0.480488,0.193486,0.9999
0.875617,-0.352916,0.28091,0.9999
-0.766177,-0.545528,-0.122041,0.9999
-0.00757913,-0.672445,-0.504127,0.999901
0.302972,-0.747536,-0.223584,0.999899
0.806897,0.172052,0.407513,0.9999
0.780221,-0.546041,0.229151,0.9999
-0.762134,0.0589011,-0.488007,0.9999
0.247134,-0.3327,0.68442,0.9999
-0.370887,0.192401,0.359207,0.9999
-0.551806,-0.315722,-0.662485,0.9999
0.637732,-0.539321,0.0440165,0.999899
-0.0264673,0.69252,0.32872,0.9999
-0.174195,-0.155376,-0.723453,0.9999
0.473114,-0.45876,0.654028,0.9999
-0.217652,0.754599,-0.059486,0.9999
0.367809,-0.109893,-0.81289,0.9999
-0.129435,0.733656,0.412071,0.999901
0.22805,0.372343,-0.668353,0.999899
-0.807979,-0.324196,-0.38545,0.999901
-0.0544877,-0.322386,-0.605935,0.999901
-0.380562,0.373169,-0.111816,0.9999
-0.743799,0.601223,0.228885,0.999901
0.609305,-0.267942,-0.350244,0.9999
-0.411632,0.58179,-0.412927,0.999899
0.0640417,-0.303929,-0.18284,0.999899
0.480419,0.460487,-0.430943,0.999899
0.183455,-0.0933798,0.966431,0.9999
0.128082,0.523233,0.65814,0.9999
0.0663221,-0.835039,0.3274,0.9999
0.392516,-0.503594,-0.18906,0.9999
0.848936,0.514276,-0.00884454,0.9999
0.0153488,-0.989806,-0.0942722,0.999901
-0.326463,-0.779543,-0.205447,0.9999
-0.724547,-0.257414,0.0169837,0.9999
-0.484738,-0.401709,-0.317488,0.9999
0.228818,0.217075,0.741948,0.9999
-0.667924,-0.283068,0.331591,0.9999
-0.313778,-0.22297,-0.910052,0.9999
-0.624087,-0.469337,0.61702,0.9999
0.851291,0.310129,0.285231,0.999901
0.0754312,-0.577053,0.594021,0.9999
0.0110208,0.0367569,-0.5612,0.9999
0.00920984,0.140514,-0.747302,0.9999
-0.329388,-0.0391929,-0.377797,0.9999
0.619356,0.17448,0.648934,0.9999
0.136053,0.152869,0.25032,0.999899
0.49814,0.250646,0.147036,0.9999
-0.638507,-0.140984,0.540308,0.999899
-0.728472,-0.305395,-0.142107,0.9999
0.864204,0.136224,-0.0290501,0.9999
0.000303175,-0.73596,-0.288755,0.9999
-0.744301,0.551769,-0.0925732,0.999901
0.571968,-0.415336,0.427081,0.9999
0.363927,-0.241723,-0.861815,0.999899
0.205944,0.222878,0.887012,0.9999
-0.815526,0.250021,0.319241,0.9999
-0.049606,0.0176825,-0.826711,0.999899
0.100285,0.693119,0.691024,0.9999
0.35902,-0.0859308,0.172499,0.999899
0.895416,-0.310817,0.143667,0.999901
0.189832,0.679561,0.456021,0.9999
0.219539,0.278076,0.870268,0.9999
0.194673,-0.474901,-0.849438,0.9999
-0.69812,-0.556007,0.35521,0.9999
0.605467,-0.26673,-0.532919,0.9999
0.16481,0.0704572,0.871634,0.9999
0.0523257,0.291913,0.651833,0.9999
-0.407409,0.024077,-0.45763,0.9999
-0.0298748,0.25082,-0.818019,0.999899
0.78965,0.267351,-0.184262,0.999899
0.463187,-0.207144,-0.619055,0.999899
0.184877,0.307582,0.604353,0.9999
0.425164,0.192798,-0.830822,0.9999
-0.92615,-0.0536791,-0.103854,0.9999
0.029888,-0.112842,0.432755,0.9999
0.273207,-0.642545,-0.113137,0.9999
-0.1362,0.712271,-0.031196,0.9999
0.283796,0.662108,0.000701211,0.9999
0.0867705,-0.00145764,-0.0127301,0.9999
-0.415673,0.329863,-0.0596408,0.9999
0.091284,-0.309826,0.768676,0.9999
-0.679761,-0.342997,0.507569,0.9999
-0.0652891,0.0277352,0.64491,0.9999
-0.154442,0.127291,-0.947181,0.999899
-0.549152,0.613322,0.543578,0.9999
-0.198769,-0.307225,-0.704819,0.9999
-0.350923,-0.2171,-0.792199,0.9999
0.258215,0.539397,-0.289463,0.9999
0.000441482,0.275841,-0.428582,0.9999
0.256842,-0.507305,-0.389287,0.9999
-0.425856,0.19695,0.44741,0.9999
0.294149,0.141543,-0.122142,0.9999
0.205847,0.223255,0.0438609,0.9999
0.334344,0.276717,-0.118706,0.9999
0.900417,-0.0522686,-0.120947,0.9999
0.372141,0.632022,0.0295646,0.9999
-0.00576139,0.322827,-0.124745,0.999901
0.202367,0.60834,-0.492643,0.9999
-0.211978,0.554652,0.0394271,0.9999
-0.266817,0.121712,-0.202249,0.9999
-0.284971,-0.641203,-0.382193,0.999901
-0.557735,-0.0077704,-0.275618,0.999901
0.0276489,-0.473881,-0.0983046,0.999901
-0.370489,-0.750607,0.284211,0.9999
0.802757,-0.208775,-0.103229,0.9999
0.237906,0.640897,-0.581247,0.9999
-0.119133,0.702217,-0.524606,0.9999
0.863567,0.208403,-0.262239,0.9999
0.510381,0.0467382,-0.0719274,0.9999
-0.248844,-0.439336,-0.465429,0.9999
-0.464959,0.383241,0.0618218,0.9999
-0.151588,0.563363,0.401,0.9999
-0.735374,-0.0300492,0.131384,0.999899
0.490009,-0.217201,-0.792233,0.9999
0.0879115,-0.657745,-0.290665,0.999901
-0.572661,-0.314015,-0.322717,0.9999
0.45206,-0.782716,0.247073,0.9999
0.241143,-0.700032,-0.0813466,0.9999
-0.647433,-0.185201,0.513416,0.9999
0.49632,0.0710408,-0.686101,0.9999
0.242067,-0.77456,-0.135743,0.9999
0.134426,-0.435584,-0.593168,0.9999
0.356179,-0.630868,0.105912,0.9999
0.10501,0.0192626,-0.30289,0.999899
0.169575,-0.738307,-0.527933,0.9999
0.135066,-0.783301,0.071351,0.9999
0.0572208,-0.366411,0.109939,0.9999
-0.0145122,-0.0759008,-0.067718,0.9999
0.131993,0.294188,0.887182,0.9999
0.275053,-0.263227,0.851878,0.9999
-0.451572,0.572361,-0.381279,0.9999
0.780331,0.167249,0.202521,0.9999
-0.556183,0.293451,-0.332377,0.9999
-0.285043,-0.261793,0.224807,0.9999
-0.0995806,-0.170713,-0.320495,0.999901
0.562395,0.229727,0.237632,0.9999
0.0612663,-0.588196,0.294065,0.999901
-0.698521,0.713756,0.0448281,0.9999
-0.471469,-0.767465,0.22834,0.9999
-0.832712,0.199044,-0.439881,0.9999
0.402969,0.224476,0.68484,0.9999
-0.515637,-0.433645,0.1823,0.9999
0.0832996,0.711789,0.127689,0.999899
-0.260778,0.409191,-0.454003,0.9999
-0.624815,-0.558535,-0.193458,0.9999
-0.317847,0.684605,-0.640351,0.999901
0.475584,0.11523,-0.534707,0.9999
0.550327,0.116385,-0.613378,0.9999
0.43851,0.377477,-0.660703,0.9999
-0.51903,0.702432,0.214417,0.9999
0.403267,0.872427,-0.113008,0.9999
-0.271172,-0.0987617,-0.321238,0.9999
0.707865,-0.0197693,-0.404611,0.9999
-0.245545,0.171647,0.808503,0.9999
0.593236,0.0319045,-0.66795,0.999899
-0.650426,-0.374912,-0.0197673,0.9999
0.0709405,-0.422901,-0.194261,0.9999
-0.225123,-0.878575,0.381612,0.9999
-0.724315,0.140338,-0.60016,0.999899
-0.372053,-0.0235393,-0.626405,0.999899
-0.77459,0.0536654,0.12427,0.9999
-0.658733,0.425754,-0.505402,0.9999
0.912123,-0.0469831,-0.170721,0.9999
-0.245193,0.410006,-0.00109194,0.999899
-0.00860603,-0.637211,-0.019299,0.999899
-0.412547,-0.177299,-0.352117,0.9999
-0.00456967,-0.721779,0.0135045,0.999899
-0.0942782,0.527319,0.0788893,0.9999
0.362037,0.28526,-0.887341,0.999818
-0.451344,0.0547002,0.0150223,0.9999
-0.0897456,0.714376,0.459532,0.999899
-0.248213,0.610136,-0.373392,0.9999
0.0623872,0.628182,0.226209,0.9999
0.191756,0.699844,-0.559278,0.9999
0.833558,-0.0293821,0.466005,0.9999
-0.068363,0.576682,0.410164,0.9999
-0.313211,0.249841,0.812995,0.9999
0.483399,-0.176935,-0.800916,0.9999
-0.387867,0.777541,-0.383383,0.9999
0.40576,-0.471519,-0.640921,0.9999
-0.673802,0.484724,-0.340028,0.9999
0.427342,0.450398,-0.476407,0.9999
-0.748575,0.167984,0.603733,0.9999
0.0550008,0.755897,-0.059127,0.999901
-0.0964941,-0.777346,0.210792,0.9999
-0.456152,0.615603,0.14791,0.9999
-0.562133,0.12585,-0.285074,0.9999
-0.67941,0.33846,0.0766142,0.9999
-0.328877,0.753925,0.542028,0.9999
-0.563917,-0.146993,0.794475,0.9999
0.506267,-0.513315,0.520295,0.9999
0.150271,-0.951819,0.0237393,0.9999
0.0665239,0.901392,-0.0500232,0.999901
0.0895547,0.0315617,-0.634884,0.999899
0.473811,-0.089449,-0.502744,0.999901
-0.262341,0.0897979,-0.120332,0.9999
-0.472193,-0.149619,0.434504,0.9999
0.812629,0.274336,0.0363311,0.9999
-0.339817,0.103817,-0.504681,0.999899
0.453635,0.729178,0.0152005,0.999899
-0.0775381,-0.461463,0.406175,0.999901
-0.106142,-0.583446,0.200778,0.9999
-0.0418625,-0.339814,0.902786,0.9999
-0.741417,0.352597,0.400604,0.999901
0.726004,0.305769,-0.476328,0.9999
0.0286023,0.22775,-0.740588,0.999901
0.328641,-0.584525,0.30865,0.9999
0.442205,0.632164,0.595923,0.9999
-0.23639,0.0169145,0.537113,0.999899
-0.25128,0.136327,0.503129,0.999901
-0.00463779,-0.35352,-0.562601,0.9999
0.6201,0.447954,-0.559496,0.9999
0.311267,0.0549927,0.767054,0.9999
0.120284,0.164855,0.873349,0.9999
-0.595133,0.289756,0.0314779,0.9999
-0.172188,-0.0255588,0.0828045,0.9999
-0.068383,-0.55623,0.443958,0.999901
0.317222,0.44241,-0.671139,0.9999
0.0442005,-0.493179,-0.0689109,0.9999
-0.399789,-0.277419,-0.608224,0.9999
-0.104787,-0.276685,0.579991,0.999899
-0.73385,-0.161175,0.576522,0.9999
0.558378,-0.496803,0.146238,0.9999
0.700395,-0.367857,0.0526359,0.9999
-0.721075,0.453065,0.00172752,0.9999
-0.436708,0.357317,-0.550632,0.9999
0.171506,0.356229,0.62139,0.9999
0.047994,0.8429,0.449955,0.9999
0.575934,-0.787699,0.191534,0.9999
0.261733,0.835232,0.393016,0.999899
-0.526417,0.25439,0.0220467,0.999901
-0.42393,-0.363133,0.657998,0.9999
-0.0857651,-0.559978,0.234094,0.9999
0.49298,0.231996,-0.153096,0.999899
0.403141,-0.61222,0.532192,0.9999
-0.144143,-0.200482,-0.900921,0.9999
0.10683,-0.855541,-0.148313,0.9999
-0.50302,-0.647362,0.342015,0.9999
-0.639953,-0.350563,0.197969,0.9999
0.692315,0.423962,-0.212588,0.9999
-0.503398,0.797565,0.230753,0.9999
0.558053,-0.0327893,0.0550096,0.999901
0.398532,-0.711268,0.285609,0.999901
0.1122,-0.159933,0.191045,0.9999
0.512226,0.0807227,-0.450385,0.999901
0.796411,0.514314,0.0049014,0.9999
-0.835997,-0.0859416,0.279388,0.9999
0.635278,0.160221,-0.095837,0.9999
0.366307,-0.705094,0.436875,0.999899
-0.126183,-0.00899365,-0.902708,0.9999
-0.312214,0.297508,0.152164,0.9999
-0.676485,0.442107,0.1748,0.9999
-0.120194,-0.756871,-0.379432,0.9999
-0.841743,-0.317663,0.0632474,0.9999
-0.760546,0.0460795,-0.27588,0.9999
-0.0954058,-0.118406,0.492421,0.9999
0.0249453,-0.651789,-0.352966,0.999901
-0.15937,-0.295493,0.576697,0.9999
-0.00441085,-0.468308,0.0875874,0.9999
-0.000111068,-0.30924,-0.700659,0.9999
-0.473314,-0.353208,-0.59643,0.9999
-0.645966,-0.665059,-0.00581628,0.9999
0.0206769,-0.11427,-0.624704,0.9999
0.15773,-0.359501,0.292831,0.9999
-0.532676,0.38661,-0.407181,0.9999
0.755701,0.159147,0.313351,0.9999
0.343044,0.237931,-0.170663,0.9999
-0.87599,0.21245,-0.0590535,0.9999
-0.332924,0.0937475,-0.455469,0.9999
-0.0827992,0.0499506,0.767338,0.9999
-0.162966,-0.322788,0.259464,0.9999
-0.709099,-0.434091,-0.0488468,0.9999
-0.884481,-0.0685238,0.0169617,0.9999
-0.5822,-0.112909,0.20709,0.999899
-0.58987,0.0233311,-0.510581,0.9999
-0.257176,0.502374,-0.484097,0.9999
0.181808,-0.580734,-0.265071,0.999901
0.159444,-0.905407,0.377369,0.9999
0.502917,0.0290649,-0.760522,0.9999
0.177957,-0.212218,-0.515264,0.9999
-0.623331,-0.00375013,0.58628,0.9999
-0.155193,-0.0480218,0.167892,0.999901
0.850727,-0.083567,-0.329133,0.9999
-0.711549,0.452518,0.495282,0.999899
0.337325,0.189714,0.377381,0.9999
0.572349,-0.79681,0.0930999,0.9999
-0.859631,-0.127849,0.117389,0.9999
0.271401,-0.375679,0.325397,0.9999
0.0538512,0.218669,0.34476,0.999901
0.121304,-0.425796,0.551913,0.999898
0.33429,-0.474659,-0.69308,0.9999
-0.432406,-0.490569,0.607507,0.9999
-0.0151902,-0.123286,-0.157139,0.9999
-0.260279,0.657589,0.37121,0.9999
0.424407,0.445271,-0.0709523,0.9999
0.644714,-0.242229,0.0645113,0.9999
-0.114178,-0.540096,-0.103178,0.999901
-0.0324123,0.806002,-0.485536,0.9999
0.458868,0.276347,-0.821614,0.9999
0.480623,0.515136,0.091568,0.9999
-0.979257,-0.0235994,0.100109,0.999901
0.226996,-0.843862,-0.41536,0.9999
0.244971,0.835235,0.242039,0.9999
0.0482031,-0.748324,-0.400853,0.9999
0.357218,-0.586122,-0.629305,0.9999
-0.50595,0.428144,0.73233,0.999901
0.475628,-0.705073,-0.226458,0.999901
0.7606,0.0739144,0.496856,0.999901
-0.22616,0.0336292,0.88938,0.9999
0.345794,0.105,0.0327585,0.9999
-0.502567,-0.212383,0.039875,0.9999
0.637995,-0.416189,-0.073905,0.9999
0.627498,-0.599578,-0.384435,0.999901
0.305335,-0.295995,-0.508803,0.9999
-0.149011,-0.393185,0.813039,0.999899
0.11421,0.527833,-0.119138,0.9999
-0.344242,-0.264325,0.699326,0.9999
-0.174963,0.244535,-0.745907,0.9999
0.227899,-0.433092,0.213794,0.999901
-0.0733367,-0.782405,0.452661,0.999899
0.566322,0.159317,-0.0361148,0.9999
-0.491824,0.0104664,0.186389,0.9999
0.207604,0.218513,-0.718679,0.9999
-0.050087,0.293981,-0.712232,0.999899
0.289313,0.566612,0.315962,0.9999
0.763145,-0.333508,0.0546449,0.999901
0.849303,0.453128,0.11787,0.9999
-0.742156,0.130638,-0.460169,0.999901
0.709958,0.536279,0.240229,0.9999
0.0153422,0.202348,0.729798,0.9999
-0.388044,-0.877451,-0.0815658,0.9999
-0.707209,-0.375634,-0.0660696,0.9999
0.154682,0.35831,0.146521,0.9999
0.0419232,0.479923,0.354371,0.9999
-0.389691,-0.534428,0.675057,0.9999
-0.491303,0.0640245,0.149733,0.999901
0.282724,-0.478106,0.722082,0.9999
-0.660124,0.602506,-0.0100157,0.9999
0.215397,-0.300667,-0.235412,0.9999
-0.268922,-0.496715,-0.287244,0.9999
0.923471,-0.132939,0.0767888,0.999901
0.215034,0.350065,-0.50575,0.9999
0.72086,-0.0391209,0.483533,0.9999
0.429086,0.237829,-0.708024,0.9999
0.179855,-0.379581,0.588273,0.9999
-0.453405,0.0497445,0.0340615,0.9999
-0.29767,-0.690579,-0.598024,0.999901
0.522126,-0.156527,0.415471,0.999899
-0.354392,0.594209,-0.0194468,0.9999
0.509567,0.389526,0.338548,0.9999
-0.669548,0.0481286,0.424071,0.9999
-0.0550902,-0.736795,-0.640648,0.999901
0.70698,-0.321642,0.427611,0.9999
0.249577,-0.742909,-0.550808,0.9999
-0.0335094,-0.799051,0.253433,0.999901
0.823841,0.129618,0.052704,0.9999
0.484507,-0.664809,-0.0322702,0.9999
-0.223683,-0.195384,-0.753561,0.9999
0.778965,-0.227751,-0.383629,0.9999
-0.22725,-0.342334,0.70222,0.9999
-0.532414,0.426438,-0.421317,0.9999
-0.880175,0.240451,-0.240694,0.9999
-0.35619,0.565678,-0.595745,0.9999
-0.598647,-0.21696,0.51795,0.999901
-0.340849,0.123157,0.36485,0.9999
-0.319619,0.180134,-0.162245,0.9999
-0.68114,-0.292433,0.40508,0.9999
0.56204,-0.679398,-0.00305668,0.9999
0.785794,0.222899,-0.190483,0.9999
0.394871,-0.374062,0.0723006,0.9999
-0.120867,0.422096,0.758825,0.999899
-0.13509,-0.774788,-0.124857,0.9999
-0.0310217,-0.125991,0.90161,0.9999
0.433764,0.32622,0.764305,0.9999
0.568354,0.807522,-0.0288341,0.9999
0.1001,0.690697,-0.20279,0.9999
-0.0498055,0.496344,-0.115577,0.9999
0.39879,0.355759,-0.826412,0.9999
0.366065,-0.85974,0.114472,0.9999
0.470804,0.784842,-0.196068,0.9999
0.0108869,0.317087,0.324055,0.999899
-0.300719,0.411976,0.472346,0.999901
-0.135195,0.949525,0.0576026,0.9999
0.320381,-0.032281,-0.209212,0.9999
-0.02914,0.0995674,0.394316,0.9999
0.348887,0.775737,0.414555,0.9999
0.734477,-0.394498,0.269011,0.999899
-0.868518,0.0412058,0.18698,0.999901
-0.1037,0.0636358,0.968156,0.9999
-0.484089,0.735746,-0.183481,0.9999
-0.583349,0.45722,0.144426,0.9999
0.951918,-0.134761,-0.219331,0.9999
-0.548822,-0.187943,-0.242929,0.9999
0.212032,-0.611894,-0.20007,0.9999
-0.185567,0.717923,0.279823,0.9999
-0.126217,0.292476,0.84924,0.9999
-0.509581,0.593386,0.39562,0.9999
-0.00756093,0.388892,-0.325238,0.9999
-0.667339,-0.300564,0.0284444,0.9999
0.745303,0.3152,0.54973,0.9999
0.360764,-0.11338,0.400889,0.999901
0.242471,0.034492,0.652661,0.9999
0.0237194,-0.301147,-0.88372,0.9999
0.386379,-0.262531,-0.227142,0.9999
0.880497,-0.341225,-0.132493,0.9999
-0.189503,-0.397812,0.410949,0.999901
-0.0630015,-0.422015,-0.736252,0.9999
-0.420926,0.331516,0.0611387,0.9999
-0.596633,-0.787761,0.0412569,0.9999
0.503179,0.401367,-0.654968,0.9999
-0.497013,0.478114,-0.558676,0.9999
0.148495,0.7896,0.199321,0.999901
0.269006,-0.534283,-0.623713,0.999899
0.435042,0.538919,-0.0817212,0.9999
0.339641,-0.43817,0.0851918,0.9999
-0.62901,0.371826,0.363302,0.9999
-0.602514,0.0418375,0.231457,0.9999
-0.32965,-0.492734,0.376322,0.999899
-0.133019,0.646722,-0.480769,0.9999
0.610826,-0.516834,-0.20675,0.9999
-0.0463479,-0.803252,-0.216683,0.999899
0.158765,0.117658,-0.481861,0.9999
0.508018,-0.633572,-0.503887,0.9999
-0.367274,0.300851,0.663948,0.9999
-0.156995,0.0349623,-0.302092,0.9999
-0.278412,-0.0509975,-0.719334,0.9999
0.0335514,0.135229,-0.33462,0.9999
-0.386309,-0.626819,-0.423533,0.9999
0.268387,0.229884,-0.554631,0.9999
0.409741,0.464179,0.107591,0.999899
0.732895,0.183266,0.187382,0.9999
0.461446,-0.44456,0.429995,0.999901
-0.278779,0.816515,-0.419539,0.9999
-0.0264269,0.490545,0.041606,0.999901
-0.406905,0.0417902,-0.567661,0.9999
-0.440554,-0.587758,-0.196621,0.9999
0.42659,0.350442,-0.820399,0.9999
0.00723115,-0.044777,0.215089,0.9999
0.107511,-0.123141,0.33234,0.9999
-0.380156,-0.416385,0.00627045,0.9999
0.764315,0.0680893,-0.512653,0.9999
0.899916,-0.177292,-0.139513,0.9999
0.557289,-0.431017,-0.136709,0.9999
-0.427196,0.332543,0.819955,0.9999
0.187689,-0.84007,-0.293344,0.9999
-0.258801,0.133551,-0.597135,0.9999
-0.22299,0.447472,-0.70988,0.9999
-0.0910449,-0.315704,-0.272243,0.999901
0.777244,-0.0869571,0.328083,0.999899
-0.335495,-0.700535,0.339047,0.9999
-0.297398,0.721564,-0.127272,0.9999
0.610148,-0.204307,-0.660586,0.9999
-0.342834,0.534176,0.657701,0.9999
0.0551527,0.780687,0.450507,0.999899
-0.140811,-0.147344,-0.262773,0.9999
-0.583759,0.652788,0.406635,0.9999
0.600083,0.368116,-0.568349,0.9999
0.120673,-0.278621,-0.176804,0.9999
-0.413848,0.209158,0.183014,0.9999
0.2366,0.653653,-0.484871,0.9999
0.223921,-0.623834,-0.285043,0.9999
-0.138556,0.413853,0.367018,0.9999
-0.150491,0.0805686,0.676738,0.999899
-0.202602,0.241935,-0.701137,0.9999
-0.756983,0.301517,-0.401906,0.9999
-0.443244,-0.759453,0.173403,0.999901
0.313396,-0.34764,0.39855,0.999899
-0.28342,0.467577,-0.476161,0.9999
0.400899,-0.76314,0.227091,0.9999
0.10907,0.0390971,0.0694662,0.9999
0.830182,-0.0434848,-0.262969,0.9999
0.0594041,0.32604,0.777392,0.999899
0.635817,-0.0516918,0.745956,0.9999
-0.16398,-0.77736,-0.179724,0.9999
-0.435795,-0.153677,-0.618168,0.9999
0.25531,0.764847,-0.572485,0.9999
-0.0478788,-0.210755,-0.965764,0.999901
-0.604614,-0.132043,-0.00809725,0.9999
-0.341042,0.0270496,-0.0910425,0.999899
0.220921,-0.835232,0.0388076,0.9999
0.688612,-0.440625,-0.553248,0.9999
0.0399463,-0.318504,-0.427568,0.9999
-0.832567,-0.460968,-0.132136,0.9999
0.0584745,0.698225,0.590678,0.9999
-0.3129,0.618931,-0.687809,0.9999
-0.335755,0.380823,-0.678978,0.9999
0.156335,0.201409,0.556967,0.999901
0.465843,-0.650445,-0.409377,0.9999
-0.478262,0.293165,0.0864648,0.999901
0.352263,0.564512,0.518263,0.9999
0.312312,-0.520325,-0.713982,0.9999
-0.226815,0.199784,-0.684984,0.999901
0.509213,-0.634978,-0.368002,0.999899
0.579618,-0.426418,0.423691,0.999899
-0.635461,-0.149597,0.55047,0.9999
-0.273971,-0.313519,-0.275844,0.9999
0.290638,0.592488,-0.142198,0.9999
0.317935,-0.0214089,0.17019,0.9999
-0.354741,0.829353,0.0246088,0.999899
0.122631,-0.200215,0.339387,0.9999
0.0932774,0.340906,-0.182223,0.9999
-0.097461,-0.542568,0.221389,0.9999
-0.285945,-0.263629,-0.0375153,0.999899
0.77889,0.380067,0.0561365,0.999901
-0.197581,0.467014,0.0174688,0.9999
-0.564605,-0.332056,-0.693544,0.9999
-0.416858,-0.0370968,0.523625,0.999899
-0.0973348,-0.338268,0.770827,0.9999
-0.249874,-0.254179,-0.919497,0.9999
-0.300574,-0.410496,-0.602371,0.9999
0.686449,0.0759857,0.148955,0.999899
-0.767501,0.454604,-0.385936,0.9999
-0.326961,-0.298906,0.288431,0.9999
0.374603,-0.615913,0.179162,0.9999
0.215651,-0.206343,0.424211,0.999901
-0.334397,0.899167,-0.223467,0.9999
-0.812145,-0.381215,-0.347317,0.9999
-0.0668372,-0.378883,0.181215,0.9999
-0.120028,-0.177428,-0.107593,0.9999
0.284507,0.14737,-0.334001,0.9999
0.612316,-0.640603,0.205014,0.9999
-0.455605,-0.174698,0.697855,0.999901
0.931169,-0.0649791,-0.167591,0.999901
0.112884,0.827569,-0.478763,0.9999
-0.561408,0.464646,-0.211571,0.9999
0.326144,0.184439,0.859915,0.9999
-0.0387475,-0.346186,0.904891,0.9999
0.369782,0.574323,0.0691299,0.9999
-0.556633,-0.583565,-0.108408,0.9999
0.121923,0.223291,0.210502,0.999899
0.132915,0.0964609,0.0234279,0.999901
0.165104,-0.17736,0.95033,0.9999
0.055412,-0.631055,-0.608358,0.9999
0.276891,-0.362199,-0.0846839,0.999901
-0.38932,-0.381682,-0.234821,0.999899
0.609558,0.296219,0.0841906,0.999901
-0.0920377,-0.834368,-0.100851,0.9999
-0.746936,0.0739831,-0.455635,0.9999
-0.0774557,0.781988,-0.154726,0.9999
-0.415937,0.582865,0.571338,0.9999
0.592621,0.217236,0.516865,0.9999
0.546508,-0.23064,-0.180869,0.999901
0.221392,-0.0855867,0.266452,0.9999
-0.711599,0.065651,-0.548256,0.9999
0.419565,-0.870616,0.246295,0.9999
-0.530862,0.431472,-0.418182,0.999901
-0.117603,-0.635289,0.344771,0.9999
-0.701904,0.199128,-0.61891,0.999901
0.475708,-0.279762,-0.708468,0.9999
-0.0689013,-0.074822,0.557482,0.9999
0.390347,-0.808817,0.233289,0.9999
0.580829,-0.0580174,0.544734,0.9999
0.218166,0.803045,-0.451685,0.9999
-0.725283,-0.593811,-0.228939,0.9999
0.107918,-0.394571,-0.327876,0.9999
-0.296559,0.0146985,0.234518,0.9999
0.422123,0.216352,-0.0864603,0.9999
-0.105581,-0.668272,0.0181675,0.9999
0.0915913,0.860713,-0.152726,0.9999
-0.509898,-0.480416,0.547698,0.9999
0.221558,0.746113,0.454291,0.9999
-0.157537,-0.669461,0.445406,0.9999
-0.0540211,0.614048,0.713953,0.9999
-0.712781,-0.0792837,0.437046,0.9999
-0.545913,-0.264075,-0.106912,0.9999
0.125759,-0.440466,0.730613,0.999901
-0.171224,-0.509518,0.20698,0.9999
-0.534702,0.13062,-0.685278,0.9999
0.476153,0.250538,0.181102,0.9999
-0.453133,-0.742126,0.265579,0.9999
0.0253793,0.917421,-0.335179,0.9999
-0.428441,0.653169,-0.24502,0.9999
0.364323,-0.629936,-0.0424548,0.999899
-0.707649,0.220071,-0.0171296,0.9999
-0.551609,-0.598173,0.520052,0.9999
-0.120827,-0.80339,-0.32732,0.9999
-0.175842,-0.188114,-0.524402,0.9999
-0.289876,0.542678,-0.284557,0.9999
0.892221,-0.00774456,0.204047,0.9999
0.00910033,0.330426,0.441919,0.999901
0.143018,0.858146,-0.185434,0.999901
0.179417,-0.246792,-0.0898625,0.9999
0.290813,0.354853,0.474748,0.9999
0.223661,0.763776,0.320573,0.9999
0.197052,0.124964,0.620757,0.999899
0.148924,-0.805176,-0.289183,0.9999
0.244758,0.00252122,0.855555,0.9999
0.62423,-0.253733,0.60664,0.9999
-0.333583,0.232019,-0.752325,0.9999
-0.296852,-0.212873,-0.0595373,0.9999
0.346378,-0.532982,0.0274523,0.9999
-0.123748,0.0152961,0.0877921,0.9999
0.794124,0.361166,0.320765,0.9999
0.377462,0.514426,-0.0809775,0.9999
-0.468321,-0.116089,-0.405176,0.9999
-0.255316,0.0447444,-0.240193,0.9999
0.000848923,0.214698,-0.148916,0.9999
-0.22017,0.914013,-0.28666,0.9999
-0.288482,0.650805,0.186649,0.9999
0.423195,0.156777,0.409963,0.9999
-0.311989,-0.585844,0.480511,0.9999
-0.820299,-0.192682,0.152798,0.9999
0.131872,-0.67694,0.568195,0.9999
0.613819,0.128686,-0.691485,0.9999
-0.830023,0.318045,0.00557851,0.999899
0.0811921,0.446253,0.871773,0.9999
0.47763,-0.6321,0.384107,0.9999
0.356145,0.268943,0.217182,0.9999
0.0318671,0.139791,-0.870952,0.999901
-0.212001,0.963908,-0.0200037,0.9999
0.06731,0.257848,0.808118,0.9999
0.15839,0.754992,0.137554,0.999899
0.186824,0.682636,-0.126284,0.9999
0.511415,-0.0424868,0.278634,0.999899
0.00440679,0.160476,-0.165186,0.999899
0.414937,0.166698,-0.189779,0.9999
-0.0117254,-0.913098,0.0182659,0.9999
0.208466,-0.139716,-0.126024,0.9999
0.465872,0.181364,-0.0710481,0.999899
0.684796,-0.713764,-0.0448032,0.9999
-0.563501,0.220815,0.678401,0.999901
0.733159,-0.367353,0.513344,0.9999
0.582023,0.256538,0.548153,0.9999
-0.433783,-0.363534,-0.685326,0.9999
0.381651,-0.583056,-0.118343,0.9999
-0.281634,-0.415766,0.685042,0.9999
0.0701186,0.132836,-0.128807,0.9999
0.827009,0.424555,0.00501698,0.999899
-0.166738,-0.644177,0.404762,0.9999
0.299038,-0.211919,-0.280739,0.999899
-0.132413,-0.735108,0.327708,0.9999
-0.403387,-0.0597703,0.511901,0.9999
0.8814,-0.0297061,-0.147939,0.9999
0.300163,-0.528847,-0.62739,0.999899
-0.432507,-0.491199,0.487587,0.999901
-0.440635,0.400658,0.577329,0.9999
0.150714,0.591448,-0.146545,0.9999
-0.730147,-0.433905,0.25147,0.999899
0.15977,-0.0384995,-0.759012,0.999901
0.437302,0.503945,-0.00282327,0.999899
0.480378,0.49102,-0.175312,0.9999
0.129717,-0.213768,-0.821197,0.9999
-0.0214854,-0.466118,-0.607417,0.999899
0.202322,0.523349,-0.337789,0.9999
0.134069,-0.81922,0.0346586,0.9999
-0.626113,-0.347127,0.362331,0.9999
0.183909,-0.119545,0.881086,0.9999
-0.742769,0.138953,0.104441,0.9999
-0.0633903,-0.0860515,0.520739,0.999899
0.449096,0.256602,-0.732258,0.999901
0.0754534,0.0307372,-0.663157,0.9999
-0.286882,-0.302922,0.341094,0.9999
0.574489,-0.261211,-0.759001,0.9999
0.347564,0.223999,0.556432,0.9999
-0.0399436,0.711274,0.666949,0.9999
0.854461,0.36766,-0.253812,0.9999
-0.0684993,-0.710996,0.0674757,0.999901
0.701532,-0.124535,-0.341805,0.9999
-0.683208,0.601186,0.0952495,0.9999
-0.648695,0.015786,0.335284,0.999901
0.715682,0.588708,0.299813,0.9999
-0.764342,0.640896,0.0559327,0.9999
0.368858,-0.347406,-0.219724,0.999901
0.436416,-0.0505985,0.280177,0.999899
-0.650094,-0.0549822,-0.1767,0.9999
0.183777,-0.383744,0.558097,0.999901
0.548871,0.735124,-0.102671,0.9999
0.0709509,0.343729,0.1497,0.9999
0.311468,-0.539562,-0.24514,0.9999
-0.640232,0.217426,0.0915067,0.9999
0.211943,-0.102465,-0.660076,0.9999
0.241856,-0.244075,0.887969,0.9999
0.306262,-0.0367538,0.41492,0.9999
0.0693941,-0.854759,-0.301287,0.9999
0.511759,-0.489326,0.140378,0.9999
0.281549,-0.0607607,0.611137,0.9999
-0.119355,-0.434408,0.661994,0.9999
-0.875317,-0.459319,0.0997712,0.9999
0.0889742,0.0928799,0.127892,0.9999
-0.609952,-0.280158,-0.390811,0.9999
-0.565501,-0.682664,0.280707,0.9999
0.178475,-0.256124,-0.770577,0.9999
0.108445,0.00739509,-0.104474,0.9999
-0.127448,0.162235,-0.674284,0.999899
0.571141,-0.285484,-0.306126,0.999901
0.281507,0.578964,-0.107248,0.9999
0.90608,0.388233,0.055637,0.9999
-0.737826,-0.603632,-0.137272,0.9999
-0.809952,0.513708,-0.191383,0.9999
-0.201541,0.13043,0.0761954,0.999899
0.119809,-0.956548,-0.260793,0.9999
0.544753,0.598619,-0.241083,0.9999
-0.110706,-0.020329,0.971459,0.9999
-0.194801,0.0518598,-0.649332,0.9999
0.469185,-0.28116,0.739955,0.9999
0.624716,0.751356,-0.0899318,0.9999
0.644307,0.55605,-0.216454,0.9999
-0.533806,0.0481269,-0.652199,0.9999
-0.327605,0.0431823,-0.0292801,0.999899
-0.919581,0.322036,0.201389,0.9999
-0.38304,-0.388374,0.527303,0.9999
-0.27865,0.309375,0.164845,0.999899
-0.872923,0.368977,0.0108078,0.9999
-0.0939955,-0.18532,0.777972,0.9999
-0.346741,0.373561,0.760021,0.9999
0.481261,-0.532306,0.253926,0.9999
-0.406915,-0.0620543,0.543033,0.9999
-0.517386,-0.644087,0.219326,0.9999
-0.0832385,0.451468,0.160714,0.9999
0.535855,0.234693,-0.645702,0.9999
0.26841,0.433655,0.413716,0.9999
0.0257717,-0.753403,-0.374561,0.9999
0.153917,-0.74961,-0.569625,0.9999
-0.409085,-0.604482,0.0423754,0.9999
0.259972,-0.349934,-0.191824,0.9999
0.654499,-0.397391,0.418257,0.9999
0.650764,-0.620348,-0.123906,0.999901
0.264747,0.417587,0.844549,0.9999
-0.268626,-0.195786,-0.346684,0.999901
0.483009,0.00506284,-0.349801,0.9999
0.552847,0.0520385,0.589222,0.9999
-0.00899937,-0.116284,-0.0974029,0.9999
-0.575991,0.41888,-0.264621,0.999901
0.0768394,0.0128035,-0.623269,0.9999
0.650786,0.38132,0.187492,0.999899
-0.229146,0.0343273,-0.155366,0.9999
-0.0893828,-0.815365,0.161182,0.9999
0.192015,-0.457837,0.500048,0.9999
-0.393624,0.246212,-0.610577,0.9999
-0.201255,-0.211128,-0.360004,0.999901
0.553203,-0.701603,-0.174198,0.9999
-0.288385,0.0388675,-0.398821,0.999901
-0.319123,0.248446,0.459669,0.9999
0.0394193,-0.766028,-0.309194,0.9999
0.0427069,-0.0807481,0.262405,0.9999
-0.114807,0.0418543,0.120505,0.999899
0.65507,0.221591,0.533191,0.9999
0.295947,0.183884,-0.734548,0.999899
-0.00274666,0.212176,-0.157737,0.9999
0.362455,0.0527203,-0.895121,0.9999
-0.836271,-0.0934059,0.0757047,0.9999
-0.545017,0.00413346,-0.212035,0.9999
-0.347849,0.359851,-0.310999,0.9999
0.0430221,-0.107382,-0.576501,0.9999
0.160761,-0.432959,-0.269755,0.9999
0.483273,0.400752,0.638092,0.9999
-0.498971,0.487475,-0.0378681,0.999901
0.133694,-0.371947,-0.157943,0.999901
0.304335,0.144746,0.164235,0.999899
-0.424014,-0.080937,0.647945,0.9999
0.469414,-0.733976,-0.347543,0.9999
0.278454,0.621622,-0.656261,0.9999
-0.312982,0.532173,-0.272808,0.9999
-0.737559,-0.313155,-0.477518,0.9999
-0.0379162,0.339977,0.16174,0.999901
-0.148973,-0.479889,-0.541982,0.9999
-0.149081,0.191256,0.485957,0.9999
-0.532824,-0.328009,0.439713,0.9999
0.704787,0.0223397,0.0524359,0.9999
-0.378282,-0.630798,0.374666,0.9999
-0.540726,-0.264101,-0.35544,0.9999
-0.453605,-0.602499,-0.326422,0.9999
-0.559071,0.0299747,0.160596,0.9999
0.325653,-0.411627,-0.306267,0.9999
0.410018,0.185201,-0.474036,0.9999
0.204222,-0.908257,-0.216066,0.999901
0.395005,0.372455,-0.430847,0.9999
0.849258,-0.255979,-0.104608,0.999899
-0.314512,0.604635,-0.430387,0.9999
-0.0623018,0.157911,0.211882,0.9999
0.120169,0.918723,0.0495684,0.9999
0.159016,-0.116884,-0.968699,0.9999
0.00819998,-0.218915,-0.831584,0.9999
-0.650823,-0.197665,0.0521702,0.9999
0.253383,-0.263874,0.1986,0.9999
-0.0949377,-0.0881783,0.364156,0.9999
0.0494363,-0.941073,-0.119863,0.9999
0.130488,-0.447244,0.0565906,0.9999
-0.695976,0.444602,0.165509,0.9999
0.369073,0.532661,0.546165,0.9999
0.0310565,0.598103,0.00936871,0.9999
0.202299,0.210133,-0.0545785,0.9999
-0.737037,0.496601,0.268155,0.9999
0.313933,-0.821274,0.228811,0.9999
0.298023,-0.623087,0.133554,0.9999
-0.254277,0.20408,0.930254,0.9999
0.190345,0.501031,0.309985,0.9999
0.713526,0.555763,0.164536,0.999899
-0.346584,-0.202109,0.187865,0.999899
-0.418506,-0.277506,0.284478,0.9999
-0.530505,-0.477607,-0.499317,0.9999
0.767562,-0.0114704,0.548341,0.9999
0.558854,0.138794,0.657734,0.9999
0.533539,-0.247071,-0.505157,0.9999
-0.227313,0.0527787,-0.311393,0.999901
0.0447905,0.913115,0.0295832,0.999899
-0.392017,-0.0174377,0.681005,0.9999
-0.488227,-0.039924,0.216563,0.9999
-0.402895,-0.0861704,-0.786655,0.9999
-0.574718,-0.0113282,0.222762,0.9999
-0.0507334,-0.276574,0.744784,0.999901
0.0388468,-0.497396,-0.792034,0.9999
0.140398,0.307296,-0.207472,0.9999
-0.0401745,0.373472,0.385199,0.999901
0.367003,0.777066,-0.05512,0.9999
-0.28889,0.303443,-0.803853,0.999899
-0.218514,-0.290898,0.805189,0.9999
-0.201224,-0.655731,0.612893,0.999901
0.378857,-0.167812,-0.54022,0.9999
-0.0668922,-0.533339,-0.319048,0.9999
0.320793,0.0318421,-0.309324,0.9999
0.179983,-0.530765,0.314304,0.9999
0.15139,0.641752,0.619645,0.9999
-0.265707,-0.664017,0.497929,0.9999
-0.660789,0.106083,-0.452651,0.999901
0.520171,0.19244,0.0346666,0.9999
-0.427338,-0.137923,-0.534723,0.999899
-0.148872,0.706777,0.455029,0.999901
-0.697748,-0.310046,-0.530322,0.9999
-0.571267,0.134689,-0.19435,0.9999
-0.615956,0.226841,0.438058,0.9999
0.394658,-0.689157,0.533946,0.9999
0.298264,-0.0681747,-0.877413,0.9999
0.40343,0.873504,0.187608,0.9999
-0.220978,-0.0749414,-0.287046,0.9999
0.729266,0.0211882,-0.425507,0.999899
0.684597,-0.4424,0.0508651,0.999901
0.418253,-0.0976012,-0.812252,0.9999
-0.123694,0.691401,-0.156213,0.9999
0.386867,-0.653352,0.326762,0.9999
-0.563924,-0.0394608,0.347343,0.9999
0.268372,0.763356,0.0653961,0.9999
0.127631,0.166919,-0.577674,0.9999
-0.114445,0.255678,-0.952017,0.9999
-0.985479,-0.0760523,-0.116242,0.9999
-0.266661,0.0456158,-0.253733,0.999901
0.360645,0.296712,0.581503,0.999901
-0.602859,0.0309516,-0.114025,0.9999
0.114557,-0.691572,-0.241702,0.999901
-0.424382,0.563205,-0.236204,0.9999
0.394985,0.206622,-0.268204,0.9999
-0.33239,-0.613872,0.401794,0.9999
0.306327,-0.0740494,0.643154,0.9999
0.719949,0.0835779,0.159672,0.9999
-0.0423505,0.13346,-0.138989,0.9999
0.363108,-0.0580355,-0.359427,0.9999
-0.0182663,-0.511923,0.294186,0.9999
-0.565195,0.546883,-0.0179731,0.9999
-0.296107,0.837682,-0.349523,0.999899
0.774235,-0.348709,0.166404,0.9999
0.636815,0.129451,0.056566,0.9999
-0.577365,0.522378,0.546503,0.9999
0.308468,0.698917,-0.352346,0.9999
0.814532,0.0303432,-0.192463,0.9999
-0.72237,0.245131,-0.339424,0.999899
0.251199,-0.118404,-0.339698,0.999899
-0.261093,0.249376,-0.435456,0.9999
-0.258776,-0.119077,-0.344202,0.9999
0.0531799,0.522609,-0.27595,0.9999
-0.821164,-0.53645,0.134277,0.999899
0.157933,0.128235,0.177036,0.9999
-0.118891,0.833562,0.037069,0.9999
-0.304469,-0.816171,0.269103,0.9999
0.798521,-0.474567,-0.0625341,0.9999
0.04359,-0.0487484,-0.294031,0.9999
-0.342392,0.415807,-0.733719,0.9999
-0.835831,0.090753,0.359935,0.9999
0.0296312,0.432899,0.0378842,0.9999
0.586235,0.578835,0.120703,0.9999
0.00566808,-0.330949,-0.65197,0.9999
0.128205,-0.129472,-0.957285,0.9999
0.515689,0.65555,0.349354,0.9999
-0.565507,0.487538,0.641653,0.9999
0.191577,0.09406,0.395316,0.9999
0.441762,0.527947,0.499851,0.9999
-0.031962,0.163874,-0.649942,0.9999
0.46289,0.499977,-0.0970943,0.9999
0.040599,-0.471744,-0.609866,0.9999
0.263333,0.153226,0.481209,0.9999
-0.0129275,-0.47158,-0.563135,0.9999
0.135603,-0.0397342,-0.138499,0.999899
-0.581822,-0.207994,-0.67035,0.9999
0.338582,0.271793,-0.563407,0.9999
-0.471862,-0.267396,-0.312001,0.9999
-0.300186,-0.587264,-0.74536,0.9999
0.13059,-0.686525,-0.365679,0.9999
-0.147403,0.388404,-0.248098,0.9999
-0.467666,0.254447,-0.512987,0.9999
0.0683821,-0.498792,-0.252084,0.999901
0.574191,-0.302037,0.590218,0.9999
-0.365024,-0.134657,0.418937,0.9999
0.642675,-0.69852,0.162563,0.9999
-0.0901783,0.822214,0.047015,0.9999
0.463997,-0.298268,-0.745904,0.9999
0.909885,-0.16857,0.0266756,0.999901
-0.880524,0.153329,-0.0142887,0.999901
0.536762,0.591766,-0.53286,0.999901
-0.474489,0.467193,0.139021,0.9999
0.676216,0.00402332,0.390578,0.9999
-0.197997,0.302877,-0.502071,0.9999
0.865001,0.246883,-0.219145,0.999899
0.771334,0.390137,-0.266795,0.9999
0.728855,-0.0708813,0.0302908,0.9999
-0.47189,-0.468584,0.659929,0.9999
-0.159825,0.223235,-0.724897,0.999899
0.581076,-0.060813,-0.604961,0.9999
0.168996,0.621875,0.441387,0.9999
0.341374,-0.607955,-0.0930674,0.9999
-0.0144949,0.0351806,0.817111,0.9999
0.799943,0.0450989,-0.2915,0.9999
0.614053,0.113582,0.0793615,0.9999
0.536768,-0.203036,-0.51419,0.9999
0.794789,-0.103768,-0.508451,0.9999
-0.435812,0.0195245,0.750749,0.9999
-0.673698,-0.357456,0.405859,0.999901
0.104556,0.15632,-0.80246,0.999901
0.263764,0.00846615,-0.637364,0.9999
-0.0247764,-0.0612318,0.0255898,0.9999
0.00247068,-0.375926,0.862454,0.9999
-0.0547902,-0.819811,0.255186,0.9999
0.00805779,0.551895,-0.429212,0.9999
0.626758,-0.481907,0.184753,0.9999
0.0996423,0.325382,-0.0775329,0.9999
-0.165323,0.183395,0.4679,0.9999
0.393928,-0.111842,0.716281,0.999899
0.0192886,-0.794145,-0.325504,0.999899
0.277116,0.706312,-0.620543,0.999899
0.331666,-0.473896,0.0234923,0.9999
-0.399455,0.726199,-0.272507,0.9999
-0.0666888,0.306067,0.544958,0.9999
-0.264312,0.0971766,0.217062,0.9999
-0.232776,-0.857265,-0.0190665,0.9999
0.567598,-0.419785,0.169018,0.9999
0.0813224,-0.864894,-0.152821,0.9999
-0.474009,0.284425,-0.742482,0.9999
0.735249,-0.257045,-0.032286,0.9999
0.0145406,0.44091,-0.627478,0.9999
0.130579,-0.212925,0.823608,0.9999
-0.926452,0.15838,-0.038349,0.999901
-0.322949,-0.0388875,-0.912557,0.9999
-0.760238,-0.637634,0.103078,0.999899
0.716694,-0.269497,-0.385098,0.9999
-0.342852,0.417232,0.328747,0.999899
0.463218,-0.468116,0.222493,0.9999
0.45634,-0.104598,-0.641281,0.9999
-0.169111,0.181077,-0.759318,0.9999
-0.396058,-0.844538,0.202174,0.9999
-0.119799,-0.696407,-0.488705,0.9999
0.263199,-0.361548,-0.606095,0.999901
-0.485379,0.127035,0.791322,0.9999
-0.0308633,-0.32264,0.203935,0.9999
-0.144973,0.482323,-0.00444875,0.9999
-0.549623,-0.422292,0.149305,0.9999
0.908034,0.0814778,-0.109807,0.9999
0.53537,0.400798,0.236033,0.9999
-0.403142,0.524042,-0.109745,0.999899
0.128204,-0.923697,-0.127731,0.9999
0.534731,0.597105,-0.186403,0.9999
-0.853349,-0.408167,-0.0803579,0.9999
0.383587,0.622255,-0.362714,0.9999
-0.146987,0.105554,-0.521508,0.9999
-0.402214,-0.751157,-0.0345331,0.9999
0.634183,0.689924,0.193374,0.999899
0.0340011,-0.208632,0.29713,0.999899
-0.146313,-0.420743,0.651938,0.999901
-0.405472,-0.47587,-0.59964,0.9999
0.561855,-0.330697,-0.711327,0.9999
-0.803323,-0.0109833,-0.196816,0.9999
0.611159,-0.405568,-0.445301,0.9999
-0.382035,-0.156056,-0.3119,0.9999
-0.0355883,0.775209,-0.313095,0.9999
0.0462646,0.45448,0.525666,0.9999
-0.377466,0.113351,0.133563,0.9999
0.210661,0.42582,-0.348815,0.9999
0.196403,-0.507928,0.642293,0.9999
-0.157735,0.77087,-0.560132,0.9999
0.205805,-0.46543,-0.0339142,0.9999
0.417611,-0.739608,-0.157801,0.9999
0.256644,-0.200747,0.661099,0.9999
-0.562614,0.377549,0.0963757,0.999901
0.520145,0.0399121,0.0656807,0.9999
0.299622,-0.185278,0.893041,0.9999
0.687442,0.361563,0.509255,0.9999
0.183186,0.704299,0.683579,0.9999
-0.143053,0.0279322,0.656492,0.9999
-0.61476,0.367607,-0.215153,0.9999
0.116493,0.578712,-0.559468,0.9999
0.413872,-0.145516,-0.64767,0.9999
0.126778,-0.0659636,-0.651216,0.9999
0.347214,0.111003,-0.191489,0.9999
-0.0593125,0.567922,0.812564,0.9999
-0.705718,-0.390668,0.496678,0.9999
0.485404,0.51054,-0.693582,0.999901
0.404348,-0.102282,-0.330915,0.9999
0.597944,-0.167199,-0.756721,0.999899
0.667788,-0.183525,-0.578408,0.9999
-0.0924049,0.374745,-0.534802,0.9999
-0.293444,0.505444,-0.62263,0.9999
0.0357231,0.214828,-0.574357,0.9999
-0.717113,-0.098554,-0.606571,0.999901
-0.310469,-0.377623,-0.649004,0.9999
0.713277,-0.38474,0.396853,0.9999
0.136353,0.932148,-0.256222,0.9999
0.0976213,-0.354828,-0.551654,0.999901
0.246836,-0.542346,0.427506,0.9999
0.415552,0.627779,0.622464,0.9999
0.525197,-0.126726,-0.23098,0.9999
0.0644716,-0.707007,0.578138,0.9999
0.567644,-0.203254,-0.581584,0.9999
0.483271,-0.611299,-0.186049,0.9999
-0.0616028,-0.548398,0.170361,0.9999
-0.431495,-0.238832,-0.357522,0.9999
-0.52669,-0.0780083,0.791471,0.9999
0.319625,-0.268761,0.832501,0.9999
-0.330905,-0.272296,-0.248475,0.9999
0.0922905,0.824921,0.436213,0.9999
0.516829,-0.0503154,-0.653027,0.9999
0.378665,-0.90936,0.116735,0.9999
-0.15854,-0.154263,-0.186715,0.9999
-0.359251,-0.189016,-0.0355172,0.9999
0.247632,0.0294321,-0.828884,0.9999
-0.868467,-0.402165,0.207503,0.9999
0.20737,0.444036,-0.226193,0.9999
-0.0274723,0.8968,-0.187765,0.9999
-0.627879,-0.480529,-0.123728,0.9999
0.40506,-0.0197132,0.732968,0.9999
0.125691,-0.0137743,-0.260228,0.999901
0.530534,0.153152,-0.678198,0.9999
0.45677,0.556585,0.376371,0.9999
-0.502374,-0.0499614,0.0109536,0.999899
-0.739902,0.00247479,0.216656,0.9999
-0.158537,-0.46121,-0.555647,0.9999
-0.587188,-0.127357,0.645099,0.9999
-0.709487,0.451107,0.12971,0.9999
0.476188,0.631043,0.363104,0.999899
0.0537793,-0.238936,-0.927247,0.9999
0.100874,-0.622529,0.253279,0.9999
-0.0773421,-0.500257,-0.669907,0.9999
0.277125,-0.322798,-0.056628,0.999901
-0.202589,0.133878,0.443899,0.9999
0.459497,0.493845,0.292023,0.9999
-0.553811,0.516239,0.0404366,0.9999
-0.148651,-0.07901,-0.801227,0.9999
-0.584101,0.362946,0.170648,0.9999
0.488797,-0.210024,-0.100667,0.9999
0.494908,0.344852,-0.342375,0.999901
-0.560597,0.759459,-0.144329,0.9999
-0.126595,0.362251,-0.870607,0.9999
-0.270053,-0.598997,-0.728472,0.9999
-0.145141,-0.678779,-0.12469,0.9999
0.508348,-0.557099,0.363781,0.999899
0.265797,-0.147174,-0.765629,0.999899
-0.570191,0.276215,0.496339,0.9999
-0.221514,0.595747,0.0481294,0.9999
0.613002,0.24189,0.242509,0.9999
0.6793,0.240777,0.387972,0.999901
-0.995353,0.0403864,-0.0161097,0.9999
-0.134696,0.875391,-0.334235,0.9999
-0.606977,0.299689,0.559701,0.9999
-0.193709,0.511656,-0.562966,0.9999
-0.436536,0.332789,-0.0187804,0.9999
0.0162535,0.138969,-0.457265,0.9999
-0.0948988,-0.00187182,-0.509053,0.9999
-0.016997,0.426357,0.334142,0.9999
-0.600848,-0.219326,0.447143,0.9999
-0.835878,-0.023772,0.448179,0.9999
-0.200778,-0.324604,-0.0282127,0.9999
0.635905,-0.385088,-0.0125788,0.9999
0.103999,-0.0749622,-0.289384,0.999899
-0.224152,-0.13703,0.480521,0.999901
0.348729,-0.773602,-0.247762,0.9999
-0.13839,-0.0777056,0.114863,0.9999
0.352838,-0.431872,-0.820826,0.9999
0.607168,0.398164,0.477168,0.9999
-0.335644,-0.199261,0.774281,0.9999
-0.705722,-0.0959839,-0.317205,0.9999
-0.467589,0.235071,0.377089,0.999901
0.0309724,0.792729,-0.526885,0.9999
0.230126,-0.523336,-0.329582,0.9999
-0.819916,-0.365726,0.40861,0.9999
-0.0323874,-0.677879,-0.562306,0.9999
-0.32698,-0.634696,-0.496058,0.9999
-0.368548,-0.111553,-0.40265,0.9999
-0.704211,-0.568837,-0.121849,0.9999
-0.115336,-0.774826,-0.14713,0.9999
-0.427241,0.446274,-0.123553,0.999899
-0.144059,-0.0945541,-0.156669,0.9999
-0.206333,0.525891,0.603407,0.9999
0.290151,-0.108909,0.679303,0.9999
0.751607,-0.128501,-0.252432,0.9999
-0.329547,0.0986893,0.893273,0.9999
-0.714715,0.371945,-0.298549,0.999901
-0.00990121,-0.76889,-0.481518,0.9999
-0.73684,0.589055,-0.198214,0.999899
0.138304,-0.857758,-0.370782,0.9999
0.5506,-0.482895,-0.00881504,0.9999
0.188386,-0.572757,0.762533,0.999899
0.943062,-0.137331,0.130977,0.9999
0.369478,0.638723,0.412017,0.999901
-0.388547,-0.194133,0.832273,0.999901
0.191575,-0.851328,-0.421889,0.9999
0.00330675,-0.469027,0.256706,0.999899
0.411332,-0.835529,0.36089,0.999899
0.115443,0.832677,0.37764,0.9999
0.779266,0.207501,0.554156,0.999901
0.555061,-0.277602,0.219484,0.999901
0.637461,-0.594866,0.356444,0.999899
0.3391,-0.385779,0.153075,0.9999
0.190679,-0.264033,-0.428083,0.9999
-0.460053,0.0751747,0.737011,0.9999
-0.307345,0.58757,0.470174,0.9999
0.525107,-0.477562,0.192331,0.999901
-0.874172,-0.370299,0.0137939,0.9999
0.58559,0.160594,-0.60451,0.9999
0.257144,-0.178154,0.757733,0.999901
-0.414053,0.00562761,-0.793247,0.9999
0.616686,0.268221,0.600235,0.9999
-0.021844,-0.749584,0.148322,0.9999
0.538634,-0.175331,0.533903,0.9999
-0.836598,0.0548934,0.441721,0.9999
-0.211361,0.456192,0.31462,0.9999
0.476062,0.578275,-0.553859,0.9999
-0.789785,-0.228508,-0.0131353,0.9999
-0.176133,0.798531,-0.268431,0.9999
-0.304146,-0.645445,-0.480543,0.9999
0.632348,-0.0694681,-0.591395,0.9999
0.503498,-0.711029,0.0847466,0.9999
0.590529,0.247339,-0.545484,0.999901
-0.609976,0.324145,-0.236199,0.9999
-0.142634,-0.0521607,0.273121,0.9999
-0.0822413,-0.99618,0.0198618,0.9999
0.920664,-0.0830274,-0.0604473,0.9999
0.903634,0.323954,0.0824008,0.9999
0.528913,-0.126152,0.156799,0.9999
-0.248479,-0.349807,-0.83329,0.9999
-0.348763,-0.254345,0.606289,0.9999
-0.559144,0.765624,-0.237368,0.9999
0.0513397,0.333273,-0.793422,0.9999
-0.181558,-0.166117,0.836935,0.9999
0.256015,-0.0877716,-0.163915,0.9999
-0.243877,0.490598,0.409673,0.9999
0.58845,-0.494563,-0.247215,0.9999
0.438272,0.383313,0.279205,0.9999
-0.353654,-0.0942275,-0.365815,0.999899
0.279092,-0.332998,0.741404,0.999901
0.831388,0.0601102,0.206782,0.9999
-0.300105,-0.0171163,-0.191367,0.9999
-0.178759,-0.486317,0.620321,0.9999
0.057885,-0.833137,0.131584,0.999901
-0.24406,0.198868,0.496975,0.9999
-0.456537,-0.0491516,-0.142283,0.9999
0.3249,-0.119127,-0.464503,0.9999
0.580096,0.448634,0.364498,0.9999
-0.370575,0.282023,-0.666122,0.9999
-0.157534,0.3279,0.376338,0.999901
-0.128494,0.856436,-0.439105,0.9999
-0.0986479,-0.513862,-0.557165,0.999901
-0.865746,-0.459032,0.0177725,0.9999
0.337102,0.376086,0.477462,0.999901
0.148784,0.554913,0.583569,0.9999
0.718356,0.515424,0.267357,0.9999
0.0579434,0.360871,0.150363,0.9999
0.521616,-0.0081371,0.625289,0.9999
0.487488,0.48094,-0.254898,0.9999
0.413778,0.712268,-0.0307071,0.9999
0.28283,0.30905,0.131027,0.999899
0.0521515,-0.953293,-0.149046,0.9999
0.122142,-0.16821,0.597884,0.9999
0.0997112,-0.80471,0.425139,0.9999
0.587518,0.104144,0.321773,0.9999
-0.266672,0.591737,0.59685,0.9999
-0.584448,0.620402,-0.372204,0.9999
0.65563,0.101586,0.0542652,0.9999
-0.348422,0.229104,0.894299,0.999901
0.341944,-0.18384,0.349045,0.999899
-0.076527,-0.0686937,0.956036,0.9999
-0.523974,0.140996,-0.833342,0.9999
-0.50392,0.230252,0.539393,0.9999
-0.31718,0.818252,0.0448734,0.9999
0.430746,-0.0781036,0.47064,0.9999
-0.306904,-0.236802,-0.812099,0.9999
-0.254913,0.587941,0.0492409,0.9999
0.399775,0.0483777,0.70148,0.999899
-0.400896,0.469738,0.485567,0.9999
0.295033,-0.513614,0.166319,0.9999
0.523084,0.363033,-0.174202,0.9999
-0.823552,0.0863805,-0.316748,0.9999
-0.475582,-0.00239458,-0.178826,0.9999
-0.530291,-0.105647,0.767335,0.9999
0.0722735,-0.620891,0.702812,0.9999
0.106095,0.484013,-0.689699,0.9999
-0.434493,-0.56827,-0.126268,0.9999
0.27567,0.919162,-0.0731138,0.9999
0.0934511,0.359696,0.0885449,0.9999
0.530175,0.602305,-0.47678,0.999901
0.233065,0.254092,0.346944,0.9999
-0.091258,0.306942,0.546178,0.999899
-0.204027,0.456991,-0.741338,0.9999
-0.174177,-0.376519,0.156652,0.9999
0.095369,0.417637,-0.846877,0.9999
0.214649,0.565772,-0.785528,0.9999
-0.286996,-0.782031,0.236177,0.999901
0.545881,-0.681492,-0.0566867,0.9999
0.0932144,-0.41333,0.64859,0.999899
0.563543,0.28541,0.0578976,0.9999
0.129854,0.649902,-0.127986,0.9999
-0.936229,-0.0901917,0.230884,0.9999
-0.0113266,0.899901,-0.381861,0.9999
-0.804536,-0.247705,-0.33415,0.9999
0.345051,-0.127521,0.230185,0.9999
-0.0278993,0.694557,-0.274731,0.999899
-0.361143,-0.574512,0.552814,0.999901
-0.53335,0.34279,0.226764,0.999901
-0.10301,0.334657,-0.328048,0.9999
-0.0285596,-0.310278,0.635671,0.9999
-0.217911,-0.341562,0.620061,0.9999
0.0955949,-0.645723,-0.0580164,0.999899
-0.385785,-0.326091,-0.0285663,0.9999
0.518726,0.325789,-0.271296,0.9999
-0.521355,0.104999,0.777581,0.999901
0.00350302,-0.337299,0.563611,0.9999
-0.239185,0.246607,-0.82787,0.9999
-0.100346,0.450117,-0.141667,0.9999
0.869338,0.0828232,0.249425,0.9999
0.150508,0.583186,0.731101,0.9999
0.544871,0.318708,0.033637,0.9999
0.167099,0.833289,-0.416391,0.9999
0.228505,-0.304729,0.854095,0.9999
0.0807067,0.698281,-0.404907,0.9999
0.166547,0.860222,0.305978,0.9999
-0.204893,-0.0253047,0.581839,0.9999
-0.388656,0.116779,-0.458636,0.9999
-0.589178,0.463041,-0.353477,0.9999
-0.241839,0.108094,-0.153813,0.999901
-0.50525,0.0756992,0.152239,0.9999
0.528738,0.352129,0.180624,0.9999
0.32576,0.228355,-0.145578,0.999899
-0.00495796,0.0924618,0.131829,0.999901
0.598123,0.290625,-0.331952,0.9999
-0.725495,-0.147436,0.544628,0.9999
-0.119683,0.334143,0.731038,0.9999
-0.496597,-0.027227,0.353633,0.9999
0.62953,-0.125797,0.0656245,0.9999
0.445132,-0.0591762,-0.542102,0.9999
0.0745129,-0.377912,-0.688006,0.9999
0.805727,0.304601,-0.0835725,0.9999
0.814437,-0.0251275,0.22791,0.9999
-0.593203,0.413667,-0.0644876,0.9999
-0.266229,-0.198523,0.735114,0.9999
-0.26511,-0.0746125,0.636407,0.999899
-0.182076,0.129881,-0.658498,0.9999
-0.546108,-0.188388,0.235706,0.999901
-0.115059,-0.577641,-0.496782,0.999899
0.244036,-0.187352,0.707927,0.9999
-0.0292951,-0.430318,-0.62578,0.999901
0.408679,0.487426,0.709807,0.999901
-0.923729,0.0166875,0.0263191,0.9999
0.00212992,-0.474656,-0.244803,0.9999
0.0921683,-0.276362,-0.87526,0.9999
-0.32009,0.336038,-0.120439,0.999901
0.376271,-0.854432,0.247406,0.9999
-0.248035,-0.27885,-0.86867,0.9999
0.393897,-0.0297497,0.893043,0.9999
0.489198,0.640809,-0.250116,0.9999
-0.158897,-0.0990831,0.366831,0.9999
-0.461304,-0.717544,-0.443659,0.9999
0.649732,-0.448314,-0.576062,0.999899
-0.694194,-0.305277,-0.135098,0.999899
-0.793769,0.00669042,-0.38797,0.9999
0.141902,0.550963,-0.398566,0.9999
0.24754,0.945758,-0.122812,0.9999
0.0956762,0.256242,-0.776241,0.9999
-0.823237,-0.212109,0.470844,0.9999
0.237289,-0.067948,0.123744,0.999899
-0.100529,0.718185,0.392589,0.9999
0.637778,-0.513309,0.554693,0.9999
-0.574642,-0.064033,0.069707,0.9999
-0.7577,-0.518632,-0.183718,0.9999
0.816552,0.136179,-0.402228,0.9999
-0.496533,0.462336,0.298939,0.9999
-0.310859,0.533522,0.520938,0.9999
0.462518,0.343786,0.205028,0.9999
0.0307794,-0.945357,-0.233436,0.9999
0.413433,-0.402006,-0.34521,0.9999
0.405715,-0.132722,0.369609,0.9999
0.055078,0.674797,0.378115,0.9999
0.18842,0.453817,-0.048714,0.9999
-0.906103,0.17206,0.231055,0.9999
-0.504774,-0.730643,-0.160268,0.999901
0.0711242,-0.341492,-0.907528,0.9999
0.573407,0.711895,0.287961,0.999899
-0.0194525,0.450686,-0.681313,0.9999
-0.0693601,0.37151,-0.278829,0.9999
-0.295589,0.223174,0.220629,0.9999
-0.617007,0.268349,0.665953,0.999901
-0.335281,-0.0264078,0.842985,0.999901
-0.134588,-0.667619,0.0596604,0.9999
0.724223,0.525053,-0.0258167,0.999899
0.302598,-0.378928,0.857915,0.9999
0.725309,-0.228923,0.522863,0.9999
-0.0706501,-0.264854,0.727201,0.9999
0.228849,0.0242786,0.937635,0.9999
-0.78507,0.370167,0.323506,0.9999
-0.65956,0.0018249,-0.169182,0.999901
0.270909,-0.675782,0.443008,0.999901
-0.157503,-0.232703,-0.845832,0.9999
-0.430856,-0.178995,-0.80625,0.999901
-0.306778,-0.285337,0.582428,0.9999
-0.322459,0.58951,-0.38028,0.999901
0.360567,-0.310399,-0.131296,0.9999
-0.437114,-0.482757,0.0115539,0.999899
-0.218381,0.888199,-0.189886,0.9999
0.394533,-0.0622148,-0.573164,0.9999
0.283554,0.0435691,-0.314888,0.9999
0.946679,0.190326,-0.0741199,0.9999
-0.0463389,0.545776,0.771696,0.9999
0.0249169,0.122893,-0.565896,0.999901
0.397741,0.337076,0.738744,0.9999
0.276792,0.316666,0.392846,0.9999
0.312103,-0.814862,0.0694084,0.9999
-0.242832,0.37779,0.710696,0.999899
-0.340127,0.212491,0.178517,0.9999
-0.288158,0.544489,0.477289,0.9999
-0.301,0.357104,-0.516467,0.999901
0.583322,-0.140542,0.01875,0.9999
0.909682,0.130618,0.265948,0.9999
0.735066,-0.390253,-0.0928767,0.9999
-0.0343464,0.180482,-0.806825,0.999901
-0.12953,0.6578,0.663595,0.999899
0.225195,-0.223076,0.283632,0.9999
0.38541,-0.889992,-0.144712,0.999901
0.512716,0.147742,0.256345,0.9999
0.916381,-0.0603303,-0.114685,0.9999
-0.231743,0.720533,0.611281,0.999899
-0.351794,-0.14557,-0.283917,0.9999
-0.185681,0.690388,0.386599,0.9999
0.193164,0.409171,-0.84798,0.9999
-0.0516461,0.913433,-0.0507522,0.9999
0.13671,-0.518021,-0.550527,0.9999
-0.495646,-0.643184,0.235158,0.999899
-0.125942,0.446578,-0.760377,0.9999
-0.571675,-0.622727,-0.30009,0.9999
0.237729,0.284636,0.0165209,0.9999
-0.485731,-0.664675,-0.559278,0.9999
-0.308548,0.406265,-0.295041,0.999901
-0.254711,-0.477844,-0.596817,0.9999
0.754746,-0.386787,0.441804,0.9999
-0.353035,0.827789,0.145595,0.9999
0.71999,0.311417,-0.511699,0.9999
0.782455,-0.0565634,-0.59285,0.999901
0.499608,0.103993,0.100907,0.9999
0.68099,-0.614147,-0.167676,0.9999
-0.0592554,-0.505599,-0.722226,0.9999
-0.337953,-0.5141,-0.673014,0.9999
0.28372,-0.0408096,-0.294314,0.9999
0.236857,-0.131386,-0.737224,0.999901
-0.185551,0.0820142,-0.203062,0.9999
0.13122,-0.244917,0.387295,0.9999
0.44495,-0.101394,0.293185,0.9999
-0.142406,-0.613182,0.441481,0.9999
-0.169353,0.0276545,-0.72364,0.9999
-0.0700673,-0.0118308,0.484953,0.999901
-0.0916868,0.531397,0.0486586,0.9999
0.286885,0.20079,0.03209,0.9999
-0.0304002,-0.132934,-0.472464,0.9999
0.857819,-0.057517,0.467123,0.9999
0.307584,-0.143013,-0.617762,0.9999
0.378091,-0.159417,0.518142,0.9999
0.241058,-0.222341,-0.401496,0.9999
-0.792733,-0.199363,-0.371713,0.9999
0.153967,-0.804805,0.00242183,0.9999
0.122103,0.524669,0.102878,0.999899
0.533884,-0.548347,0.487352,0.9999
-0.509301,-0.25841,-0.0491615,0.999899
-0.379108,0.587722,-0.691735,0.9999
0.716965,0.573347,-0.135435,0.9999
-0.486286,0.00572123,0.109194,0.9999
0.177431,0.622958,-0.717923,0.9999
0.533188,-0.448591,-0.685406,0.9999
-0.107524,0.737169,-0.242726,0.9999
0.895448,-0.42358,0.114338,0.999901
-0.295883,-0.143815,-0.0784176,0.9999
0.499657,0.612546,-0.327782,0.9999
-0.0520775,-0.851584,0.481959,0.9999
-0.52512,0.0959899,0.230138,0.9999
0.0892174,0.247705,0.308294,0.9999
-0.813768,0.271495,0.416762,0.9999
-0.497746,0.279289,-0.424863,0.9999
0.369289,0.243926,0.207704,0.999901
0.749106,0.41618,-0.343196,0.999901
0.373388,-0.429934,-0.624539,0.9999
-0.59378,0.164718,0.392622,0.999899
0.245291,0.343937,-0.841939,0.9999
0.179594,0.100748,0.163636,0.999901
0.680363,0.17545,-0.626999,0.9999
0.000226272,-0.109515,-0.804772,0.9999
-0.792952,-0.425815,-0.226295,0.9999
-0.197047,-0.490085,-0.571787,0.9999
0.438959,-0.257408,0.385153,0.999901
0.635865,0.578771,0.237133,0.9999
0.216106,-0.165075,0.283924,0.9999
0.894453,-0.392965,-0.186155,0.9999
-0.222215,-0.442814,0.0118522,0.9999
-0.0903904,-0.231758,0.238877,0.9999
0.228286,0.238595,-0.532607,0.9999
0.465228,0.467186,0.151016,0.9999
0.415636,-0.402219,0.713177,0.999901
-0.00855148,-0.013629,-0.403809,0.9999
0.454076,0.436221,0.150208,0.999901
-0.0675712,0.271072,0.499592,0.9999
0.785038,-0.0169215,0.151397,0.9999
0.474734,0.660151,0.36395,0.9999
-0.676724,0.0492334,0.0500703,0.9999
-0.648461,-0.244574,0.029831,0.9999
-0.0935604,-0.597155,-0.427554,0.9999
0.441224,0.18882,-0.244951,0.999901
-0.0380915,-0.62856,-0.419872,0.999901
-0.0129077,-0.298287,-0.467376,0.9999
-0.410506,-0.170488,-0.322175,0.9999
-0.162728,-0.740546,0.343001,0.9999
0.562594,0.0609277,-0.202809,0.999899
-0.547923,-0.118717,-0.729419,0.9999
-0.557888,0.390714,-0.438479,0.999899
0.558519,-0.75194,0.144435,0.9999
-0.337354,-0.613357,0.411711,0.9999
-0.243352,-0.530584,0.0612654,0.9999
-0.283859,-0.571041,0.482694,0.9999
0.65813,0.068317,-0.484385,0.999901
-0.118974,-0.346198,0.0451556,0.999901
0.254099,-0.150204,-0.661611,0.9999
0.0933648,0.725042,-0.412625,0.9999
0.44237,-0.575392,0.211543,0.999901
0.191119,-0.461096,-0.131711,0.9999
-0.180473,-0.169833,-0.934952,0.999899
0.465339,0.162514,-0.685287,0.9999
-0.236509,0.0548667,-0.250169,0.9999
-0.28911,0.0113353,-0.152645,0.9999
-0.28721,0.667213,0.0104491,0.999901
0.164486,0.751336,-0.180008,0.9999
0.452391,-0.101396,-0.728573,0.999899
-0.361218,-0.629588,0.611454,0.9999
-0.328004,-0.42535,-0.498049,0.999899
-0.203221,0.676274,0.123136,0.999899
-0.369281,-0.476297,0.383861,0.9999
0.23895,-0.121629,-0.403399,0.9999
0.259068,-0.277062,-0.700916,0.9999
-0.605396,0.546855,0.0559488,0.9999
-0.13186,0.255302,-0.396731,0.999899
-0.285955,-0.220924,0.742706,0.9999
0.5056,0.145708,-0.459285,0.9999
-0.388819,-0.152189,-0.501706,0.999901
0.296345,0.868485,-0.370517,0.9999
0.0497731,0.0568181,0.604209,0.9999
0.37706,0.806215,0.0426137,0.9999
-0.183757,0.33767,0.524785,0.9999
-0.269808,-0.233118,0.486421,0.9999
0.0896273,-0.309321,0.640494,0.9999
-0.25115,-0.0823719,0.452042,0.9999
-0.864655,-0.11492,-0.4334,0.9999
0.107335,-0.219875,-0.172548,0.9999
-0.514429,-0.0505118,-0.28986,0.9999
-0.145706,0.579349,0.745685,0.999901
-0.0679659,0.120354,0.974878,0.9999
-0.272746,0.374199,0.0521543,0.9999
-0.357139,-0.716562,0.0480994,0.9999
-0.811203,-0.236547,0.079219,0.9999
0.329728,0.101797,0.141582,0.9999
-0.323077,-0.0310682,0.562293,0.9999
-0.142124,0.596512,0.719072,0.9999
-0.428888,0.680495,0.487549,0.9999
0.431671,0.0628948,0.755758,0.9999
-0.638739,0.153211,0.350103,0.9999
-0.515686,0.0599107,-0.786807,0.999899
0.858285,0.00756597,-0.420567,0.9999
0.103046,-0.779032,-0.153415,0.999901
0.461544,0.025163,0.560298,0.9999
0.777861,-0.163633,0.285922,0.9999
0.000650393,0.279996,0.507355,0.9999
-0.850054,-0.360091,-0.136869,0.9999
-0.148245,0.00170011,0.240918,0.9999
0.423071,0.764112,0.165869,0.999901
0.132919,0.621816,-0.0151225,0.9999
0.39898,-0.621275,0.201684,0.9999
-0.487525,-0.00390239,0.715773,0.999899
0.0561959,-0.215441,0.747937,0.9999
0.641515,0.248176,-0.332754,0.9999
0.553546,0.127406,-0.734752,0.9999
-0.534056,-0.689624,-0.0236007,0.9999
0.0184684,-0.643847,-0.0175734,0.999899
-0.427038,0.218267,-0.33541,0.9999
-0.134713,-0.118318,-0.514353,0.999901
0.175966,0.287385,-0.458479,0.9999
-0.710535,-0.0976899,0.58742,0.9999
0.33151,0.356326,-0.27652,0.9999
0.502644,-0.433904,0.652407,0.9999
0.066068,-0.0228975,-0.786672,0.999901
0.276027,-0.249228,0.775881,0.9999
-0.689779,0.510645,0.247933,0.9999
0.526436,-0.320209,-0.554693,0.999901
0.327606,-0.652368,0.321276,0.9999
-0.0899453,0.699637,0.445218,0.9999
0.309392,-0.779638,-0.260775,0.999901
-0.14503,0.254767,-0.0868116,0.9999
0.0448528,0.466258,-0.0278567,0.999901
-0.32258,0.857186,0.230981,0.9999
0.118573,0.547163,0.30398,0.9999
-0.451358,-0.115078,0.093654,0.999901
-0.659237,-0.207847,0.244536,0.999899
0.703133,-0.358674,0.484263,0.9999
-0.704255,-0.0853739,-0.118115,0.999899
0.0193604,0.815554,-0.234541,0.9999
0.249961,-0.670452,0.659851,0.999899
-0.0298858,0.789132,0.246294,0.999899
0.371135,0.377669,-0.469254,0.999901
0.263527,-0.241075,-0.19636,0.9999
0.97073,-0.183677,0.13774,0.999901
0.77214,0.0290048,-0.332393,0.999901
-0.485331,-0.26431,0.191647,0.9999
0.322718,-0.626118,-0.589193,0.9999
0.487019,-0.407998,-0.488948,0.9999
-0.516409,-0.662656,-0.301553,0.9999
0.0122861,0.770238,0.625873,0.999901
0.0477021,0.411374,-0.892963,0.9999
-0.0640055,0.192153,-0.589707,0.9999
0.674362,-0.140723,0.284822,0.999899
0.0446633,0.11666,0.6655,0.9999
0.482952,-0.0786585,0.670256,0.9999
0.330638,-0.335885,-0.0922303,0.9999
-0.319926,-0.0646722,-0.114292,0.9999
0.0820221,0.407229,0.514835,0.9999
0.450206,-0.132322,0.503436,0.9999
0.0835471,-0.311043,0.0875034,0.9999
-0.354486,-0.191233,-0.124452,0.9999
0.0595932,0.232384,0.267397,0.9999
0.562906,0.587926,-0.188953,0.999901
-0.581203,-0.256446,0.324281,0.9999
-0.368498,0.491266,0.536564,0.9999
0.108966,0.336452,0.253007,0.9999
-0.292517,0.209771,-0.290119,0.9999
-0.549118,0.118132,0.140418,0.9999
-0.605885,0.445652,-0.514117,0.9999
0.773593,0.145789,0.250089,0.9999
0.543425,0.469415,0.162294,0.999899
-0.62691,0.264902,-0.711244,0.9999
0.250839,-0.0888233,0.169403,0.9999
0.241066,-0.832711,0.246813,0.9999
0.0517881,-0.724052,0.445444,0.999899
0.0415772,-0.511459,0.369031,0.9999
0.72216,-0.357979,0.294766,0.999901
-0.718186,0.420792,0.311917,0.999901
-0.691759,0.158064,-0.0280727,0.999899
-0.639152,0.32645,0.552055,0.9999
-0.673859,-0.27629,-0.436778,0.999899
-0.2121,-0.428582,-0.794135,0.999899
-0.557039,0.0184198,0.284576,0.9999
-0.390521,0.0424175,-0.0897008,0.9999
-0.3222,0.0704996,0.567225,0.9999
0.316967,-0.106556,0.84824,0.9999
0.113661,0.391549,0.16997,0.9999
-0.0830798,0.769763,0.0345792,0.9999
0.672009,0.212024,0.486223,0.999899
0.604066,0.130299,0.472571,0.9999
-0.857536,0.0983685,0.220577,0.9999
0.370194,0.735433,0.284479,0.9999
-0.0212219,0.254581,-0.481484,0.9999
-0.630879,0.709759,0.192008,0.9999
-0.347043,-0.0474976,0.922665,0.9999
0.631847,0.470467,-0.448379,0.9999
-0.697944,-0.325877,0.445164,0.9999
0.509293,-0.105497,0.250487,0.9999
0.303763,0.0897382,0.717338,0.999899
-0.419213,0.454605,-0.0368747,0.9999
-0.684171,0.560819,-0.456848,0.9999
0.818191,0.49326,0.0662449,0.9999
0.0788735,0.463891,-0.238626,0.9999
0.267449,0.568874,-0.758478,0.9999
0.633962,0.418426,-0.285958,0.9999
-0.327269,-0.164608,0.913376,0.9999
0.283146,-0.464184,0.249097,0.9999
0.584936,-0.210264,0.359119,0.9999
0.159925,-0.049293,0.899715,0.9999
-0.72333,0.570582,0.07368,0.9999
-0.456977,0.647966,-0.412532,0.9999
0.505081,0.616201,-0.129872,0.999901
-0.244536,0.516205,-0.474816,0.9999
0.308908,0.196711,-0.392722,0.999901
-0.239361,-0.318936,0.0876916,0.9999
0.732324,-0.0481304,0.442034,0.9999
0.0653247,-0.500583,0.364226,0.999899
0.139825,-0.717481,0.581705,0.9999
-0.54209,0.217079,-0.618694,0.9999
-0.572019,-0.0127821,-0.777403,0.999901
0.683751,-0.30278,-0.363439,0.9999
0.443662,0.279128,0.00125111,0.9999
0.0448899,0.113097,0.256033,0.9999
0.524033,-0.000951712,-0.849858,0.999901
0.711561,-0.137996,0.240949,0.9999
0.165709,0.0112939,-0.112883,0.9999
-0.304471,-0.467334,-0.807647,0.9999
-0.231998,0.870826,-0.0141688,0.9999
0.299547,-0.399549,0.555746,0.9999
-0.525158,-0.0768033,0.28266,0.9999
0.0795805,-0.572649,-0.714474,0.999899
0.639948,-0.50828,-0.287108,0.999899
0.510213,-0.587715,-0.60134,0.9999
-0.53418,-0.102778,-0.231575,0.9999
0.411642,-0.0598198,-0.429038,0.9999
0.344454,0.238711,0.618581,0.999899
-0.508223,0.422656,0.163527,0.9999
0.431923,-0.344193,0.540335,0.999899
-0.293327,-0.324813,-0.797823,0.999899
0.544668,0.0861831,-0.462703,0.9999
-0.482724,-0.0797138,-0.705694,0.999901
0.123077,0.971129,-0.166749,0.999899
0.793799,-0.0304391,0.243651,0.999899
0.76255,0.0792351,0.319087,0.9999
0.380516,0.581023,-0.231415,0.999899
0.242856,0.1759,-0.521624,0.9999
-0.406637,0.814463,0.203393,0.9999
-0.0211864,0.808643,0.529193,0.9999
0.604338,-0.00122688,0.643893,0.999901
-0.107284,-0.642816,0.486644,0.9999
-0.0770555,-0.672048,0.0364324,0.999901
-0.590043,-0.27957,0.307891,0.9999
-0.567697,-0.20319,0.765789,0.9999
-0.0148521,0.742298,-0.00830503,0.9999
0.453781,-0.272178,-0.701007,0.9999
0.377341,0.684662,0.109814,0.9999
-0.241111,0.5786,-0.273487,0.9999
0.425153,-0.628596,0.635068,0.999901
0.370031,0.0413847,0.105077,0.9999
-0.0364161,-0.286015,-0.859269,0.9999
-0.225855,-0.423672,0.633937,0.9999
-0.374136,-0.285826,0.0196684,0.9999
-0.65453,0.288704,0.636023,0.999901
0.133746,-0.347891,0.721263,0.9999
0.114517,-0.489904,0.348983,0.999899
-0.650348,-0.0981752,0.751598,0.9999
-0.113833,-0.324492,0.289284,0.9999
0.670973,-0.56895,0.39566,0.9999
-0.5508,-0.243235,-0.00286208,0.999899
-0.130998,-0.458832,-0.602573,0.9999
-0.740172,-0.0826606,0.396903,0.9999
0.482958,0.709325,0.109649,0.9999
-0.187692,-0.42781,-0.662593,0.9999
0.133312,-0.676953,-0.370201,0.9999
-0.286491,-0.430569,-0.211727,0.9999
0.8251,-0.277864,0.0693762,0.9999
-0.124257,-0.229918,-0.307686,0.9999
-0.108828,-0.319932,0.242165,0.9999
0.17622,0.0438744,-0.739673,0.999899
0.501663,-0.147747,-0.210146,0.9999
0.521578,-0.739413,0.0778484,0.9999
0.412599,-0.354923,0.244993,0.9999
-0.2744,0.305198,0.421887,0.9999
0.464465,-0.600083,-0.212179,0.9999
-0.396214,-0.321547,-0.161898,0.999899
-0.549059,0.557051,0.416689,0.999899
-0.85658,0.20199,-0.172689,0.9999
-0.340079,-0.350563,0.00653347,0.9999
0.702206,0.583549,-0.166495,0.9999
0.311927,-0.805034,0.259744,0.9999
-0.591509,-0.661681,-0.079236,0.999901
-0.328693,-0.180882,-0.197428,0.9999
-0.27312,-0.465847,0.57506,0.9999
-0.571387,0.379379,-0.232417,0.9999
0.31278,0.333044,0.439618,0.9999
-0.330596,-0.468847,0.195326,0.9999
0.4319,0.271779,-0.109683,0.9999
0.287512,0.358774,0.623959,0.999901
0.517723,-0.190106,-0.325782,0.999899
-0.402899,0.448105,0.330929,0.9999
0.430661,0.192136,-0.182938,0.9999
0.475718,0.747682,-0.0725132,0.9999
-0.701199,0.300907,0.308192,0.9999
0.576771,0.496461,-0.0518068,0.9999
-0.053615,0.172564,0.856493,0.9999
0.631417,0.164462,0.0402515,0.9999
-0.295027,-0.777954,0.287542,0.9999
-0.725306,0.220226,0.343315,0.9999
-0.249776,0.53429,-0.319505,0.9999
-0.206105,0.522276,-0.139721,0.9999
-0.683602,-0.197962,-0.108867,0.9999
-0.514657,-0.578625,0.421361,0.9999
-0.047902,0.429386,-0.581237,0.9999
0.000761362,-0.559766,0.316688,0.999901
0.844949,-0.170354,-0.388186,0.999901
-0.725254,-0.37811,0.14572,0.9999
0.764906,-0.604923,-0.118121,0.9999
0.518199,0.753438,0.19822,0.9999
-0.259016,0.851143,-0.275343,0.9999
0.0419032,0.334341,0.780076,0.999901
-0.23872,0.391456,0.559653,0.9999
-0.60887,0.459353,-0.23968,0.9999
0.769864,-0.0854458,0.291691,0.999901
0.7728,-0.615398,-0.116585,0.9999
0.261263,-0.0149345,-0.545828,0.9999
-0.0378073,0.632318,-4.02288e-05,0.9999
-0.0499444,-0.054696,0.7038,0.9999
-0.621287,0.107312,0.761656,0.9999
-0.715648,-0.218529,0.55961,0.9999
-0.253255,-0.657315,-0.665354,0.9999
-0.864713,0.0203011,-0.166615,0.9999
-0.142598,-0.573004,-0.163319,0.9999
-0.24102,-0.199322,0.683468,0.999901
0.760165,0.581743,0.212302,0.9999
-0.215967,-0.648566,-0.062838,0.9999
0.300915,0.316521,-0.532042,0.9999
-0.246854,0.39019,0.230402,0.9999
-0.383337,-0.251059,-0.040653,0.999901
0.081321,-0.928813,-0.215536,0.999901
-0.3309,-0.254658,-0.60435,0.999901
0.0367194,-0.146657,-0.519791,0.9999
0.725646,-0.29499,-0.179446,0.9999
-0.591635,-0.721949,0.319802,0.9999
-0.213556,-0.292782,-0.172465,0.999899
0.176097,0.663731,0.460896,0.9999
0.0772066,-0.587419,-0.332189,0.9999
0.0345036,-0.807635,0.523963,0.9999
-0.795354,-0.191773,0.418983,0.999901
-0.316226,-0.540427,-0.117136,0.9999
0.444025,-0.0698421,0.689117,0.9999
-0.202262,0.517429,0.529493,0.9999
0.315026,0.283401,0.484872,0.999899
0.857297,0.315747,-0.0299374,0.9999
0.322495,0.0793545,-0.357942,0.9999
-0.0599422,-0.0064225,-0.632722,0.9999
-0.0346963,-0.00552389,-0.499019,0.9999
0.0133975,-0.357037,-0.450889,0.9999
-0.254694,0.705866,-0.574259,0.9999
0.289919,0.315272,-0.169249,0.9999
-0.269201,0.528301,-0.409889,0.9999
0.0806878,-0.238121,-0.191039,0.9999
0.806384,0.38852,-0.121614,0.9999
-0.52834,-0.305071,0.664645,0.9999
-0.852067,-0.406331,0.311863,0.9999
0.461438,0.140141,-0.393739,0.999901
-0.0490761,-0.547407,0.60272,0.9999
-0.161946,0.55298,0.0173095,0.9999
-0.72964,-0.0121887,0.617353,0.9999
-0.265463,-0.732533,-0.310316,0.9999
0.3177,-0.353163,-0.448412,0.9999
-0.271161,-0.0268693,-0.268639,0.9999
0.392133,0.806303,0.276845,0.9999
0.17651,0.0324692,-0.494335,0.9999
-0.621089,-0.284659,0.461087,0.9999
-0.288101,-0.19777,0.334289,0.9999
-0.28572,0.149233,-0.877608,0.999901
0.896561,0.320703,-0.28235,0.9999
0.412521,-0.243936,-0.422948,0.9999
-0.41989,0.696796,-0.535403,0.9999
-0.362835,-0.653504,0.616844,0.9999
-0.836648,-0.0644053,0.428256,0.9999
0.00630519,0.401265,0.377532,0.9999
-0.768015,0.152529,0.465237,0.999899
0.517267,0.295591,-0.206279,0.999901
-0.111806,0.113498,0.554701,0.9999
0.558218,-0.109746,-0.170116,0.999899
-0.846999,0.03158,-0.290531,0.9999
-0.172894,0.0315887,0.862788,0.9999
0.451691,-0.135835,0.647316,0.9999
-0.268624,0.151327,0.577239,0.9999
0.372415,0.232111,0.0270429,0.9999
-0.396757,-0.0164876,-0.823494,0.999899
-0.535659,0.477002,0.386691,0.9999
0.524421,-0.811768,0.0362286,0.999899
0.0097419,-0.306496,-0.0508108,0.999901
0.330791,0.481103,0.54373,0.9999
-0.194004,0.175295,0.404801,0.999899
-0.0450852,-0.159747,-0.813371,0.9999
-0.459032,-0.0472331,0.157402,0.9999
0.909047,-0.31241,-0.175618,0.9999
-0.395587,-0.190278,0.548605,0.999899
-0.498432,-0.724194,-0.0349568,0.9999
-0.771296,0.23946,0.555395,0.999902
-0.395848,0.520256,-0.392968,0.9999
-0.114473,-0.349398,0.54695,0.999899
0.740681,0.150668,-0.336519,0.9999
-0.040531,-0.68366,-0.0824843,0.999901
-0.372394,0.47334,-0.52099,0.9999
0.373165,0.414675,-0.440983,0.999901
0.0486434,0.709846,0.199973,0.9999
-0.640503,0.192447,-0.126963,0.9999
0.155338,-0.145519,-0.376508,0.9999
0.281712,0.292606,-0.599043,0.9999
0.126368,-0.800336,0.444447,0.999901
0.759234,-0.173494,0.442024,0.9999
0.042234,0.40417,0.603276,0.999901
0.44135,0.0682692,-0.851954,0.9999
0.588232,-0.630966,0.0491264,0.9999
0.162625,0.0278876,-0.186982,0.9999
-0.177286,0.712734,-0.312214,0.9999
0.761686,0.21441,-0.428853,0.9999
-0.704828,0.13159,-0.488815,0.9999
-0.639361,-0.122623,0.730541,0.9999
0.238497,0.643703,-0.25957,0.9999
0.155038,-0.250483,-0.0434422,0.9999
-0.0841712,0.541816,0.434022,0.9999
-0.353113,0.700127,0.471484,0.9999
-0.0337246,0.70025,-0.685297,0.9999
0.170457,-0.371838,0.221971,0.9999
-0.85711,-0.039087,-0.434585,0.999899
-0.699285,0.0935817,-0.395334,0.999901
0.048716,0.592537,0.0385578,0.9999
0.074054,-0.11305,0.559692,0.9999
-0.579508,0.00298914,0.324267,0.9999
-0.418253,0.851381,-0.1847,0.9999
-0.579511,0.475231,0.486531,0.9999
-0.855847,-0.169254,-0.332086,0.9999
-0.856815,-0.117417,0.0542944,0.999901
0.368271,0.133403,0.179834,0.9999
0.532219,0.604429,0.0925718,0.9999
-0.463309,0.487265,-0.054169,0.9999
-0.745635,0.195191,-0.287558,0.9999
-0.115093,0.582971,0.00352534,0.9999
0.2973,0.240967,0.465518,0.9999
0.300614,0.0579168,-0.143077,0.999901
-0.325924,0.587035,-0.639835,0.999901
-0.688222,0.00289048,0.685649,0.9999
0.468787,-0.246279,-0.604736,0.9999
0.469864,-0.533254,0.485431,0.9999
-0.391726,-0.312224,-0.504168,0.9999
0.128377,-0.406077,-0.102283,0.999899
-0.68394,-0.0372366,0.485922,0.999899
-0.37353,0.127098,-0.000261892,0.9999
0.83823,-0.174388,0.400296,0.9999
-0.532087,-0.375428,0.710706,0.9999
0.231651,0.874085,0.372385,0.9999
0.641496,0.0778772,-0.0692509,0.9999
-0.307851,-0.816271,-0.30686,0.9999
0.498129,-0.145215,-0.123881,0.9999
-0.251923,-0.835836,-0.210363,0.9999
0.0563812,0.603096,-0.188215,0.9999
-0.0974527,-0.612709,-0.25225,0.999901
-0.0926746,0.473377,0.134412,0.9999
0.474214,0.0826757,-0.717119,0.9999
0.677918,-0.456863,0.357411,0.9999
-0.22418,0.31785,0.728001,0.9999
0.327808,0.375711,0.237167,0.9999
-0.404138,0.559458,0.705652,0.999899
-0.785514,-0.162088,0.0498205,0.9999
0.777315,0.308718,0.232433,0.9999
0.351876,-0.340453,-0.0411892,0.9999
0.236239,0.344279,0.614589,0.9999
0.440799,0.609913,0.477908,0.999899
0.239994,0.117158,0.135933,0.9999
0.889124,0.253715,0.054437,0.9999
0.359654,0.148568,-0.391411,0.9999
0.337068,-0.513115,-0.018885,0.9999
0.145299,-0.830469,0.431682,0.9999
-0.0940361,-0.402832,0.565047,0.9999
-0.112468,0.220885,0.00165536,0.9999
0.719873,-0.0185463,0.689277,0.999899
-0.405975,-0.136607,0.842371,0.999899
0.511787,-0.464252,0.132586,0.9999
0.4007,0.808587,0.178559,0.999901
-0.40369,-0.642773,-0.126797,0.9999
-0.0950323,0.305601,0.633785,0.9999
0.141447,0.243213,0.904711,0.999901
0.413083,-0.111461,0.712826,0.9999
0.700847,-0.246133,0.562108,0.9999
0.634509,-0.259878,0.162823,0.9999
0.708049,0.0299066,0.669435,0.9999
0.539315,0.465149,-0.0587669,0.9999
-0.166839,0.100523,-0.128407,0.9999
0.11823,0.105831,0.456345,0.999901
-0.175148,0.0691078,0.399181,0.9999
0.0485737,0.808706,-0.114382,0.999901
0.280872,0.206848,-0.285267,0.9999
-0.777655,0.208746,-0.351448,0.999899
-0.51166,0.292778,-0.0191581,0.9999
0.0541282,0.89073,0.16298,0.9999
0.204626,-0.687536,-0.0488038,0.9999
0.5033,0.343769,-0.421644,0.9999
0.623911,0.15505,-0.412049,0.9999
-0.521584,-0.476944,0.00192313,0.9999
0.317815,0.636371,0.188135,0.9999
-0.310596,0.397673,-0.687733,0.999899
-0.177116,-0.759453,-0.00872047,0.999901
0.375103,0.890399,-0.162506,0.9999
-0.477206,0.280398,0.803841,0.9999
0.588225,-0.391855,-0.501073,0.9999
-0.632049,-0.00290404,-0.216167,0.999901
0.0736103,-0.612233,-0.14367,0.9999
-0.320139,0.415982,0.152002,0.9999
-0.223014,0.795279,0.440412,0.9999
0.0369565,0.356927,-0.372828,0.9999
-0.430486,0.782812,0.378079,0.999901
0.614092,-0.136655,0.360789,0.9999
-0.49039,-0.0334668,-0.460783,0.9999
0.377628,-0.422839,0.478851,0.9999
0.611594,-0.368413,-0.239266,0.9999
-0.72951,-0.238987,-0.049147,0.9999
0.467342,0.275847,-0.555942,0.9999
-0.0552232,-0.342691,-0.69451,0.9999
-0.548088,0.801492,-0.0941213,0.9999
0.599838,0.216158,-0.301196,0.9999
0.206511,0.074799,0.518919,0.9999
0.102045,-0.818108,0.192793,0.9999
0.713804,0.526754,0.369003,0.9999
0.394364,0.80626,0.0806331,0.9999
-0.728693,-0.0119983,-0.480831,0.9999
0.689388,0.0114984,-0.555477,0.9999
-0.626957,-0.580775,0.0968872,0.9999
0.389854,-0.720735,-0.104605,0.9999
0.180989,0.392531,-0.808679,0.9999
-0.705919,0.246907,-0.375157,0.9999
-0.878153,-0.362183,0.308799,0.9999
0.758398,0.1469,0.401073,0.9999
-0.725793,-0.178871,-0.351422,0.999899
0.267912,-0.0461562,0.721299,0.9999
0.84269,0.401106,0.101376,0.9999
-0.269141,0.732053,0.113863,0.9999
-0.342177,0.661867,0.0865508,0.999901
0.208784,0.336915,0.738608,0.9999
0.574986,-0.0687161,-0.466547,0.999901
0.316502,0.125522,0.546139,0.9999
-0.202946,0.406084,-0.270352,0.9999
-0.0844759,0.608361,-0.0835664,0.9999
-0.104412,-0.678761,-0.174793,0.9999
0.42493,-0.441336,-0.337939,0.9999
0.0428431,-0.534148,0.555415,0.9999
0.662022,-0.635602,-0.279384,0.9999
-0.0995939,-0.274114,-0.763999,0.9999
-0.145197,0.882325,-0.125834,0.9999
0.369663,0.26527,-0.775823,0.9999
-0.320073,-0.49346,0.389578,0.9999
0.315341,0.584354,-0.00239881,0.9999
-0.50284,0.172658,-0.243879,0.9999
-0.514455,0.476324,0.639202,0.9999
0.842776,0.105329,-0.519303,0.999901
-0.107602,0.913045,0.0172151,0.9999
0.188266,0.589481,-0.212707,0.9999
-0.328324,-0.306086,0.323803,0.9999
-0.570993,0.0368222,0.416844,0.9999
-0.179085,0.431055,-0.879604,0.9999
0.550244,0.763305,-0.302433,0.9999
0.510246,-0.199803,0.516089,0.9999
0.0132637,-0.41539,0.334493,0.9999
0.177806,0.36193,-0.635372,0.9999
-0.293017,-0.198163,0.694429,0.999901
-0.301334,-0.668866,0.331742,0.999899
0.240937,0.528189,0.46885,0.999899
-0.852211,-0.423409,0.0902447,0.9999
0.166314,0.00753065,0.690205,0.999899
-0.0756751,-0.168147,-0.565869,0.9999
-0.154271,-0.83482,-0.336473,0.999901
0.517813,-0.127766,0.320299,0.999899
0.590415,0.0405975,-0.677363,0.9999
-0.0515467,0.0774581,0.803429,0.9999
0.178384,0.559244,-0.517072,0.999901
0.563004,-0.373167,0.439934,0.9999
-0.563959,-0.720093,0.350163,0.9999
-0.540318,-0.668378,0.059853,0.9999
0.111095,-0.114042,-0.569443,0.9999
0.169679,-0.106651,-0.582671,0.9999
-0.245354,0.276776,0.0454874,0.9999
0.0227406,-0.130148,0.581668,0.9999
0.161131,-0.806357,-0.426483,0.9999
-0.132212,0.459471,-0.861572,0.999899
-0.144341,0.363387,-0.840834,0.9999
-0.440993,-0.686273,-0.136822,0.9999
0.0696173,-0.754633,0.209234,0.999899
-0.878445,-0.0761734,-0.10284,0.9999
-0.319693,-0.815601,0.303775,0.9999
-0.326228,0.141921,0.108048,0.999901
-0.265809,-0.0137488,-0.0502622,0.999899
-0.658013,0.403241,-0.566378,0.9999
-0.689136,0.217546,-0.131988,0.9999
0.647921,-0.214473,0.72925,0.9999
0.0518152,-0.797024,-0.338281,0.9999
0.160294,0.383435,-0.129162,0.9999
-0.189865,-0.709337,-0.10265,0.999901
-0.0261534,-0.398211,0.640918,0.999899
-0.0339146,-0.651463,-0.216161,0.9999
-0.869265,0.36194,-0.209301,0.999899
0.412038,-0.536786,0.39966,0.999899
-0.300203,-0.397794,-0.20679,0.9999
0.162435,0.19909,-0.0334235,0.999901
-0.399751,0.468703,0.69596,0.9999
-0.385237,0.193081,-0.181736,0.9999
-0.271686,0.772125,0.47826,0.9999
0.19732,0.8009,0.0819333,0.999899
0.733164,0.577328,0.340605,0.9999
0.0619873,-0.318786,0.555598,0.9999
-0.147515,0.766921,0.471959,0.9999
-0.485698,-0.615224,-0.39429,0.9999
-0.148004,-0.0119789,-0.652019,0.9999
-0.400377,-0.0939533,-0.821244,0.9999
0.128656,0.0202161,-0.230348,0.9999
0.332233,0.897663,-0.194245,0.9999
-0.151646,-0.762032,0.243692,0.9999
0.385818,0.229414,0.763093,0.9999
0.641445,-0.226185,0.0421636,0.9999
0.177825,0.202234,0.126254,0.9999
0.580659,0.0299189,0.803478,0.9999
-0.107589,0.272383,0.416863,0.9999
0.224588,-0.0394744,0.933655,0.9999
-0.122291,0.572488,-0.300951,0.9999
0.892585,-0.00785254,0.326817,0.999899
0.234694,-0.205351,0.885524,0.9999
-0.241579,-0.332729,0.117923,0.9999
0.808514,-0.462584,0.204652,0.999901
-0.394665,-0.325219,0.000513341,0.999899
-0.312847,0.511854,0.698503,0.9999
-0.882975,0.303045,-0.0681668,0.9999
0.579823,-0.203501,0.625484,0.9999
-0.472583,-0.512196,-0.499762,0.9999
0.743883,0.137347,0.364961,0.9999
-0.351713,-0.104876,0.0184954,0.9999
-0.279284,0.157414,0.537595,0.9999
0.0242183,-0.228382,0.917348,0.9999
0.260385,-0.767957,-0.20643,0.9999
-0.491439,0.302261,0.223163,0.999899
-0.492214,0.120854,-0.182989,0.999901
0.271814,0.700117,0.0938858,0.999899
-0.574296,0.492322,0.0784961,0.999901
-0.7608,-0.586678,0.110133,0.9999
-0.0356501,0.189621,-0.222048,0.9999
-0.110228,-0.206232,0.139794,0.9999
-0.387442,0.348849,-0.24865,0.9999
-0.0439477,-0.54573,-0.580086,0.9999
-0.628959,-0.754466,-0.173982,0.9999
-0.62524,-0.0312199,0.266864,0.9999
-0.530205,0.116589,-0.780648,0.999901
-0.194681,-0.317927,-0.277928,0.999899
0.528914,-0.0967278,0.789112,0.9999
-0.269974,-0.791778,0.130294,0.9999
-0.181928,-0.695821,-0.0539936,0.9999
0.162877,0.377539,0.350412,0.9999
0.747292,0.334204,0.396483,0.9999
-0.0138114,-0.857495,0.351712,0.9999
-0.168631,-0.340587,-0.2381,0.9999
0.0501474,-0.0839708,0.753042,0.9999
0.290468,0.569115,-0.449439,0.9999
-0.113154,-0.259656,0.000153998,0.9999
0.359653,-0.503775,0.72181,0.9999
0.335609,0.3343,-0.64332,0.999901
0.0329989,-0.686474,0.328223,0.999899
0.191629,-0.406695,-0.163027,0.9999
-0.494328,-0.400707,-0.501074,0.999899
0.400221,-0.166931,-0.26104,0.9999
-0.770362,0.179506,0.298723,0.9999
0.0835606,-0.297777,-0.385596,0.9999
0.608283,-0.566077,0.438651,0.9999
-0.855821,-0.127143,-0.13992,0.999899
0.150695,-0.438568,0.735259,0.9999
0.157178,0.193914,0.399703,0.9999
-0.49409,0.240534,-0.255096,0.9999
-0.199458,-0.908719,-0.197307,0.9999
-0.04648,-0.685061,-0.0595275,0.9999
0.584117,-0.127284,0.425979,0.9999
-0.326387,0.159849,0.522077,0.9999
0.600372,0.176888,-0.566596,0.9999
-0.612267,0.20113,-0.720583,0.9999
0.242903,-0.753454,0.337291,0.9999
0.365065,-0.212312,0.753359,0.9999
-0.212157,-0.362016,-0.0748965,0.999901
-0.883002,0.0574618,-0.254383,0.9999
-0.741573,-0.385406,0.15321,0.9999
0.258199,-0.359151,0.625253,0.9999
-0.576099,-0.0564299,0.206176,0.9999
0.511613,-0.751757,0.212333,0.9999
-0.760246,-0.141473,-0.538406,0.9999
0.231931,-0.0856936,0.399415,0.9999
-0.316407,0.237053,0.16452,0.9999
-0.35401,0.775757,-0.157837,0.9999
0.00806124,-0.442671,0.854349,0.9999
0.345687,0.392824,0.191799,0.999901
-0.21512,0.360862,0.727926,0.9999
0.620885,0.538369,0.313904,0.9999
0.309049,-0.89276,0.0444002,0.9999
-0.6689,-0.525561,0.411091,0.9999
0.496285,-0.358158,0.355993,0.999901
-0.555368,0.35064,0.641005,0.9999
0.379841,-0.139996,-0.899235,0.9999
-0.585753,-0.424745,0.572672,0.999901
-0.00333339,0.67331,0.186421,0.9999
-0.0237932,0.134893,0.95799,0.9999
0.00614673,0.098716,-0.680652,0.9999
-0.183496,0.96776,0.0360849,0.999901
-0.678446,-0.0394758,0.679584,0.9999
0.339513,0.619608,-0.535336,0.9999
-0.739738,-0.136587,-0.585578,0.999899
-0.773887,-0.442193,-0.237293,0.9999
0.271836,0.608371,0.456172,0.9999
-0.204789,0.531694,0.735193,0.9999
-0.941555,-0.285754,-0.0337213,0.9999
0.383994,-0.489154,-0.399526,0.999901
-0.704407,0.163399,0.342724,0.999901
-0.399824,0.769501,0.393606,0.9999
0.540443,0.33595,-0.318722,0.9999
-0.193297,0.268321,0.527241,0.9999
0.0665038,0.134373,0.0268722,0.9999
-0.284507,0.400296,0.279805,0.9999
-0.73581,-0.0890067,0.0798782,0.9999
0.0916307,0.439347,0.733098,0.9999
-0.67583,-0.142732,0.127132,0.9999
0.339045,0.206753,-0.0246652,0.9999
-0.107512,0.604767,-0.0813704,0.9999
-0.511876,0.411574,-0.725467,0.9999
-0.774395,-0.00492408,-0.415207,0.999899
-0.324944,-0.227547,0.808481,0.9999
0.579193,-0.514562,-0.0424673,0.9999
0.3084,-0.464188,0.627239,0.9999
0.0373415,-0.841805,0.255128,0.9999
-0.899318,0.140143,0.200706,0.999899
0.315283,-0.394212,0.541091,0.9999
-0.559673,0.790839,0.226261,0.9999
0.0473546,-0.131638,-0.956056,0.999901
0.571375,-0.735321,-0.213778,0.9999
0.00894423,0.0413177,0.0980282,0.9999
-0.0692861,-0.295983,0.659804,0.999901
-0.964524,-0.0103522,0.254445,0.999899
-0.38612,0.239887,-0.0837497,0.999901
-0.248509,-0.313727,0.528993,0.9999
-0.682962,0.33996,0.448222,0.9999
-0.351209,-0.551593,0.575512,0.9999
-0.662356,-0.594309,0.332272,0.9999
0.459931,-0.215416,0.822349,0.9999
0.134672,-0.0431334,0.229196,0.9999
-0.101921,0.720114,0.661775,0.999899
0.503456,-0.775195,-0.231831,0.9999
-0.0934792,-0.260623,0.227156,0.9999
0.175662,0.0498759,0.453709,0.9999
-0.650063,0.150942,-0.664716,0.9999
-0.448892,-0.368253,-0.412017,0.9999
-0.143153,0.380905,-0.155795,0.9999
0.132002,0.246222,0.348104,0.999901
0.270022,-0.557889,0.0527158,0.999901
0.587866,0.421269,0.550005,0.9999
0.0254276,-0.571576,0.0845033,0.9999
0.785328,-0.0502763,0.162711,0.9999
-0.100732,-0.532093,-0.04642,0.999899
-0.197916,-0.16477,0.0413604,0.9999
0.666316,-0.36468,-0.442208,0.9999
-0.0370938,-0.728453,-0.0913909,0.9999
0.169074,-0.272263,-0.785566,0.9999
-0.742873,0.644789,0.145463,0.9999
-0.307019,0.868259,0.35508,0.9999
-0.925691,-0.258847,-0.219699,0.9999
-0.384514,0.0258,0.641102,0.9999
-0.66796,0.637608,-0.353057,0.999901
0.113587,-0.553632,-0.519369,0.9999
0.197321,0.341977,-0.185742,0.9999
-0.0208427,0.859008,-0.223993,0.999901
0.0655726,0.138365,0.672327,0.999899
-0.302851,-0.316906,0.0304919,0.9999
0.452768,-0.676347,-0.0191653,0.9999
-0.70998,-0.639786,-0.204536,0.9999
-0.577243,0.788201,-0.127672,0.9999
0.579532,-0.492328,0.131476,0.9999
-0.623927,-0.149299,-0.382939,0.9999
-0.211199,-0.818908,0.169857,0.9999
-0.037895,-0.908362,-0.318511,0.9999
-0.682076,-0.569233,-0.248279,0.9999
-0.146914,-0.570532,-0.445135,0.999899
0.677328,0.166168,-0.488521,0.9999
0.0404904,0.150322,0.0919468,0.9999
-0.0318327,0.265456,-0.417932,0.999901
0.400732,-0.323022,-0.415626,0.9999
0.609224,-0.0933311,0.267979,0.9999
0.314596,0.366332,-0.651672,0.9999
0.336109,-0.5753,-0.398772,0.9999
-0.51865,0.589997,0.0496349,0.9999
-0.333157,-0.144543,-0.888638,0.9999
-0.920178,0.127291,-0.142637,0.9999
0.22084,0.102299,0.289276,0.9999
0.322323,-0.0384224,0.551214,0.9999
-0.728122,-0.140007,-0.288296,0.9999
-0.495008,0.208242,-0.0327509,0.9999
0.680421,-0.343797,-0.560378,0.9999
-0.218329,-0.781761,0.0277862,0.9999
-0.328138,0.312058,-0.138112,0.999901
-0.563691,-0.353911,-0.0826992,0.9999
0.666448,0.052411,0.0178547,0.999899
0.661331,0.178724,0.656309,0.9999
-0.777077,-0.0857622,0.317623,0.9999
0.920944,0.0408778,-0.38237,0.9999
-0.375347,0.450619,-0.225722,0.9999
-0.690734,0.00149929,-0.055109,0.9999
0.598937,0.323524,-0.48635,0.999901
-0.248124,-0.81952,-0.361362,0.9999
-0.315279,0.661088,-0.539967,0.9999
0.6698,-0.225921,-0.614106,0.9999
-0.306579,-0.278608,-0.77353,0.9999
-0.217539,0.146519,-0.799578,0.9999
0.917094,0.291662,-0.261152,0.9999
0.359964,0.733089,0.28601,0.9999
0.321986,-0.362559,-0.146809,0.9999
0.0171786,-0.124674,-0.926035,0.9999
0.678914,0.0374115,0.576106,0.9999
0.668229,0.226375,0.350442,0.999899
0.361322,0.268908,0.200841,0.999901
0.544021,-0.637716,0.478147,0.9999
-0.140639,-0.196715,-0.213369,0.9999
0.433029,-0.647887,0.456493,0.999901
-0.119922,0.0547717,0.20036,0.9999
-0.69692,0.266427,0.152975,0.999901
-0.565409,0.0282064,0.54586,0.999901
-0.127212,0.381615,0.458357,0.9999
-0.618809,-0.561076,-0.384412,0.9999
0.121967,-0.0437077,0.410837,0.9999
0.24567,-0.0883974,-0.40928,0.9999
0.62557,0.238571,0.0452212,0.9999
-0.364371,0.494652,0.396765,0.9999
-0.587179,-0.337086,-0.316103,0.9999
-0.541195,-0.2395,0.62055,0.9999
0.521931,-0.0588666,0.163772,0.9999
-0.143792,-0.077272,0.486954,0.9999
-0.420971,0.850146,-0.0311349,0.9999
0.406961,-0.120806,0.0705194,0.9999
-0.530837,0.194786,-0.450485,0.9999
-0.187023,-0.897002,0.322856,0.999901
-0.856665,0.292311,-0.25564,0.9999
-0.0956443,-0.667816,-0.222473,0.9999
0.821998,0.19292,-0.0438042,0.999899
-0.417903,-0.241679,-0.284728,0.9999
0.341285,0.786596,0.468491,0.999899
0.341962,0.402522,0.276596,0.9999
-0.478668,-0.490675,-0.439767,0.9999
-0.402449,-0.550127,-0.0736836,0.999901
0.859024,-0.244728,-0.432574,0.9999
0.105877,-0.0785332,-0.781887,0.9999
0.347584,-0.0506966,0.73967,0.999899
0.572248,-0.209061,0.459474,0.9999
-0.829258,-0.237553,-0.0214413,0.999901
0.27184,-0.257947,-0.2983,0.9999
-0.434437,0.647259,0.254718,0.9999
0.780673,-0.00871138,0.292285,0.9999
0.507176,-0.156729,0.832377,0.9999
-0.526654,-0.612434,0.343484,0.9999
-0.105012,-0.0933476,0.480904,0.9999
-0.155647,0.579867,0.627739,0.9999
-0.186839,0.241888,-0.395654,0.9999
-0.0374488,-0.355649,-0.850629,0.999899
0.443072,0.111892,-0.662482,0.9999
-0.0429989,-0.526007,0.62047,0.9999
0.395082,-0.163269,0.414914,0.999899
0.262938,-0.516547,0.234626,0.9999
-0.217746,0.532425,0.138918,0.9999
-0.6064,-0.670664,-0.218177,0.999901
0.0151549,-0.331121,-0.310619,0.9999
0.58441,-0.461674,-0.191892,0.9999
-0.16578,-0.594827,-0.154644,0.9999
-0.851768,0.0984794,0.298531,0.9999
-0.372524,0.0363282,0.503586,0.9999
0.171746,0.486941,0.545965,0.9999
0.542592,0.017708,-0.573408,0.9999
0.0081352,-0.301981,-0.744151,0.9999
0.561155,-0.264196,0.00554606,0.9999
-0.0789009,0.472144,0.817711,0.9999
-0.590716,0.662451,-0.0389788,0.9999
0.543612,-0.0450194,0.601881,0.999901
0.468232,-0.511385,-0.174001,0.9999
0.429056,-0.456075,-0.361169,0.999899
-0.755025,0.0701832,-0.00171709,0.999899
-0.238359,-0.246688,0.116396,0.9999
0.638037,0.194913,-0.565133,0.9999
0.41637,0.434629,-0.727768,0.9999
0.246097,-0.159998,-0.65786,0.9999
0.157334,-0.694411,0.0544769,0.9999
0.599455,0.0173345,0.324233,0.9999
0.0550464,0.716974,-0.587982,0.9999
0.0674271,0.972708,-0.0108935,0.9999
0.293702,-0.915614,0.237564,0.9999
0.0639134,-0.2739,-0.88148,0.999901
-0.0933817,0.209416,-0.956444,0.9999
-0.118511,-0.568656,0.802677,0.9999
-0.142183,-0.151918,0.335712,0.9999
-0.421088,0.488514,-0.694082,0.999901
0.393636,0.171484,0.366804,0.999899
0.010285,0.0194745,0.580023,0.9999
0.581381,0.510484,0.27839,0.9999
0.151914,0.358949,-0.0179727,0.9999
0.513817,-0.71467,-0.407897,0.999901
0.607683,0.682074,-0.330426,0.999901
-0.311224,-0.180558,0.652748,0.9999
0.36749,0.108029,-0.636743,0.9999
0.375988,-0.289653,0.0813318,0.9999
0.0406088,-0.187743,-0.220767,0.9999
0.016241,0.930194,-0.293766,0.9999
0.278896,0.846661,-0.156189,0.9999
0.164124,-0.0410824,-0.74734,0.999901
-0.38934,0.844836,-0.0759164,0.9999
0.670696,0.318794,-0.314424,0.9999
0.310274,0.30155,-0.818601,0.9999
0.896364,-0.112237,-0.278541,0.9999
-0.182629,0.224276,-0.538634,0.9999
0.388812,0.449318,-0.0865944,0.9999
-0.372168,-0.898828,-0.00812779,0.9999
0.624957,-0.54293,0.201397,0.9999
0.114125,0.823905,-0.369887,0.9999
-0.439344,-0.125613,-0.086159,0.999901
-0.436467,0.584732,0.0606725,0.9999
-0.770949,0.358468,-0.0718863,0.9999
-0.578413,-0.421207,-0.637109,0.999901
-0.155524,-0.213053,-0.249392,0.999901
0.0179815,-0.430009,0.101136,0.9999
-0.26213,0.871987,-0.323095,0.9999
-0.383563,0.639529,-0.173202,0.999901
-0.42054,0.0115032,0.455388,0.9999
0.768838,-0.284119,-0.316249,0.9999
-0.320466,0.458611,-0.157268,0.999901
0.573387,0.42791,0.550724,0.9999
-0.328173,0.148191,0.721588,0.9999
0.261027,-0.46965,-0.717751,0.9999
0.748101,0.1406,-0.0524513,0.9999
-0.288104,0.198476,0.904588,0.9999
0.622433,0.714782,0.270975,0.9999
-0.0751523,0.187182,-0.172882,0.9999
-0.0319754,0.151243,0.388028,0.9999
-0.76449,0.00242837,-0.557418,0.9999
0.0808136,-0.538418,-0.603954,0.9999
0.44727,-0.731653,0.237903,0.9999
0.21449,0.44077,0.0128254,0.9999
-0.906848,-0.0402202,0.341708,0.9999
-0.619259,-0.0163105,-0.172923,0.9999
0.075262,0.916844,-0.190905,0.9999
-0.152298,0.553991,0.426214,0.9999
-0.428636,0.826868,-0.264653,0.999899
0.224778,-0.449438,-0.761814,0.9999
-0.605114,0.451003,0.550462,0.9999
0.354377,-0.108232,0.905115,0.999899
-0.24196,0.241445,-0.415707,0.9999
0.229939,-0.839669,-0.323305,0.9999
0.502919,0.278346,-0.220714,0.9999
0.522444,0.0541256,0.221518,0.999899
0.743968,-0.173009,0.067599,0.999899
0.0704119,-0.720861,0.16316,0.9999
0.325144,-0.34348,0.0411172,0.999901
0.885316,0.046188,-0.235468,0.9999
0.57609,0.430556,-0.147116,0.9999
0.0281458,-0.537997,-0.0991512,0.999899
0.0332599,-0.0068346,0.191349,0.9999
-0.306665,0.562019,-0.673607,0.9999
-0.0701502,0.757931,-0.224484,0.9999
0.254877,-0.1066,0.641553,0.9999
0.589435,0.251831,0.215543,0.999901
-0.513301,-0.14249,0.320926,0.9999
0.668045,-0.195848,0.252586,0.9999
-0.343232,-0.135067,0.116036,0.9999
0.193936,0.699309,-0.0629316,0.9999
-0.367747,-0.424569,0.285765,0.9999
0.0604393,0.896985,-0.23545,0.9999
-0.524836,0.596102,0.0827703,0.999899
0.167854,0.0627682,0.533651,0.9999
-0.12715,0.358673,0.733186,0.9999
0.300432,0.255378,0.399196,0.999899
-0.0263793,0.0920003,0.686434,0.9999
0.196263,-0.603592,0.0797106,0.9999
0.365851,0.657708,-0.611412,0.9999
0.378247,-0.681303,0.0600332,0.9999
-0.379505,0.152864,-0.787567,0.9999
0.0993058,0.402443,0.638282,0.9999
-0.282129,0.573797,0.455017,0.9999
0.441432,-0.461322,0.042083,0.9999
0.228635,0.145634,-0.800408,0.999899
0.607929,0.187205,-0.0198859,0.999899
0.770215,-0.622769,0.0564069,0.999901
-0.0674206,-0.626075,0.348553,0.9999
-0.302921,0.0409751,-0.234121,0.999899
0.081526,-0.604955,0.409302,0.9999
0.794497,-0.279467,-0.383788,0.999899
-0.44025,0.762871,-0.111988,0.999901
0.580438,-0.204534,-0.493734,0.9999
-0.888862,-0.142798,0.0598234,0.9999
0.647584,-0.0817292,0.718652,0.9999
-0.352858,0.608891,-0.670002,0.9999
-0.305561,-0.465786,0.336788,0.9999
-0.732272,0.392868,-0.0945763,0.9999
-0.47179,0.563354,0.475481,0.9999
0.268972,0.402485,0.02105,0.9999
-0.723156,-0.538488,0.0940846,0.9999
0.181729,0.838445,-0.489539,0.9999
-0.209338,-0.101576,-0.016271,0.9999
0.58107,-0.665107,0.349411,0.9999
-0.258553,0.702587,-0.239628,0.9999
0.020342,-0.350385,-0.82604,0.9999
-0.0772645,-0.623298,-0.645156,0.9999
0.20719,0.183044,-0.923328,0.999899
0.0897822,0.319727,-0.79369,0.999899
0.0447207,-0.441325,-0.665887,0.999901
-0.271226,0.900005,-0.0639965,0.9999
-0.530245,-0.656987,0.0895851,0.9999
0.510601,0.731949,-0.0772535,0.9999
-0.521694,0.745336,0.182135,0.9999
0.903588,-0.206617,-0.0135627,0.9999
-0.554419,0.768807,0.229698,0.999901
0.605331,-0.291292,-0.155327,0.9999
0.0683799,-0.223587,-0.578228,0.9999
0.670136,0.557594,-0.410875,0.9999
-0.555754,0.511069,-0.563328,0.9999
0.501353,-0.312226,-0.235611,0.9999
0.722583,-0.287795,0.32265,0.9999
0.13991,0.216218,0.293814,0.9999
-0.331301,0.186062,0.426603,0.9999
0.102553,0.16931,0.915001,0.9999
0.237023,0.604479,-0.271845,0.9999
-0.616444,0.652713,0.214458,0.999901
0.290177,-0.0277457,0.226768,0.999899
-0.162081,0.492663,-0.485397,0.9999
0.215596,0.474823,-0.336524,0.999901
0.647206,0.268552,0.161418,0.9999
-0.0967558,0.651967,0.738147,0.9999
0.863591,-0.140557,0.444281,0.999899
0.595204,0.415101,-0.201664,0.9999
-0.553535,0.179858,0.00813848,0.9999
0.482881,0.420744,-0.0971386,0.999899
-0.374274,-0.230797,0.516877,0.9999
0.289303,0.182843,0.00710646,0.9999
0.0407344,-0.884134,0.429931,0.9999
-0.0775539,0.137084,-0.825803,0.9999
0.305711,-0.0673135,-0.266109,0.999901
0.239664,0.197543,0.934851,0.9999
-0.742788,-0.633127,-0.0472312,0.9999
0.793902,0.25683,0.295485,0.9999
0.28833,-0.458392,-0.791317,0.9999
0.42939,-0.825816,-0.179266,0.9999
-0.563243,-0.0787829,0.504245,0.9999
0.47322,-0.639816,-0.141241,0.9999
0.504172,0.406993,0.332657,0.9999
-0.885095,0.419481,0.162179,0.9999
-0.539763,0.513332,0.377521,0.999899
0.176678,-0.620438,-0.182364,0.9999
-0.493714,-0.594443,0.620476,0.9999
0.404701,0.435529,0.0204139,0.9999
0.610599,-0.415508,-0.665309,0.9999
-0.588929,-0.558625,0.024702,0.9999
-0.278403,0.244877,-0.336176,0.9999
-0.235909,0.703072,0.362207,0.9999
0.71091,0.0224335,-0.392639,0.9999
-0.192995,-0.0604282,0.908612,0.9999
0.0590469,-0.0368619,0.924381,0.9999
0.0379009,-0.805615,0.180141,0.9999
-0.255442,0.0906385,-0.230599,0.9999
-0.367339,0.755194,-0.104657,0.999901
-0.15148,0.892416,0.301281,0.9999
-0.234845,-0.267348,-0.0979813,0.9999
-0.262631,-0.363522,-0.0948374,0.9999
0.831191,0.431383,-0.0811603,0.9999
0.0972284,0.564184,-0.00733778,0.999899
0.381215,0.292677,0.148976,0.9999
-0.37727,-0.702805,0.414096,0.9999
0.738773,-0.297232,0.601018,0.9999
-0.44239,-0.342937,-0.577053,0.999899
-0.224897,-0.119849,0.0864438,0.999899
-0.0207969,0.735702,0.6081,0.9999
0.0473754,-0.0917259,-0.73925,0.999899
-0.174874,0.0262067,-0.742813,0.9999
0.579109,0.644755,0.342709,0.9999
-0.452589,0.27059,0.516254,0.999899
0.208368,-0.843763,0.443039,0.9999
-0.514808,-0.311352,-0.709548,0.9999
-0.33583,-0.114804,-0.609264,0.9999
-0.567922,-0.604832,-0.0889295,0.9999
0.674336,0.189798,-0.436261,0.9999
-0.0943646,0.345295,-0.0701213,0.999901
0.717968,-0.43614,-0.433421,0.9999
0.638024,-0.3807,0.510718,0.999901
-0.0996742,0.360692,0.671141,0.9999
-0.353034,-0.810705,0.140872,0.9999
0.592359,-0.0209126,-0.281533,0.9999
0.318799,0.164579,-0.735936,0.9999
-0.287455,-0.642675,-0.171843,0.999901
-0.114881,-0.686555,0.415758,0.9999
0.589048,-0.0154011,-0.43396,0.9999
-0.920478,-0.126524,-0.0732191,0.999901
0.0658358,-0.359989,-0.589931,0.9999
-0.253536,0.153505,-0.473081,0.9999
-0.677351,0.197102,0.368707,0.9999
-0.409069,0.160898,0.273042,0.9999
0.687749,-0.0770663,-0.717597,0.9999
-0.521117,0.013372,-0.457675,0.9999
0.0438772,0.968531,0.0394628,0.9999
-0.380638,0.113643,0.721332,0.9999
0.718081,-0.413372,0.556971,0.9999
-0.313219,0.269148,-0.500955,0.9999
0.204578,0.22724,0.880989,0.9999
-0.621597,0.464492,0.438632,0.9999
-0.41803,-0.717334,-0.191465,0.9999
-0.824686,0.0742959,0.131318,0.9999
0.172112,0.536616,-0.792973,0.999901
0.563175,0.127971,0.241272,0.999901
-0.394038,0.0916712,-0.160788,0.9999
-0.42502,0.0774091,0.727545,0.9999
-0.296982,-0.633966,-0.271362,0.999899
-0.0573989,0.430068,0.744614,0.9999
0.613765,0.235463,0.390655,0.9999
0.181801,0.106577,-0.00537379,0.999899
-0.20626,-0.223153,0.633514,0.9999
0.739551,0.59837,0.294384,0.9999
0.239122,0.250194,-0.185738,0.999901
0.52409,0.0938496,-0.273988,0.999901
-0.355916,-0.728653,-0.482833,0.9999
0.960722,-0.0467211,-0.175348,0.9999
-0.0904734,-0.588858,0.486335,0.9999
-0.342336,0.182593,0.711095,0.9999
-0.703929,0.504209,-0.0791916,0.9999
0.220336,0.430573,-0.114109,0.999899
-0.0210317,0.924308,0.0869088,0.9999
0.155407,0.595452,0.706897,0.9999
0.760762,-0.0625599,0.30853,0.999901
-0.193547,-0.20508,-0.34587,0.9999
-0.165019,0.957717,-0.233492,0.9999
-0.373174,-0.0929249,0.435858,0.9999
0.453661,0.360971,0.408922,0.9999
-0.309743,-0.0666462,-0.797661,0.9999
-0.243399,0.283053,0.491932,0.9999
0.219553,0.578296,-0.566397,0.999901
-0.498084,0.610616,0.174935,0.9999
-0.263402,-0.379055,-0.126948,0.9999
-0.22333,0.408866,0.776781,0.9999
0.560981,-0.709552,0.15572,0.999901
0.239944,-0.642392,0.385526,0.999901
0.221761,-0.467616,-0.795672,0.9999
0.530156,0.670857,0.380555,0.9999
0.272592,-0.348296,-0.218883,0.9999
-0.436299,0.188282,-0.239808,0.9999
-0.0876488,-0.238211,-0.379094,0.9999
0.491874,-0.807046,-0.00563902,0.9999
-0.67085,-0.196099,-0.61206,0.9999
-0.0648461,0.845834,0.0420877,0.9999
0.318963,-0.163262,0.588274,0.9999
-0.271766,0.835324,-0.246982,0.999901
-0.164126,0.639205,0.302279,0.999901
-0.238712,-0.340493,0.570463,0.999901
-0.299357,0.896545,-0.13253,0.9999
-0.904979,-0.151784,0.222744,0.999901
-0.185993,-0.948421,0.0629734,0.9999
0.296999,-0.17755,0.885367,0.9999
-0.0477755,0.441676,0.0417188,0.9999
0.808131,0.369683,0.142067,0.9999
0.107368,-0.0887985,-0.543911,0.9999
0.164531,-0.336026,-0.376038,0.999899
0.59172,-0.164238,0.121154,0.9999
-0.384587,-0.633744,0.156045,0.9999
0.413551,-0.778652,-0.130127,0.9999
0.672423,0.162418,-0.44834,0.9999
0.199881,0.338272,-0.196382,0.9999
-0.241258,-0.0893788,-0.871127,0.9999
-0.535485,0.334263,0.445205,0.9999
-0.174495,0.777753,-0.423596,0.9999
0.909029,-0.311332,0.178119,0.999899
0.0930508,0.307136,-0.653426,0.9999
0.120224,0.520452,-0.389857,0.9999
-0.732864,0.425517,-0.00194506,0.9999
-0.120885,0.431584,0.572736,0.9999
0.632972,0.423387,0.03307,0.9999
-0.240653,-0.277963,-0.31755,0.9999
-0.182027,-0.112528,0.831503,0.9999
0.442905,-0.245476,-0.675217,0.9999
-0.308048,-0.112613,-0.204791,0.999899
0.821474,-0.432392,0.247232,0.9999
0.254024,-0.137544,0.00568151,0.9999
-0.449629,-0.0213456,0.264681,0.9999
0.0816287,0.109098,0.355778,0.9999
0.493144,0.437661,0.735851,0.9999
0.312095,0.535316,0.39817,0.9999
-0.200727,-0.31834,0.116523,0.9999
-0.702087,0.605136,-0.290549,0.9999
0.636161,-0.740791,-0.109264,0.9999
0.0569045,-0.137519,0.564982,0.9999
-0.00642987,-0.694739,0.622631,0.9999
0.134965,0.947673,-0.00048635,0.999899
-0.0682198,-0.202572,-0.00665597,0.9999
0.342306,-0.171803,-0.395673,0.9999
-0.609294,-0.0234811,0.304513,0.9999
-0.552379,-0.53882,0.0887595,0.9999
-0.569788,-0.353469,-0.294573,0.9999
-0.28085,-0.0128056,-0.0374633,0.9999
-0.491292,-0.0651335,-0.745506,0.9999
0.0960593,0.182065,-0.846166,0.999901
-0.0138388,-0.440658,-0.830733,0.9999
0.530397,0.62986,-0.306025,0.9999
-0.342504,0.627648,-0.472391,0.9999
-0.214114,0.877287,-0.218993,0.9999
0.366096,-0.469219,-0.743938,0.9999
-0.402644,-0.437499,-0.537015,0.9999
0.513592,-0.638309,-0.00700836,0.9999
-0.701668,-0.0567742,-0.217106,0.9999
-0.207918,-0.477436,-0.437507,0.9999
0.396631,-0.827615,-0.285354,0.9999
0.159356,-0.94702,-0.21635,0.9999
-0.0274255,0.510933,-0.654502,0.9999
-0.0555449,0.296633,0.722275,0.999901
-0.231572,-0.775097,0.295538,0.9999
-0.704956,-0.428878,-0.400584,0.9999
-0.326132,-0.761452,0.477007,0.999899
0.74742,0.00275092,-0.12218,0.9999
-0.893762,-0.186874,0.159019,0.9999
0.601378,-0.220145,-0.311311,0.9999
-0.188773,-0.107228,0.91972,0.9999
0.573867,0.0436723,-0.555321,0.9999
0.26942,0.592399,0.746399,0.9999
0.191115,-0.81991,-0.31268,0.9999
-0.0676086,-0.938828,0.229553,0.9999
0.304589,-0.294169,0.779239,0.999899
0.0615962,-0.631594,0.594095,0.9999
0.0927549,0.274797,0.439887,0.9999
0.141215,0.655909,0.207773,0.999899
-0.190412,-0.247512,0.878831,0.9999
-0.89754,0.302951,0.281699,0.9999
-0.1474,-0.248589,0.689248,0.9999
-0.349795,0.431446,-0.120615,0.9999
-0.261908,-0.318473,-0.280196,0.9999
0.599636,-0.110278,0.0913351,0.9999
0.659439,-0.299285,-0.294759,0.999901
-0.506206,-0.260725,-0.586246,0.9999
-0.503046,-0.00984854,-0.528345,0.999901
0.584858,-0.43915,0.566827,0.9999
0.168611,0.763969,-0.24411,0.9999
0.113349,0.275059,-0.537888,0.9999
-0.320207,-0.287548,0.435936,0.9999
-0.0903681,-0.640451,0.36939,0.9999
-0.792749,0.512846,0.282445,0.999899
0.505765,-0.561535,0.606249,0.9999
0.640921,0.270316,0.526304,0.9999
-0.341741,0.0639442,0.515122,0.9999
0.287441,-0.496494,0.15501,0.9999
0.299346,0.625676,-0.426892,0.999901
0.387436,-0.1834,0.794777,0.9999
-0.0566168,-0.360527,0.805005,0.9999
-0.291704,0.695431,-0.629125,0.9999
0.375498,0.712185,0.425982,0.999901
0.0565919,-0.868143,-0.0848743,0.9999
-0.439411,-0.127877,-0.447048,0.9999
-0.276696,0.241366,-0.128216,0.999899
0.392907,-0.130609,0.309206,0.9999
-0.57911,-0.028099,0.780478,0.9999
-0.795309,-0.392009,0.0743368,0.9999
0.655984,0.393342,-0.583159,0.9999
-0.199175,-0.014983,-0.0776057,0.9999
-0.445867,-0.0804569,-0.708634,0.9999
0.532489,-0.466226,-0.154261,0.9999
-0.49947,-0.384132,-0.18328,0.9999
0.672286,-0.345938,-0.275081,0.9999
0.0911352,0.192884,0.113909,0.999901
0.616753,0.120225,-0.542209,0.9999
-0.21012,0.187721,0.289552,0.9999
-0.152421,0.838933,-0.0594961,0.9999
-0.563359,-0.142131,0.76727,0.9999
0.551332,-0.446988,0.684903,0.999899
0.659409,-0.101334,0.0197262,0.999901
0.649977,-0.518656,0.0665951,0.9999
0.401391,0.131287,-0.237479,0.9999
-0.421699,0.819303,0.358743,0.9999
-0.0712444,0.681466,0.706749,0.9999
0.381821,0.250529,-0.119673,0.9999
0.495363,0.519539,-0.0364096,0.9999
-0.240047,0.623938,0.540365,0.9999
-0.571292,-0.066542,0.49312,0.9999
0.490815,-0.242541,0.581754,0.999899
-0.361554,0.169446,-0.39249,0.9999
0.242266,-0.428369,0.398942,0.9999
0.0485085,0.158525,-0.514952,0.9999
0.396865,0.132349,-0.683878,0.9999
-0.209945,-0.584784,-0.212868,0.9999
-0.500857,0.394697,0.206964,0.9999
0.580409,0.0674609,0.00166145,0.9999
-0.328111,0.50305,-0.789854,0.999901
0.0753328,-0.477107,-0.443036,0.9999
-0.389937,0.179605,-0.0803791,0.9999
-0.299824,-0.134727,-0.314653,0.9999
0.711815,-0.283714,0.342721,0.9999
-0.160626,-0.0675038,-0.889796,0.9999
-0.72727,0.0689195,0.650325,0.999899
0.409267,0.501809,-0.0324422,0.9999
-0.28427,0.53647,0.774647,0.9999
-0.3768,0.189019,0.0455217,0.999899
0.331144,-0.00684021,-0.81929,0.999899
0.408964,0.716452,-0.531772,0.9999
0.508026,-0.732591,0.313643,0.9999
-0.784515,-0.137257,0.192834,0.9999
0.671345,0.404912,0.57211,0.9999
-0.132278,0.75597,0.364924,0.9999
0.383059,-0.369564,0.638582,0.9999
0.597095,-0.801121,-0.0343963,0.9999
-0.029103,-0.0848033,0.953592,0.9999
-0.668506,-0.685098,-0.118582,0.9999
0.886555,-0.151295,-0.122804,0.9999
-0.29196,-0.88004,0.220673,0.9999
0.20953,-0.796573,0.27504,0.9999
-0.496609,-0.244879,0.722569,0.9999
-0.807684,0.019651,0.201838,0.999899
0.555268,-0.189438,-0.257503,0.9999
-0.343208,0.101327,0.729673,0.9999
0.550505,0.188895,0.610296,0.999899
0.147781,-0.351095,0.424359,0.9999
0.0671093,-0.51947,-0.268789,0.9999
0.445417,-0.110938,-0.62287,0.9999
-0.273853,0.224093,-0.488142,0.999901
0.450193,-0.136283,-0.550011,0.999901
-0.382735,0.56516,0.577149,0.999901
0.155287,0.0258909,-0.563596,0.9999
-0.560823,-0.24589,-0.10018,0.9999
0.641438,0.338053,-0.669167,0.999901
-0.515203,-0.0515995,0.492609,0.9999
0.493315,-0.746629,-0.348214,0.9999
0.573774,-0.234608,-0.405907,0.9999
-0.276072,0.0104314,0.484789,0.999899
0.159055,-0.792323,0.546569,0.9999
-0.807381,-0.447361,0.353231,0.9999
0.30771,-0.521382,0.362108,0.9999
-0.606469,0.210216,-0.406588,0.999901
0.347245,0.0104191,-0.385806,0.9999
-0.024002,-0.300596,-0.463919,0.9999
0.671227,0.0865455,-0.304269,0.999901
0.100117,-0.454944,-0.236266,0.9999
0.110624,-0.216484,-0.329934,0.9999
-0.247455,0.605994,0.672177,0.9999
-0.27252,-0.460697,-0.121762,0.9999
0.639677,0.445741,0.608472,0.9999
-0.458851,-0.570869,-0.0807189,0.999899
0.206819,0.278053,0.304695,0.9999
0.0164082,0.450607,-0.865453,0.9999
-0.598353,-0.55304,0.0447408,0.9999
0.937156,0.165421,0.196441,0.9999
-0.673886,-0.341976,-0.260906,0.9999
-0.317835,-0.431583,-0.645581,0.9999
-0.933506,-0.19285,-0.0450161,0.9999
-0.414527,0.423549,0.453819,0.9999
-0.405022,0.755775,0.34942,0.9999
-0.0529658,-0.765645,-0.294843,0.999901
0.25369,0.351277,0.802467,0.9999
0.788033,-0.233671,0.568741,0.9999
0.13729,0.824328,0.325908,0.9999
0.523068,-0.0397592,-0.000244143,0.9999
0.0675117,0.136175,-0.0987778,0.9999
0.740187,0.171623,0.559251,0.9999
-0.259491,0.247938,-0.289411,0.9999
0.508796,0.0190499,0.690912,0.9999
-0.0777058,0.810829,-0.341915,0.9999
-0.216325,-0.6789,-0.126439,0.999899
0.164098,0.708178,-0.473683,0.9999
0.0614964,0.258705,0.118239,0.9999
0.282666,0.474375,-0.521906,0.9999
0.678483,0.522471,0.396893,0.9999
0.49133,0.284023,-0.520457,0.999899
0.150347,0.496186,-0.719583,0.9999
-0.235454,0.341824,-0.631789,0.9999
0.19001,-0.357636,-0.230935,0.9999
0.155923,0.47315,0.0750997,0.999899
0.0793565,0.332857,0.43509,0.9999
-0.244903,0.462427,0.294762,0.9999
0.925095,0.347306,0.00083432,0.9999
0.859011,-0.077334,-0.469393,0.9999
-0.416213,0.676449,-0.516327,0.9999
0.841633,-0.510705,0.0899865,0.9999
-0.258161,-0.38862,0.485029,0.9999
0.542238,0.616275,-0.431537,0.9999
0.268037,-0.513828,0.72651,0.9999
0.670677,-0.358801,0.618176,0.9999
0.207749,-0.026579,0.958729,0.9999
-0.731178,-0.267819,0.318512,0.9999
-0.789602,0.344798,-0.0296548,0.9999
-0.00603297,0.788823,0.570627,0.9999
-0.560558,0.0582401,-0.200601,0.9999
0.200109,0.437275,-0.389803,0.999899
-0.144132,-0.496189,-0.221405,0.9999
0.00774524,-0.0392444,0.0937654,0.999899
0.387713,0.3915,-0.195035,0.9999
0.61826,0.25238,0.45016,0.9999
-0.111791,0.710456,-0.0835079,0.999899
0.100096,0.681098,-0.553843,0.9999
0.805732,-0.288065,0.122802,0.9999
-0.0238591,0.946734,0.181376,0.9999
-0.171153,0.644816,-0.337061,0.9999
0.312988,-0.106348,0.690562,0.9999
-0.53064,0.760258,-0.289821,0.9999
-0.38783,-0.484476,0.697132,0.9999
-0.0805843,-0.488117,-0.222041,0.9999
0.15083,-0.672032,0.527779,0.9999
-0.493042,-0.247131,-0.477676,0.999899
-0.0548541,-0.704553,0.029084,0.999901
-0.628365,0.110187,0.306625,0.9999
0.504954,0.394662,-0.674481,0.9999
0.196807,0.692885,0.187955,0.9999
0.647813,-0.105573,0.404949,0.9999
0.128604,-0.379309,-0.720951,0.9999
0.471978,-0.573914,0.0181324,0.9999
-0.395694,-0.253446,0.419075,0.999901
-0.121211,-0.558662,-0.000347977,0.999899
0.146553,-0.23468,0.183452,0.9999
-0.674518,-0.0535954,-0.185503,0.999899
0.0889102,-0.948351,0.0846687,0.999901
-0.233326,0.597534,-0.361324,0.999901
-0.29019,-0.628093,0.46557,0.9999
-0.426763,0.0984874,0.572124,0.9999
0.527446,0.14061,0.724905,0.9999
-0.127472,0.78317,-0.341821,0.9999
-0.374645,0.593146,0.546828,0.9999
0.492895,-0.0451927,0.333403,0.999901
0.042826,0.940648,-0.111197,0.9999
-0.578289,-0.0540195,-0.330896,0.9999
-0.909608,-0.283307,-0.262282,0.999901
-0.297537,-0.168342,0.210732,0.999899
-0.606155,-0.361306,-0.664636,0.9999
0.566635,0.105926,0.0220651,0.9999
-0.0310002,0.456673,0.174596,0.9999
0.05823,-0.340668,0.427509,0.9999
-0.352967,-0.224347,0.266624,0.9999
0.872686,-0.137158,-0.465401,0.9999
0.0122655,-0.238888,0.302234,0.999901
0.40025,-0.463925,0.218222,0.9999
0.521746,0.223834,0.112334,0.9999
0.508657,0.353731,0.106996,0.9999
-0.268142,-0.931596,-0.0806464,0.9999
-0.773214,0.569391,-0.0108438,0.9999
-0.0328922,-0.293077,0.121666,0.9999
-0.283671,0.00597586,-0.359274,0.9999
0.276127,-0.492672,-0.2314,0.9999
0.0380796,-0.145984,0.877749,0.999901
-0.117731,-0.150342,0.917742,0.9999
0.449391,0.528247,0.457141,0.9999
-0.0643035,0.187587,-0.195971,0.9999
0.588496,0.365088,-0.679863,0.9999
0.0364776,-0.0231668,0.227545,0.9999
0.173292,-0.795696,-0.10569,0.9999
-0.268773,0.801002,-0.247759,0.9999
0.0931763,0.34165,0.765677,0.9999
-0.333507,0.378913,0.370276,0.9999
0.216471,-0.0588106,0.0771828,0.9999
0.32141,0.848485,0.263076,0.9999
-0.594322,0.647839,0.227584,0.9999
0.501554,-0.50168,-0.033947,0.9999
-0.106487,-0.137494,0.0385031,0.9999
-0.888199,0.0664158,-0.229412,0.9999
0.121522,0.0681242,0.328178,0.9999
0.292552,0.0534158,0.854215,0.999899
0.1434,-0.576187,-0.685585,0.9999
0.18545,-0.551656,0.217304,0.9999
0.559819,-0.0158349,0.420656,0.9999
0.232114,0.947138,-0.200784,0.9999
-0.540779,-0.253364,0.223876,0.9999
-0.791593,-0.522328,0.295297,0.9999
0.904414,-0.219644,-0.046248,0.9999
-0.517825,-0.634868,-0.353453,0.9999
-0.510315,-0.279175,0.557824,0.9999
-0.563001,-0.130865,0.60995,0.9999
0.495103,0.607454,0.527809,0.9999
-0.025213,-0.819627,0.398633,0.999901
0.538595,0.521537,0.131053,0.9999
-0.170065,-0.411444,0.805319,0.9999
-0.82167,-0.440461,-0.066338,0.9999
-0.139689,-0.216151,-0.443872,0.9999
0.406193,-0.404827,0.416634,0.9999
0.572249,-0.497073,0.448027,0.9999
0.209018,-0.215706,0.761557,0.9999
0.0796549,-0.682175,0.32088,0.9999
0.379845,-0.243024,0.412537,0.9999
-0.533496,-0.459765,0.366753,0.9999
-0.120093,-0.0914575,-0.316663,0.9999
0.049557,0.159606,-0.960559,0.9999
-0.446114,-0.830587,0.260052,0.999899
-0.261207,0.180205,-0.689797,0.999901
0.474299,-0.0615757,-0.0804919,0.9999
-0.225257,0.19676,-0.568423,0.9999
-0.244325,0.331563,0.234618,0.999899
0.58466,-0.478322,0.604514,0.9999
0.361311,0.434788,0.373996,0.9999
0.243797,0.287339,0.393665,0.9999
0.814031,-0.464487,0.16452,0.9999
-0.972467,0.0451149,-0.217668,0.9999
-0.767605,-0.247132,0.512561,0.9999
-0.82121,-0.358434,-0.127365,0.999901
0.450879,0.147679,0.699141,0.9999
-0.395626,0.618329,-0.252612,0.999899
-0.718558,-0.0884379,0.0806955,0.999901
0.305319,0.622094,-0.377299,0.9999
-0.0383906,-0.0302793,0.871199,0.9999
0.0823043,0.303022,0.912875,0.9999
-0.338072,0.264255,-0.839066,0.9999
0.196354,0.396817,0.743617,0.9999
-0.516511,-0.086324,-0.792644,0.9999
0.104861,0.230154,0.317506,0.9999
-0.487393,-0.662351,-0.0558456,0.9999
0.378626,-0.415636,-0.149567,0.9999
0.68649,0.3441,-0.177387,0.999899
-0.940223,-0.119684,-0.21111,0.9999
0.78246,-0.38602,-0.333446,0.999901
-0.175218,-0.600226,-0.337901,0.9999
-0.288,0.198041,-0.873909,0.999901
0.328466,0.59483,-0.397065,0.9999
0.622557,0.556509,0.164759,0.9999
-0.137622,-0.00841168,0.828275,0.9999
0.251203,0.0950336,-0.175507,0.999899
-0.795994,-0.413769,-0.16704,0.9999
-0.552363,-0.284445,-0.607334,0.9999
-0.169895,0.0358636,-0.515078,0.9999
0.431053,0.0812712,-0.291576,0.9999
-0.706804,0.0269393,0.129171,0.9999
0.521069,-0.304697,-0.0544568,0.9999
0.510494,-0.0768911,-0.0597143,0.9999
0.335498,-0.130806,0.688062,0.9999
-0.0733925,0.360341,0.863663,0.9999
-0.304171,0.334475,0.00424602,0.999901
-0.126061,0.728797,0.297087,0.9999
0.874954,0.0228216,0.222308,0.9999
0.669426,0.198823,-0.377221,0.9999
-0.221539,-0.642864,0.545537,0.9999
0.299679,-0.578111,-0.522421,0.999899
-0.577889,-0.623681,0.0556144,0.9999
-0.0824914,0.477546,-0.758475,0.9999
-0.218164,-0.279521,-0.30948,0.9999
-0.37006,-0.228975,-0.531854,0.999899
0.879317,-0.361447,-0.271076,0.999899
-0.396067,-0.519225,-0.583063,0.9999
0.028635,-0.681225,0.677859,0.999901
0.0906739,0.282794,-0.390586,0.999899
0.818941,0.186016,0.283396,0.9999
-0.137039,0.176247,-0.838753,0.9999
-0.871473,0.00777095,-0.29047,0.999901
-0.437642,-0.301057,-0.668677,0.9999
-0.561426,-0.296724,-0.429111,0.9999
-0.387795,0.456626,0.148504,0.9999
0.548903,0.691181,0.266967,0.9999
-0.0550753,-0.714207,-0.0363664,0.9999
-0.356305,-0.273538,0.679969,0.9999
0.46462,-0.135571,-0.75003,0.9999
-0.422706,-0.523186,-0.711024,0.9999
0.522027,0.180173,0.355799,0.9999
-0.128223,-0.821868,0.124194,0.9999
-0.635933,0.214208,-0.555034,0.9999
-0.165391,-0.833838,-0.100851,0.9999
0.0248635,0.0545468,0.957175,0.9999
0.261356,-0.530867,-0.311558,0.9999
-0.523222,-0.257431,-0.130368,0.9999
-0.508317,0.417215,-0.432085,0.9999
-0.597361,-0.235043,-0.567193,0.9999
0.773381,0.302657,-0.323315,0.9999
0.458514,-0.378942,0.701857,0.9999
-0.025775,0.16162,0.739811,0.9999
0.220048,-0.383161,-0.0538965,0.9999
-0.361973,-0.593068,0.280243,0.9999
-0.671049,-0.711401,-0.104993,0.999901
-0.176589,0.404811,0.754929,0.9999
0.0801792,0.227499,-0.662635,0.9999
-0.512532,0.451283,0.627641,0.9999
-0.425334,0.361631,-0.563661,0.9999
0.106935,-0.589386,0.386119,0.999901
-0.464742,-0.00230772,0.40686,0.9999
0.338765,0.651686,0.499626,0.999899
-0.175885,0.0208872,-0.594725,0.9999
0.0756415,-0.300503,0.174122,0.9999
0.0402383,-0.1145,0.679213,0.9999
-0.61223,-0.0779747,-0.308559,0.999901
-0.673733,-0.606132,0.411418,0.9999
0.595575,-0.619571,0.31662,0.9999
0.0630241,-0.599835,0.197099,0.9999
-0.713955,0.305156,0.0393949,0.9999
0.0134082,0.194348,0.325012,0.9999
-0.785345,0.202879,-0.300673,0.999901
0.667818,-0.212929,0.339442,0.9999
0.7456,-0.441795,-0.163581,0.9999
-0.826534,0.225747,0.332152,0.9999
-0.0366062,0.297685,0.344485,0.9999
-0.0941376,0.444292,-0.511127,0.9999
-0.345464,-0.234694,0.00174244,0.9999
0.756415,-0.0122654,-0.0404065,0.9999
-0.163237,-0.459973,0.815414,0.9999
0.522342,0.581583,-0.29416,0.9999
-0.605541,-0.207621,0.173831,0.999901
0.202767,0.0723484,0.963828,0.999901
0.00750334,-0.655769,0.472592,0.9999
-0.34633,-0.617984,-0.0956764,0.9999
-0.206523,0.214578,-0.550653,0.999899
-0.288401,-0.00678656,0.870765,0.9999
0.0851107,-0.333812,-0.479665,0.9999
0.0211204,-0.960864,0.257327,0.9999
0.511531,0.72986,-0.0698397,0.999901
0.108476,0.80838,-0.0712181,0.999901
0.608976,0.143063,-0.179803,0.999901
-0.368549,0.378104,0.171547,0.9999
-0.265025,-0.469953,0.557532,0.9999
-0.168679,0.17306,0.744688,0.999899
0.0566258,0.430831,-0.246553,0.9999
-0.162162,-0.559551,0.110975,0.9999
0.38385,-0.486818,-0.444447,0.999901
0.287696,-0.148233,0.268541,0.9999
-0.0981163,-0.766361,0.364148,0.9999
-0.505561,-0.0187251,0.205412,0.999901
-0.405468,0.569196,-0.218268,0.9999
-0.629026,0.557762,-0.339448,0.999901
-0.725229,-0.146975,-0.637799,0.9999
-0.0976158,-0.759425,0.341268,0.9999
0.0975183,-0.0660017,-0.715051,0.9999
0.605283,0.544021,-0.48789,0.9999
-0.757409,0.568267,-0.286371,0.9999
0.21135,0.90218,0.237337,0.999899
0.309632,0.0223002,-0.827829,0.9999
-0.0856807,0.0362955,0.282956,0.9999
0.104086,0.624403,0.33859,0.9999
-0.298534,-0.00816975,0.149231,0.9999
0.254506,-0.489381,-0.797691,0.9999
-0.59191,-0.0139035,-0.428401,0.9999
0.730188,-0.358444,-0.12608,0.9999
-0.750927,-0.181131,0.463735,0.9999
0.560497,-0.525241,-0.0731778,0.999901
-0.470871,0.178286,-0.344294,0.9999
-0.174131,0.654242,0.465089,0.9999
-0.406864,-0.203058,-0.69644,0.999899
-0.118378,-0.372261,-0.794601,0.9999
0.103383,0.140252,0.106806,0.9999
0.350649,0.368661,-0.452822,0.9999
0.439563,-0.774425,-0.210907,0.9999
-0.671902,0.114151,-0.0982895,0.9999
-0.666917,-0.206978,0.300553,0.9999
-0.57773,0.46998,-0.580058,0.999901
-0.229604,0.517184,-0.64776,0.999901
0.0163732,-0.0584191,0.957586,0.9999
0.264598,-0.404888,-0.702556,0.9999
0.3092,-0.587048,-0.551179,0.9999
0.84329,0.115708,0.094021,0.9999
0.530905,0.158155,0.598407,0.999901
-0.353099,-0.168542,-0.547049,0.9999
0.408614,-0.281078,0.0506639,0.999901
0.199554,0.747445,0.262791,0.999899
0.299837,0.303627,0.530057,0.9999
0.273467,-0.157299,-0.334581,0.9999
0.103894,-0.577194,0.651312,0.9999
0.54533,0.222161,0.42221,0.9999
0.312205,-0.739539,-0.324744,0.9999
-0.419957,0.0992398,0.683884,0.9999
0.467488,0.316914,-0.711072,0.9999
-0.0940324,-0.378024,-0.0649517,0.9999
0.136266,0.34572,-0.915265,0.9999
-0.292518,0.613653,0.284725,0.999901
-0.0420121,-0.604916,0.573868,0.9999
-0.429092,-0.523138,0.461405,0.9999
-0.0989017,-0.202538,-0.37505,0.9999
-0.449699,-0.778045,-0.104048,0.9999
0.449361,0.526112,-0.470206,0.9999
0.332112,-0.134899,-0.223907,0.999901
-0.345737,0.317845,0.203677,0.9999
-0.106762,-0.748962,0.51741,0.9999
0.027916,-0.100766,-0.425779,0.999901
-0.606149,0.0580603,0.371943,0.9999
-0.125157,0.365223,0.534051,0.9999
0.683899,0.328806,-0.262556,0.9999
0.412406,0.146443,-0.00399331,0.9999
-0.289396,-0.480601,0.429222,0.999901
0.95423,-0.0748942,0.00471563,0.999899
-0.358603,0.409609,-0.20647,0.9999
0.146441,0.794313,-0.395759,0.9999
0.844928,0.11965,-0.0581396,0.9999
-0.0115237,0.261004,-0.271881,0.9999
0.301783,-0.601114,-0.476632,0.9999
0.139008,-0.0403226,0.976359,0.999899
0.832225,-0.428351,0.0829678,0.9999
-0.515443,0.0841271,-0.693753,0.999901
0.79095,0.429488,0.0148961,0.9999
0.671288,-0.48063,-0.477802,0.999899
0.360718,0.753463,-0.29226,0.9999
0.442123,0.794632,-0.168851,0.9999
-0.0951813,0.503621,0.281712,0.9999
0.685226,-0.26057,-0.510702,0.999901
0.16809,-0.166288,0.721786,0.9999
-0.812311,-0.0807697,0.214483,0.9999
0.314245,0.559518,-0.498991,0.9999
0.599178,0.718145,-0.329222,0.9999
-0.201576,-0.168383,-0.0317933,0.9999
0.052901,-0.795163,0.253902,0.9999
-0.178621,0.0676191,0.793161,0.9999
-0.120019,-0.847093,-0.217817,0.999901
-0.785966,-0.477932,0.16762,0.9999
0.700012,0.483054,0.42385,0.9999
-0.223497,0.78151,-0.112509,0.9999
-0.255116,-0.379514,0.368393,0.9999
0.868478,-0.049493,-0.153053,0.999899
-0.283319,0.223508,0.125126,0.9999
-0.803693,-0.276649,0.0775366,0.9999
-0.682161,0.227936,-0.201472,0.9999
-0.802231,0.0543868,-0.394419,0.9999
0.480657,-0.522486,-0.427192,0.9999
0.0199577,0.283168,-0.142191,0.9999
-0.60363,-0.244879,0.160302,0.9999
0.0328571,-0.494115,0.4238,0.9999
0.419539,0.804564,0.335958,0.999899
0.602943,-0.30292,0.495418,0.9999
-0.194961,0.576444,0.12028,0.9999
-0.588935,0.331269,0.376046,0.999901
-0.220247,0.539913,0.68972,0.9999
0.844014,-0.347118,-0.32474,0.9999
0.648515,-0.700719,0.132372,0.9999
0.405835,0.137313,0.824657,0.9999
0.586304,0.323599,0.172054,0.9999
0.180954,-0.600249,0.273167,0.9999
-0.346348,0.452528,-0.0101298,0.999901
-0.0248807,0.838274,0.194195,0.9999
0.458042,-0.19256,0.0403507,0.9999
0.605012,0.155768,0.359361,0.9999
0.197124,-0.0639396,-0.0130793,0.9999
0.641856,0.324006,0.505866,0.999901
0.100355,0.68091,-0.380076,0.9999
-0.121425,-0.409487,0.547948,0.9999
-0.531613,0.317929,0.375516,0.9999
-0.3244,-0.337004,0.60264,0.9999
-0.214279,0.664273,-0.15086,0.9999
-0.109932,0.085806,0.402906,0.9999
-0.496941,0.076421,0.840464,0.9999
0.579657,-0.234411,0.751472,0.9999
0.402404,-0.802098,-0.439628,0.999899
0.120235,0.435566,-0.151913,0.999901
0.136036,0.0908078,-0.553981,0.9999
-0.362575,0.161023,0.702253,0.9999
-0.311984,-0.727485,-0.372106,0.9999
0.473476,0.102702,-0.0277553,0.9999
0.00107592,-0.935041,0.262871,0.9999
0.459434,-0.501096,-0.303041,0.999901
-0.745826,0.3576,0.131005,0.9999
0.468832,-0.0179067,-0.185915,0.999901
0.290461,-0.206829,-0.913131,0.9999
-0.0627834,0.664653,0.595726,0.9999
0.392054,-0.262583,-0.623536,0.999899
-0.416946,0.277434,0.616858,0.999899
-0.367292,0.471119,0.276968,0.999899
0.0293654,0.222538,0.276199,0.9999
-0.0703379,-0.604544,0.736265,0.9999
0.730787,-0.426687,-0.368455,0.9999
-0.714998,-0.179977,-0.529246,0.9999
-0.442392,0.796474,-0.316414,0.9999
-0.822811,-0.104353,-0.281229,0.9999
-0.118208,0.121348,-0.759148,0.9999
0.362734,-0.300207,0.415716,0.999901
0.0171863,-0.261994,0.0893136,0.9999
0.692237,0.495111,-0.298133,0.9999
-0.890689,0.0512567,0.3181,0.999899
-0.150371,-0.260415,0.193908,0.9999
0.312206,-0.861463,-0.0816389,0.9999
-0.403345,-0.737221,0.167275,0.9999
0.115821,0.329894,-0.745802,0.999899
-0.0204319,0.0508521,0.792841,0.9999
0.343817,0.2375,0.519413,0.9999
0.0276536,0.688702,0.654621,0.9999
0.104593,0.409489,0.250878,0.9999
0.291391,-0.796568,-0.322334,0.9999
0.309557,-0.464902,-0.403566,0.999899
-0.47382,0.271768,-0.321932,0.9999
0.0709643,-0.571479,0.178963,0.9999
-0.61962,0.0403763,-0.524502,0.9999
0.0424341,-0.775994,-0.0533581,0.9999
0.376344,0.396612,0.0364703,0.999901
0.274448,0.14912,-0.0274627,0.9999
0.344908,0.381358,0.00812719,0.9999
-0.570191,0.771999,-0.270118,0.9999
0.361939,-0.516255,-0.623014,0.9999
0.125674,-0.0173852,0.332474,0.999901
-0.178149,0.586981,-0.416552,0.999899
0.250379,0.620245,0.282683,0.9999
-0.777677,0.0619104,-0.542771,0.9999
-0.279897,0.10141,0.494112,0.9999
0.16086,0.415788,-0.162932,0.9999
-0.57955,-0.366597,0.697831,0.999901
0.314923,0.500144,-0.444913,0.999901
-0.0322913,0.86497,-0.458072,0.9999
0.490284,-0.101573,0.63175,0.9999
-0.61435,-0.320724,-0.297447,0.999899
-0.0746882,-0.380067,0.50917,0.999901
-0.232166,-0.52864,-0.613443,0.9999
0.47931,-0.862855,0.0744345,0.999899
0.270984,-0.708992,-0.483191,0.999899
0.087872,0.710456,-0.41251,0.9999
0.643236,0.27913,-0.0301825,0.9999
-0.425754,0.45513,0.526628,0.9999
-0.68284,0.239769,0.294297,0.999901
-0.876005,0.326564,-0.20786,0.9999
-0.325694,-0.200252,0.454214,0.999899
0.08385,-0.444565,-0.543369,0.9999
-0.226061,-0.839488,0.100544,0.9999
-0.292942,-0.31949,-0.825692,0.9999
-0.806662,0.0948691,0.0573414,0.9999
-0.0526996,-0.570025,0.21837,0.9999
-0.173989,0.840065,-0.285798,0.9999
0.0234112,-0.552389,-0.828005,0.9999
0.341193,-0.196067,-0.514835,0.999899
0.142854,-0.774343,0.125641,0.9999
-0.436744,0.796833,-0.272761,0.9999
-0.39268,-0.0900484,-0.549694,0.9999
-0.756105,0.305549,0.403979,0.999899
0.81926,-0.0831963,-0.560069,0.9999
0.446663,-0.0941512,-0.687613,0.9999
-0.413783,0.217149,0.843,0.9999
0.661772,-0.25108,0.525831,0.9999
-0.547758,-0.0655187,-0.0366837,0.9999
0.73812,-0.614997,-0.139479,0.9999
0.966416,-0.247663,-0.00225635,0.9999
0.288541,-0.332552,-0.00085689,0.9999
-0.343125,0.198694,-0.816574,0.999899
-0.846798,-0.0128199,0.109228,0.9999
-0.150003,-0.0387778,-0.718416,0.999899
-0.463732,0.118752,-0.0784833,0.9999
-0.299703,-0.0407519,0.090431,0.999899
-0.281296,0.252915,0.472807,0.9999
0.143768,-0.585086,-0.255138,0.9999
0.0719129,-0.144574,0.406438,0.9999
-0.0482598,0.858577,0.253461,0.9999
0.814503,-0.00107331,-0.356104,0.9999
-0.365039,0.629064,0.328149,0.9999
-0.401164,-0.377023,-0.694358,0.9999
-0.0334106,0.162746,-0.049778,0.9999
-0.645948,0.400712,0.255209,0.999899
0.0143167,-0.726141,0.570487,0.9999
0.262491,0.495595,0.291213,0.999899
-0.721861,-0.391929,0.0367685,0.9999
0.345843,0.0882158,-0.0324775,0.9999
0.141647,-0.569117,-0.138065,0.9999
0.469703,-0.135972,0.554352,0.9999
0.00973778,0.439062,0.577761,0.9999
0.241107,0.611347,0.604395,0.999901
-0.833233,0.284832,0.132842,0.9999
-0.115165,-0.136961,0.231855,0.9999
0.519559,0.541049,-0.0554467,0.999899
-0.0875796,-0.0661436,0.433638,0.999901
0.329197,-0.264557,0.296819,0.9999
-0.355936,-0.309955,-0.203391,0.9999
-0.122989,-0.042477,-0.908058,0.9999
-0.0597793,0.444428,0.779376,0.9999
-0.616249,-0.754109,0.124441,0.9999
0.316759,0.252427,0.635396,0.9999
-0.126062,-0.256444,0.776964,0.999899
0.661806,-0.211991,0.48394,0.999899
-0.176717,0.442262,-0.7144,0.9999
-0.324425,-0.0906342,0.555971,0.9999
-0.300287,0.0359711,-0.083294,0.9999
0.376141,0.128735,-0.68667,0.999901
0.875885,-0.167395,-0.202073,0.999899
-0.467898,-0.183734,-0.244261,0.999899
0.806748,0.434631,0.114723,0.9999
0.331022,-0.60192,-0.230409,0.9999
0.204514,-0.346086,0.397489,0.999899
0.359938,0.145577,0.224547,0.9999
0.232603,0.346585,-0.317326,0.999899
0.00193313,-0.0973409,-0.505065,0.9999
-0.536421,0.260449,0.349068,0.9999
-0.284788,-0.140583,-0.433944,0.9999
0.0797914,0.337514,-0.846465,0.999899
-0.135634,0.326345,0.774201,0.9999
0.0678576,-0.197083,-0.0458907,0.9999
0.24086,0.326873,0.844824,0.999901
0.459718,0.0648058,0.189775,0.9999
-0.147799,-0.939489,-0.0159323,0.9999
0.0282115,-0.0425185,0.0959549,0.999901
0.440842,0.344515,0.404516,0.9999
-0.104811,0.13963,0.455346,0.9999
0.489354,0.0449967,-0.606611,0.9999
-0.11427,-0.0241733,-0.535,0.999899
-0.183362,-0.252569,0.0701676,0.9999
0.642465,-0.507809,0.362602,0.9999
0.452658,-0.0180663,-0.320512,0.9999
-0.0526845,0.0224207,0.408508,0.9999
0.641067,-0.00859666,0.729251,0.9999
0.305236,-0.202854,-0.0277822,0.999901
0.530481,0.353178,0.116225,0.9999
0.459602,0.721626,-0.0293179,0.9999
0.161905,0.713533,0.323217,0.9999
-0.127472,0.02283,-0.267127,0.9999
-0.576587,-0.233914,-0.690418,0.9999
0.23135,0.227466,0.534887,0.9999
-0.486126,0.147581,0.813377,0.9999
0.561798,-0.7255,0.0548406,0.999899
0.0311161,0.239159,-0.871893,0.999901
-0.208735,-0.469399,-0.680267,0.9999
0.258857,0.0210676,-0.367356,0.9999
0.516325,0.411326,-0.403652,0.9999
-0.392689,-0.53608,-0.33125,0.9999
-0.925381,-0.107673,0.159099,0.9999
0.0854304,0.73659,-0.111248,0.999901
0.215404,-0.428818,0.609267,0.9999
-0.0391487,-0.0577089,0.810812,0.999899
0.654853,0.694736,0.125634,0.999899
-0.0824854,-0.364821,-0.263328,0.9999
0.544785,-0.78394,0.139232,0.9999
0.519267,-0.0742945,-0.724994,0.999901
-0.689026,0.458104,-0.239225,0.9999
-0.26586,0.499781,0.684778,0.9999
-0.34352,0.159972,0.0854174,0.999901
-0.417092,0.0398685,-0.75731,0.9999
0.0836949,0.452621,-0.674765,0.9999
0.589628,-0.284032,-0.366437,0.999901
0.482831,-0.273527,0.05451,0.9999
-0.270985,0.110454,0.2827,0.9999
-0.482849,-0.555803,0.672742,0.9999
0.406428,-0.311348,0.138969,0.9999
0.226428,-0.230046,-0.0978938,0.9999
0.416966,-0.0574776,-0.264921,0.9999
0.34794,0.235931,-0.334015,0.9999
0.65993,0.541468,0.088146,0.9999
0.412381,0.859232,0.217193,0.9999
0.0734243,0.775614,-0.600053,0.9999
-0.774287,-0.0626129,-0.227938,0.9999
-0.935797,-0.345561,0.0449936,0.9999
-0.262841,0.225261,-0.47144,0.9999
-0.946076,0.225542,0.225497,0.9999
-0.64106,0.518921,-0.316867,0.9999
-0.180071,0.27919,-0.628146,0.9999
0.709629,0.417577,0.0684726,0.9999
-0.747942,-0.22137,-0.397725,0.999899
0.168917,-0.567462,0.287404,0.999899
-0.721669,-0.0694818,0.0351964,0.9999
-0.110784,-0.422189,0.851962,0.9999
-0.031755,-0.0529552,0.256848,0.999899
-0.593412,-0.122938,0.55811,0.9999
-0.623875,0.49718,-0.207038,0.9999
0.872114,-0.00899859,0.24162,0.999901
0.0058285,0.228529,0.851647,0.9999
-0.525451,0.671146,-0.423683,0.9999
0.28333,-0.0721603,0.0752489,0.9999
-0.570143,0.0785998,0.757499,0.9999
0.083096,0.130859,0.428916,0.9999
0.413822,0.139098,0.0798923,0.999901
0.0504897,0.515371,-0.594126,0.9999
0.593702,0.409795,0.244571,0.9999
0.222976,-0.359526,-0.795538,0.9999
-0.803109,-0.282739,0.471094,0.999901
0.0442343,0.4682,0.114148,0.999899
-0.531838,-0.614737,0.132346,0.9999
0.796854,-0.545733,0.161043,0.9999
0.391346,0.893741,-0.192427,0.9999
-0.16551,0.747144,-0.520714,0.9999
-0.311047,-0.755997,0.259616,0.9999
-0.361179,-0.477012,-0.333703,0.9999
-0.0365701,-0.829967,0.456114,0.9999
0.415004,-0.628079,-0.224191,0.9999
0.112334,0.0877015,-0.176502,0.999901
0.863367,-0.444713,-0.148022,0.9999
0.132501,-0.74949,0.118788,0.9999
0.130683,0.467916,-0.363924,0.9999
0.0589096,-0.681274,-0.214702,0.999901
0.401144,-0.461151,0.788865,0.9999
0.772007,-0.407721,-0.459019,0.9999
-0.450433,-0.58149,0.28803,0.9999
0.173949,-0.442952,0.191496,0.9999
0.77205,-0.0169095,-0.149986,0.9999
0.041392,0.227487,0.533624,0.9999
-0.622361,-0.238219,0.245911,0.9999
0.14015,-0.693997,-0.497108,0.9999
0.168798,0.143676,-0.680449,0.999899
-0.428771,-0.686385,0.419938,0.9999
0.0933215,-0.238629,0.00025158,0.9999
-0.742957,0.65956,-0.00447337,0.9999
-0.168358,-0.783619,-0.44531,0.999901
-0.384411,-0.590198,-0.0433797,0.999899
0.52865,0.427435,-0.593057,0.9999
-0.44878,-0.28195,0.679403,0.9999
0.439382,0.426734,-0.305485,0.9999
-0.247649,0.502213,0.155828,0.9999
-0.780355,0.0988857,-0.199229,0.9999
-0.90359,0.185189,-0.377998,0.999901
-0.601748,-0.579083,0.0168909,0.9999
-0.729454,-0.135398,0.0929416,0.9999
-0.672653,-0.385207,0.624545,0.9999
-0.580081,-0.767666,0.220128,0.999901
0.558036,0.696924,0.159056,0.999899
0.449049,-0.684998,0.37566,0.999899
0.1406,0.302823,-0.208332,0.9999
-0.79093,0.178448,-0.361175,0.9999
-0.356282,-0.407664,0.0722282,0.9999
-0.478733,0.329489,-0.214968,0.9999
-0.38173,-0.65543,0.293418,0.9999
-0.81722,-0.418049,0.255687,0.9999
0.154232,-0.704702,0.521357,0.9999
0.635845,-0.122911,0.131448,0.9999
0.40088,0.449161,0.743576,0.9999
-0.0770069,-0.624755,-0.698897,0.9999
-0.250375,-0.559586,0.732895,0.999899
0.151174,-0.333759,0.77148,0.999901
-0.0898246,0.43879,-0.359424,0.9999
0.208256,0.524101,-0.298098,0.9999
-0.807417,-0.516921,0.0692784,0.999899
0.604108,-0.289712,-0.0878135,0.9999
-0.669612,0.161791,0.379645,0.9999
-0.0764315,-0.435788,0.417188,0.9999
-0.724397,-0.206778,0.156931,0.999899
-0.734096,0.478634,-0.362822,0.9999
-0.0228075,0.209346,-0.464226,0.9999
-0.723813,-0.378129,-0.206732,0.9999
0.500988,0.0112485,0.152628,0.9999
-0.324857,-0.577838,-0.286433,0.9999
0.489506,0.251412,-0.0561581,0.9999
-0.121465,0.857874,-0.132958,0.999899
0.499052,0.143271,-0.672176,0.9999
0.0231717,0.192545,-0.942948,0.999901
0.382549,0.669236,0.484788,0.9999
0.232206,0.465068,0.0936486,0.9999
0.0502167,0.0680235,0.710137,0.999899
-0.159999,-0.818178,0.00456039,0.999899
0.512642,0.506709,-0.0651495,0.9999
0.430638,-0.361762,-0.274406,0.999899
0.364678,-0.610466,0.441794,0.999901
0.466822,0.375919,0.130108,0.9999
0.112513,0.100034,0.636701,0.9999
0.56821,0.341658,-0.63375,0.9999
-0.215762,0.874706,-0.0843272,0.9999
0.114152,0.215754,0.207244,0.9999
0.439239,-0.0734443,-0.0320135,0.9999
0.488924,-0.422886,-0.355261,0.9999
0.910117,-0.141061,-0.108847,0.9999
0.225342,0.20774,0.156365,0.9999
0.660553,0.385062,0.47093,0.9999
0.144116,0.624079,0.572134,0.9999
0.613929,-0.206177,-0.324945,0.9999
-0.321111,0.0472375,-0.249443,0.9999
-0.00909155,-0.319039,0.3984,0.9999
0.120993,0.119026,-0.633918,0.9999
-0.49998,-0.601146,0.0512323,0.9999
-0.218879,-0.588537,-0.634133,0.9999
0.651403,0.292159,-0.60994,0.9999
-0.359239,-0.852488,-0.0194008,0.999901
-0.525056,0.199836,-0.770055,0.9999
-0.877029,0.0772295,0.307471,0.9999
-0.0800286,-0.186083,-0.407451,0.999899
-0.84272,0.0577169,-0.527124,0.9999
-0.0885794,-0.1901,-0.593615,0.9999
-0.119786,0.271527,-0.678194,0.9999
-0.175123,0.493715,-0.772108,0.9999
-0.131059,-0.50893,-0.353416,0.9999
-0.389912,0.837445,-0.187165,0.9999
-0.798511,0.265719,-0.177617,0.9999
-0.546242,-0.408885,-0.393512,0.9999
-0.24901,-0.503861,0.704922,0.9999
-0.642735,-0.632183,-0.284459,0.9999
0.0812001,-0.0611293,0.844203,0.9999
-0.603941,0.518285,0.31394,0.9999
0.629706,-0.338057,0.0484519,0.9999
0.218602,-0.183661,-0.196623,0.999899
-0.598754,0.0943228,0.748254,0.9999
0.818144,-0.515493,0.213107,0.9999
-0.523311,-0.244085,0.0126313,0.999899
-0.026593,-0.339346,0.485392,0.9999
-0.768324,-0.221971,0.583679,0.9999
-0.174869,-0.913122,-0.181745,0.9999
-0.396938,-0.216336,-0.299497,0.999901
-0.0930062,-0.981909,-0.0633134,0.9999
-0.370613,0.115731,-0.717945,0.999901
0.538915,0.323693,-0.301639,0.999901
-0.653103,0.400855,-0.189857,0.9999
0.292593,-0.774743,-0.0555175,0.9999
0.353533,0.358728,-0.559589,0.9999
-0.407501,0.0234127,0.0223551,0.9999
0.682719,0.412621,0.535532,0.9999
0.606413,-0.193637,0.747413,0.9999
0.337618,0.160773,0.553899,0.999901
-0.215993,0.245238,0.099734,0.9999
-0.145519,-0.336543,-0.19107,0.9999
0.686661,-0.494844,-0.3267,0.9999
-0.0815105,0.327781,-0.0230421,0.9999
0.139069,-0.0922492,-0.468027,0.9999
0.707698,0.309108,0.247595,0.9999
0.206331,-0.0917333,0.217537,0.9999
0.851424,0.220676,-0.31613,0.999901
0.77621,-0.594011,-0.0974137,0.9999
0.108494,-0.0687942,-0.637202,0.9999
-0.0679873,0.304224,-0.308069,0.9999
0.62715,-0.176396,0.399235,0.9999
0.395934,-0.290516,0.159508,0.9999
-0.641635,0.036291,0.740018,0.9999
0.0164822,0.64244,0.3853,0.9999
0.612489,0.055538,-0.650266,0.999899
0.364056,0.0333141,-0.0853462,0.9999
-0.711167,-0.351358,0.153242,0.999899
0.349397,-0.0601919,-0.840417,0.9999
0.3137,-0.638898,-0.00445005,0.9999
0.124694,0.153607,0.217249,0.9999
-0.634231,0.583169,0.0945487,0.9999
-0.432795,-0.146562,-0.812184,0.9999
-0.8797,-0.421112,-0.00622582,0.999901
0.577582,0.651324,0.452026,0.9999
0.0483209,-0.428252,-0.46956,0.9999
0.514019,-0.192115,0.348677,0.9999
0.266053,-0.0646523,-0.1177,0.9999
0.593845,0.181637,0.350114,0.999899
-0.390386,-0.466405,-0.353269,0.9999
-0.57598,-0.169574,0.452187,0.999901
-0.0656632,-0.266828,-0.692874,0.9999
0.362149,0.435285,-0.685527,0.999901
-0.865462,-0.116062,-0.257264,0.9999
0.835885,0.177323,-0.221138,0.999901
-0.970798,0.16969,-0.0348236,0.9999
0.093728,-0.324082,-0.519974,0.9999
-0.397702,-0.0594052,0.533457,0.9999
-0.781951,-0.111846,-0.370454,0.9999
0.181194,-0.131614,0.17041,0.9999
0.0880808,-0.180283,0.406705,0.9999
-0.031163,0.364561,0.439574,0.9999
-0.120823,0.74306,0.624334,0.9999
-0.374538,-0.726717,0.34133,0.9999
-0.342861,0.133465,-0.00754729,0.9999
-0.39644,0.594196,0.205389,0.999901
0.579748,0.498197,0.339382,0.9999
0.463986,-0.18414,0.0877895,0.9999
-0.173993,0.723584,-0.661058,0.9999
0.162999,-0.11844,0.966395,0.9999
0.440719,-0.339025,-0.179575,0.9999
0.1285,-0.0436094,0.341011,0.999899
0.602946,-0.599379,-0.252366,0.9999
0.0926897,0.715996,-0.546906,0.9999
0.274777,-0.307012,0.526795,0.9999
0.0822791,-0.421791,0.256584,0.9999
0.418519,-0.193941,-0.373333,0.9999
-0.696068,-0.335442,-0.350256,0.9999
0.606823,-0.306347,-0.53275,0.9999
-0.694348,-0.270437,0.433093,0.999901
-0.548846,-0.3478,0.721227,0.9999
0.35426,-0.791417,0.301031,0.9999
0.948516,0.203082,0.122495,0.9999
-0.517043,-0.424369,0.71833,0.9999
-0.111316,-0.3794,-0.211135,0.9999
0.144277,0.0917973,-0.759654,0.999901
-0.108858,0.725346,0.361535,0.9999
-0.0424706,-0.275021,-0.236642,0.999901
0.739556,0.494422,0.363676,0.9999
-0.0662969,-0.422431,0.36991,0.9999
0.584988,0.0521778,-0.477959,0.9999
0.70884,0.267946,0.111675,0.9999
0.104603,-0.317952,0.777369,0.9999
0.340925,0.561985,0.489632,0.999899
-0.282767,0.417661,-0.423328,0.9999
-0.866466,0.294757,0.176714,0.999899
-0.451231,-0.258504,-0.562252,0.999901
0.337787,0.0024242,-0.923445,0.9999
-0.252047,-0.112699,-0.68341,0.9999
-0.0777785,0.237168,0.818766,0.9999
-0.653352,0.117116,0.38817,0.9999
-0.683461,-0.541938,0.465175,0.9999
-0.205282,-0.644753,0.217258,0.9999
-0.0348314,-0.685019,0.639065,0.9999
-0.582977,-0.312477,0.217364,0.999899
0.151021,-0.207113,0.0360672,0.9999
-0.857994,0.0227664,0.343966,0.999899
-0.0220167,0.642942,0.571415,0.999899
0.535654,0.671868,-0.337125,0.9999
-0.129402,-0.555525,0.349167,0.9999
-0.309097,-0.934476,0.0757966,0.9999
-0.0319696,-0.365473,0.649228,0.9999
0.00465997,0.551778,-0.085843,0.9999
-0.0226837,0.548585,-0.284789,0.9999
-0.4459,0.0835463,-0.185919,0.9999
-0.717856,-0.400357,0.125474,0.9999
-0.245915,-0.162299,0.185874,0.9999
-0.677933,0.273319,0.461479,0.9999
0.0902363,-0.454304,0.264472,0.999899
-0.28787,0.392627,0.491685,0.9999
-0.461129,0.396563,0.653935,0.9999
0.779836,-0.177012,-0.1334,0.9999
0.687189,0.2034,-0.27569,0.999901
0.34597,-0.576341,0.134533,0.9999
0.142613,0.0316105,-0.149193,0.9999
-0.242738,-0.128823,0.802541,0.9999
0.413382,-0.414803,0.385735,0.9999
0.342343,-0.129027,-0.245569,0.9999
0.403719,0.34097,-0.550747,0.9999
-0.544826,-0.668583,0.0773933,0.9999
0.647042,-0.208233,-0.44453,0.9999
-0.140647,0.501565,0.348948,0.9999
0.0964591,-0.440968,-0.0108215,0.9999
-0.13916,-0.383778,-0.0796995,0.9999
-0.731761,-0.366286,-0.385186,0.9999
0.345856,-0.603123,0.0618348,0.9999
0.470767,-0.592001,0.124982,0.9999
-0.672555,0.561458,-0.363763,0.9999
0.01593,0.228011,0.899334,0.9999
-0.103111,-0.784508,0.178967,0.9999
-0.0384331,0.132384,-0.0414114,0.9999
0.920276,-0.293718,-0.118859,0.9999
-0.452695,-0.621791,-0.109687,0.9999
-0.434285,-0.208727,0.722171,0.999901
-0.879251,0.143275,0.129447,0.999899
-0.565807,0.10888,0.475544,0.9999
0.035533,0.0714129,0.0462968,0.999899
0.132054,-0.792799,-0.451438,0.9999
0.354933,-0.226766,0.370631,0.9999
0.384823,-0.773437,-0.157205,0.9999
-0.610373,0.375628,0.25079,0.9999
0.304918,0.172684,-0.223049,0.9999
-0.156016,-0.39065,0.814582,0.9999
0.228876,-0.734298,-0.0608598,0.9999
-0.82856,0.289638,0.365182,0.9999
-0.281493,-0.184246,-0.105284,0.9999
0.64462,0.0723343,0.583399,0.999899
0.722257,-0.628457,0.27242,0.999901
0.361384,-0.518762,0.479692,0.9999
0.0764581,-0.701395,0.320106,0.9999
-0.541888,0.306703,0.543994,0.9999
0.516067,-0.130195,0.419859,0.999901
0.851488,0.385142,0.00776861,0.9999
0.503414,-0.119102,-0.140823,0.9999
-0.346722,-0.158735,0.697137,0.9999
-0.247977,0.30264,-0.0436715,0.9999
0.305211,0.52795,0.252692,0.9999
-0.34029,-0.358797,-0.163822,0.999901
0.702578,0.670771,0.109387,0.9999
-0.588218,-0.206794,-0.622593,0.9999
-0.830402,0.106397,0.296104,0.999899
-0.28417,0.436487,-0.603693,0.9999
-0.803969,-0.342826,-0.132704,0.9999
0.712391,0.599854,-0.291611,0.9999
0.579459,0.587318,0.117192,0.9999
-0.250946,-0.346114,-0.596628,0.9999
0.0752506,0.665433,-0.266707,0.999901
-0.0742805,0.00577619,-0.0746205,0.9999
0.676331,0.0984096,0.591847,0.9999
0.969266,0.200331,-0.0624863,0.9999
-0.125922,0.569816,-0.353276,0.999901
-0.605799,0.751309,-0.0796529,0.9999
0.661534,-0.21271,-0.567007,0.9999
0.0510688,-0.677137,-0.72138,0.9999
0.394944,0.474186,-0.322423,0.9999
0.108223,-0.686006,0.0893223,0.9999
-0.172511,-0.514049,-0.345396,0.9999
0.549609,-0.57032,0.172054,0.9999
0.751448,0.263447,-0.337861,0.9999
-0.471311,-0.429568,0.614208,0.9999
0.476729,-0.405147,-0.560811,0.999899
0.425617,-0.0130847,0.110522,0.9999
0.0462486,0.451934,0.21831,0.9999
0.443535,-0.242406,0.389988,0.9999
0.00605368,-0.204916,-0.860849,0.9999
0.324938,-0.669854,-0.347074,0.9999
0.20892,-0.0201475,0.0749545,0.9999
0.256744,-0.913854,0.181543,0.9999
-0.510266,0.722262,0.131416,0.9999
0.939452,-0.266399,0.163487,0.999899
-0.41688,0.778236,0.403706,0.9999
-0.253396,0.435222,0.519929,0.9999
-0.191598,-0.528449,0.291329,0.9999
0.149438,0.441606,0.0217987,0.9999
-0.470309,0.173153,-0.658846,0.9999
0.143704,-0.363986,-0.866679,0.9999
0.361626,-0.13854,0.467289,0.9999
0.300583,-0.56838,-0.505384,0.9999
-0.167456,-0.680905,-0.0272744,0.9999
-0.612508,0.493312,-0.0854005,0.9999
0.372911,-0.372179,-0.661935,0.999899
0.475662,0.535334,0.671745,0.9999
0.212106,0.446182,-0.742975,0.9999
0.193059,-0.883543,-0.354618,0.9999
0.434392,-0.320329,0.145453,0.9999
0.0433252,-0.171102,0.606767,0.9999
0.60427,-0.0706628,0.300237,0.9999
-0.359407,-0.587274,-0.527061,0.9999
0.639011,0.0373515,0.142574,0.999901
0.581051,-0.405814,0.504406,0.9999
0.737371,0.591247,-0.250587,0.9999
-0.364843,-0.50237,0.333656,0.9999
-0.451198,-0.674121,0.404671,0.9999
0.497058,-0.664771,-0.145577,0.9999
-0.792208,0.253103,0.0319811,0.999899
-0.414699,0.208537,-0.80432,0.999899
-0.910705,-0.236795,0.249817,0.9999
0.652803,-0.688495,0.264679,0.9999
0.82169,0.342977,-0.223348,0.9999
-0.4458,-0.550157,0.129143,0.9999
0.176449,0.270888,-0.391108,0.9999
0.587175,-0.588491,0.340084,0.9999
-0.515329,0.307177,0.311302,0.9999
-0.462916,0.334913,0.334965,0.9999
-0.14105,-0.133739,-0.803175,0.9999
-0.415649,-0.15536,-0.0135233,0.9999
-0.918085,-0.283399,-0.0973512,0.999901
-0.0331062,0.780462,-0.376849,0.9999
0.395034,0.378573,-0.289182,0.9999
-0.0834907,0.381545,-0.765146,0.9999
-0.488859,0.44471,0.643602,0.999899
-0.094209,0.65099,-0.52104,0.9999
0.319462,-0.369265,-0.265028,0.9999
0.0051205,-0.261279,-0.324391,0.9999
-0.472059,0.553871,-0.110109,0.9999
0.446271,0.379169,0.0508148,0.999901
-0.453167,0.555273,0.265105,0.999899
0.388531,-0.399195,-0.456767,0.9999
-0.208816,-0.755577,0.579348,0.9999
0.524685,0.804905,-0.187774,0.9999
-0.063287,-0.277968,0.832102,0.9999
-0.10505,-0.201237,-0.637035,0.999901
0.54539,0.44702,-0.222281,0.9999
0.0931938,0.0207734,0.699,0.9999
-0.468983,-0.224247,0.817652,0.9999
-0.376766,0.509144,-0.229325,0.9999
-0.432995,-0.242719,-0.477513,0.9999
0.422985,0.347892,0.800049,0.9999
-0.264332,-0.841523,-0.187292,0.9999
-0.698483,0.248845,-0.316772,0.9999
0.820614,0.386668,-0.40694,0.999899
0.104495,0.280017,0.42968,0.999901
-0.485019,0.433168,-0.659644,0.999901
0.352853,-0.462089,-0.253388,0.999899
-0.487401,-0.115574,-0.722796,0.999901
0.790085,0.578497,-0.0725902,0.9999
0.878027,0.253634,0.314491,0.999899
0.122557,0.447368,-0.814169,0.999899
-0.339636,-0.864561,-0.198775,0.9999
-0.660435,-0.000867041,-0.423263,0.9999
-0.472599,0.379059,0.643818,0.9999
-0.474504,0.768473,0.270681,0.999901
-0.430381,0.173578,-0.537756,0.9999
-0.411062,-0.399932,-0.183534,0.9999
-0.313822,-0.351028,-0.791645,0.9999
-0.211634,0.562399,-0.240757,0.9999
-0.71234,-0.54036,-0.223351,0.9999
-0.1788,0.173349,-0.596818,0.9999
-0.599629,-0.288798,-0.184908,0.9999
-0.901102,0.230974,-0.162807,0.9999
-0.188895,-0.251461,-0.699416,0.9999
-0.0575595,-0.805298,-0.403947,0.9999
0.22395,-0.279789,0.188598,0.9999
-0.062046,0.159305,-0.445626,0.9999
0.108366,0.469957,-0.0082482,0.9999
0.392144,0.452545,-0.49257,0.9999
-0.132694,0.225997,-0.798051,0.9999
-0.842062,-0.0412662,0.419722,0.9999
0.188481,-0.217712,0.347728,0.9999
0.638488,-0.0475844,-0.100015,0.9999
-0.65129,0.59122,0.0384382,0.9999
-0.0166043,0.289094,0.126569,0.999899
-0.0514902,0.146106,-0.699531,0.999899
-0.0049163,0.80126,-0.415328,0.9999
-0.732509,0.00060821,-0.232144,0.9999
0.660502,-0.0541869,-0.42128,0.9999
0.290773,0.612343,-0.468056,0.9999
-0.20925,-0.025471,0.789334,0.999901
-0.0528665,-0.301027,-0.872041,0.9999
0.519891,-0.327546,-0.591983,0.999901
-0.545808,0.350301,-0.672591,0.9999
0.0730111,-0.208486,-0.118379,0.9999
0.752791,-0.279312,-0.389791,0.9999
0.821894,-0.247506,-0.47611,0.9999
0.63876,0.614806,0.178807,0.9999
-0.633085,-0.377067,-0.544576,0.9999
-0.601298,-0.300299,0.606054,0.9999
-0.528733,-0.398687,-0.433287,0.9999
0.225039,0.720467,0.208014,0.9999
0.147157,0.06589,0.807355,0.9999
-0.0979334,0.859505,-0.209812,0.9999
-0.815842,0.129715,-0.385171,0.9999
-0.458662,0.176054,0.722455,0.9999
0.153347,0.0460751,-0.0696308,0.9999
0.0229242,0.645084,0.555711,0.9999
0.151086,0.0238343,-0.767539,0.9999
-0.0389799,0.65639,0.514825,0.9999
-0.834235,-0.00625003,0.2206,0.9999
0.626366,0.0258367,0.528292,0.999901
0.426564,-0.739089,-0.361403,0.999899
-0.00329446,-0.328709,0.70848,0.9999
0.162154,0.367326,-0.342049,0.999899
-0.507286,-0.077867,0.458786,0.9999
0.546857,0.406182,-0.235234,0.999901
-0.49341,-0.732899,-0.147361,0.9999
-0.280307,0.930123,0.203905,0.9999
-0.222197,-0.297698,0.703746,0.9999
-0.155709,0.0177779,-0.746768,0.999899
-0.601402,0.07608,0.0779001,0.9999
-0.389476,-0.872897,0.0504166,0.9999
-0.442493,-0.354273,0.431661,0.999901
0.958358,0.036399,-0.0667128,0.999899
-0.095921,0.108872,-0.365639,0.9999
0.570098,-0.277467,-0.0239596,0.9999
-0.18877,-0.280591,-0.889176,0.9999
0.437889,0.0496354,0.833761,0.9999
0.538275,-0.386174,-0.557518,0.9999
0.283208,-0.398364,-0.658481,0.9999
-0.152807,-0.417811,-0.247141,0.9999
-0.251715,0.55045,0.268966,0.9999
-0.754336,0.640566,0.117263,0.9999
0.356737,0.510306,-0.760634,0.999901
0.151279,0.1869,-0.0995065,0.9999
-0.636921,-0.00927424,0.456665,0.9999
0.579856,-0.114214,0.377114,0.9999
0.672039,-0.0956617,0.324611,0.9999
0.0352889,-0.854592,-0.50325,0.9999
-0.525504,0.300245,-0.0851567,0.9999
-0.441339,0.0568347,0.0297848,0.9999
0.768675,-0.461,-0.427876,0.9999
0.321668,-0.267163,-0.274345,0.999899
0.473623,0.589756,0.243897,0.9999
-0.352827,0.0054775,-0.213656,0.9999
-0.00624551,-0.69202,0.261553,0.999901
0.129346,0.677054,0.444478,0.999901
0.0228717,-0.335524,-0.764836,0.999899
-0.756095,-0.383626,-0.247565,0.9999
-0.783975,-0.501463,0.294721,0.9999
0.540557,0.553555,-0.376132,0.999901
0.0268804,0.186766,-0.281524,0.9999
-0.310216,-0.36507,-0.689748,0.9999
-0.298363,-0.0795263,0.837051,0.9999
0.307093,-0.251543,-0.144857,0.9999
0.0523148,0.870807,0.195957,0.999899
0.625272,-0.761289,0.134784,0.9999
0.271345,0.00906476,0.883726,0.9999
-0.360642,0.0256709,0.216274,0.9999
-0.250811,0.609114,-0.549321,0.9999
0.63162,-0.551291,-0.330031,0.9999
-0.380004,-0.206669,0.0580231,0.9999
-0.865743,0.210875,-0.080522,0.9999
-0.0796696,-0.0217256,0.645026,0.999901
-0.6021,0.0255415,0.604452,0.9999
-0.384172,0.121912,-0.809309,0.9999
-0.0914878,0.559912,-0.499737,0.9999
0.373223,-0.359672,-0.537026,0.9999
-0.563384,-0.685406,-0.355631,0.999899
-0.107136,-0.389672,-0.835511,0.999901
0.300493,-0.530489,0.203846,0.9999
0.167525,0.19999,0.675611,0.9999
0.253137,0.643177,0.142464,0.999901
-0.0309381,0.340061,0.483082,0.999901
-0.360015,0.110532,0.199481,0.9999
-0.20615,0.629044,0.0824056,0.9999
-0.244378,-0.515013,-0.321918,0.9999
0.517587,0.232241,0.807897,0.9999
0.379929,0.0893572,0.837865,0.999899
0.845059,-0.263631,-0.45984,0.9999
0.483953,-0.235626,0.663163,0.9999
0.189562,0.758053,-0.340561,0.9999
0.305215,-0.180154,0.111592,0.9999
-0.404687,0.318249,-0.0747071,0.9999
0.709524,0.673928,-0.134275,0.9999
0.371986,-0.76178,0.466339,0.9999
0.214448,-0.690574,0.115568,0.9999
0.76731,-0.0363296,0.0568237,0.9999
-0.717284,0.462898,-0.487296,0.999899
0.135137,-0.397879,-0.365377,0.9999
-0.244877,-0.413044,0.121489,0.999899
-0.568218,-0.35167,0.353031,0.9999
-0.0676311,-0.519259,0.608399,0.9999
0.425679,0.262294,0.749688,0.9999
-0.800856,-0.446709,-0.16499,0.9999
-0.111041,-0.37466,-0.883131,0.999899
-0.561746,-0.766247,0.305844,0.9999
0.00387975,0.050339,0.00165047,0.9999
-0.549215,0.159583,-0.177077,0.999899
0.590618,0.188669,0.777158,0.9999
-0.0835958,0.892893,0.111322,0.9999
0.532824,-0.511796,-0.460429,0.9999
0.483384,-0.536076,0.111065,0.9999
-0.00663075,-0.0640302,-0.00120308,0.9999
0.713803,-0.406192,-0.337849,0.9999
-0.112775,-0.0415064,0.414505,0.999899
-0.250474,-0.00649635,0.820142,0.9999
-0.154827,-0.366032,-0.590593,0.9999
0.853725,0.445566,-0.00624816,0.9999
0.116644,0.715256,-0.363222,0.9999
0.0520904,-0.272756,-0.228456,0.9999
-0.684756,-0.319397,-0.351107,0.9999
0.716964,-0.470388,0.25306,0.9999
0.21921,0.474287,-0.337468,0.999899
-0.163311,-0.0843333,0.53082,0.9999
-0.135901,0.738538,-0.511258,0.999901
-0.0815947,0.389196,-0.113483,0.999899
-0.245752,0.439903,-0.410157,0.9999
0.184641,-0.201142,-0.234132,0.9999
-0.0638724,-0.16946,-0.298892,0.9999
-0.348993,-0.765201,-0.15094,0.9999
-0.152409,-0.346549,0.444127,0.999899
0.553456,-0.425407,0.498119,0.9999
-0.0597629,0.284448,-0.486808,0.9999
-0.805641,-0.105308,0.277361,0.9999
0.0797506,-0.367979,-0.819998,0.9999
0.975427,-0.131431,0.0635681,0.9999
0.234574,-0.21834,0.805655,0.999899
-0.292565,-0.503562,0.389755,0.9999
-0.114537,0.410604,-0.420971,0.9999
0.425582,0.746991,0.110365,0.9999
-0.34626,-0.160353,-0.549968,0.9999
-0.806536,0.348145,-0.396779,0.9999
-0.296408,0.0507888,-0.0257705,0.9999
0.109898,-0.651808,-0.636241,0.999899
0.245413,0.637189,-0.417999,0.9999
0.41708,0.527985,0.462613,0.9999
0.424553,0.260706,0.55451,0.9999
-0.661421,0.406355,0.613405,0.9999
-0.512217,-0.612844,0.327793,0.9999
0.617172,0.368748,0.105911,0.9999
-0.458481,-0.550439,-0.420745,0.9999
-0.0114122,-0.615988,-0.701439,0.999899
0.273678,-0.0714485,-0.78191,0.9999
-0.775758,0.555652,-0.232985,0.999899
-0.273849,0.36699,0.286516,0.9999
0.171311,0.588517,-0.150631,0.9999
-0.129152,-0.262894,0.101628,0.9999
-0.600584,-0.505746,-0.00269492,0.9999
0.137343,0.514601,0.355206,0.9999
-0.612107,0.19162,0.00228953,0.9999
-0.849298,-0.0202302,-0.0649374,0.999901
-0.22586,0.926367,-0.246299,0.9999
0.530836,0.27449,0.284893,0.9999
0.322639,-0.603628,-0.580633,0.9999
-0.731073,0.140704,0.419603,0.9999
0.0818672,0.601988,0.327566,0.9999
-0.445555,0.672478,0.336167,0.9999
0.39301,-0.615705,-0.116654,0.9999
0.165517,0.0659339,0.449262,0.9999
-0.0930283,0.180478,-0.337188,0.9999
0.856003,0.0513745,-0.389042,0.9999
-0.658555,-0.0840555,-0.610512,0.999901
0.465887,0.834901,0.188994,0.9999
-0.593459,-0.0374947,0.358318,0.9999
-0.0764472,-0.193591,0.400841,0.999901
-0.214004,0.00838595,-0.397247,0.9999
0.289598,-0.546314,0.0629864,0.999899
-0.677693,0.177742,0.576433,0.9999
-0.0402895,0.273494,-0.0666071,0.9999
-0.277998,-0.0892012,-0.633229,0.9999
-0.528227,0.48655,0.516006,0.999901
0.48813,0.278552,-0.304404,0.9999
0.331716,0.687374,0.518346,0.9999
-0.303383,-0.0715747,-0.525276,0.9999
-0.502425,-0.389038,0.0104612,0.9999
-0.0271493,-0.0239683,0.50953,0.999901
-0.10798,-0.119846,0.874514,0.9999
0.0988584,-0.588021,-0.70593,0.9999
0.163781,-0.434558,-0.489431,0.9999
-0.081083,-0.432368,-0.853663,0.9999
0.837463,0.14814,0.514545,0.9999
0.0984566,-0.733473,0.217105,0.999901
-0.903414,0.192075,0.248585,0.9999
-0.0727412,-0.141442,0.00830171,0.999901
-0.49468,0.351442,-0.763233,0.9999
-0.360864,0.223422,-0.492036,0.9999
-0.16544,0.59237,-0.542431,0.999901
0.355757,0.06649,0.481868,0.9999
-0.150864,0.476427,0.226102,0.9999
-0.0178548,-0.529724,0.631702,0.9999
0.397653,-0.481554,0.227851,0.9999
0.646807,-0.31276,-0.0492024,0.9999
-0.0532276,0.276887,-0.647706,0.9999
0.692525,0.10722,-0.313944,0.9999
-0.284068,0.330034,-0.77506,0.9999
-0.621968,-0.223961,-0.612226,0.9999
0.465621,0.0293857,0.259842,0.999901
-0.419123,0.313611,0.235532,0.9999
0.70172,0.548782,-0.156097,0.999899
0.846786,-0.0505477,0.138238,0.999899
-0.630602,0.0519484,-0.181777,0.999901
0.671625,-0.452563,-0.0286899,0.9999
-0.273906,0.478987,-0.53285,0.999899
-0.0791188,-0.814712,-0.413925,0.9999
0.570216,0.398428,0.653842,0.9999
0.326644,0.495564,0.65848,0.9999
-0.607611,-0.0631768,0.361968,0.9999
-0.0893841,-0.101845,0.0089789,0.9999
-0.722514,0.0429954,0.209248,0.999899
0.582115,-0.296763,0.333392,0.9999
0.798336,-0.0331932,-0.27903,0.9999
-0.0134532,-0.740002,-0.450199,0.9999
-0.825494,0.464289,-0.147831,0.9999
0.815942,-0.137969,-0.466908,0.9999
0.205733,0.48771,0.20372,0.9999
0.436751,0.139262,-0.0989216,0.9999
0.125282,-0.727378,-0.37953,0.9999
0.704392,-0.243069,0.0313407,0.9999
-0.524756,0.678406,-0.262494,0.9999
-0.637909,-0.717787,0.241476,0.9999
-0.316762,-0.0137907,0.000637615,0.999899
-0.00398841,-0.42044,0.863694,0.9999
-0.529855,0.361002,0.123222,0.9999
0.562516,0.135566,0.75487,0.9999
0.533592,-0.479387,0.47561,0.9999
-0.0830829,0.222849,-0.545525,0.9999
0.329222,0.619483,0.311401,0.999899
-0.267461,0.00466436,-0.175729,0.9999
-0.404189,0.308386,0.189312,0.9999
0.128971,0.306667,-0.0905785,0.9999
-0.106485,-0.606215,0.709687,0.9999
0.183377,0.728365,-0.230821,0.9999
0.307231,-0.674809,0.0548807,0.9999
0.329208,-0.286948,0.459981,0.9999
0.0044629,-0.0912079,0.928471,0.9999
0.515896,-0.14083,-0.600422,0.9999
-0.731639,0.28395,-0.355562,0.9999
-0.0282246,-0.84784,0.0264151,0.9999
0.855897,0.00836906,-0.493059,0.999899
-0.0748512,-0.0529138,-0.962763,0.999899
0.484332,-0.338512,0.391541,0.999899
-0.311546,-0.197563,0.470833,0.9999
-0.187624,-0.77557,0.598162,0.9999
0.614617,0.274663,0.587228,0.9999
0.172576,-0.703315,0.0810302,0.999901
0.652099,-0.227383,-0.45932,0.999899
-0.357669,0.444171,0.0921335,0.999899
0.928467,-0.160992,0.330633,0.999901
-0.479805,-0.568677,0.0743089,0.9999
0.218987,-0.0412115,-0.634511,0.999899
-0.0859456,-0.670455,-0.124569,0.9999
0.00702359,-0.106868,0.841531,0.999901
0.268657,-0.505706,-0.35765,0.9999
0.429053,-0.474591,0.766825,0.9999
-0.719484,-0.133652,0.277443,0.9999
-0.949208,0.030512,0.196,0.999899
-0.755055,0.10434,0.00261842,0.9999
-0.279044,0.0197873,0.343721,0.9999
-0.389546,-0.270412,0.161251,0.9999
-0.0275692,-0.0588639,-0.183696,0.9999
0.58578,0.362024,0.703585,0.9999
0.483809,-0.689305,-0.482793,0.9999
0.23852,-0.0101087,0.881441,0.9999
0.330677,-0.449174,0.316508,0.999899
0.164644,0.332982,0.42326,0.9999
-0.750207,-0.0455562,0.118044,0.999901
0.232856,-0.283499,-0.480642,0.9999
-0.664769,-0.382478,-0.37088,0.999899
0.0689944,-0.383566,0.591039,0.9999
-0.168431,-0.113522,-0.523213,0.9999
-0.490995,-0.351324,0.700471,0.9999
0.00432174,0.839468,-0.280285,0.999901
0.00545633,-0.335492,-0.586239,0.9999
0.458365,-0.127906,-0.765294,0.9999
0.434406,0.567433,0.118049,0.9999
0.0969084,0.414293,0.657299,0.9999
-0.872661,-0.372285,0.244602,0.9999
-0.788607,0.016568,-0.197023,0.9999
0.437326,0.427764,0.0787467,0.9999
0.010747,-0.299488,-0.533467,0.999901
-0.638142,-0.0497241,-0.160093,0.999899
0.619782,-0.29181,-0.327981,0.9999
0.143165,0.874966,-0.259208,0.9999
0.519247,-0.0536291,0.554758,0.9999
0.637482,0.542522,-0.294322,0.999901
0.0826051,-0.3024,0.767709,0.9999
-0.120004,0.192026,0.612236,0.999901
-0.335429,0.0302804,0.901225,0.999901
0.656394,0.475867,0.320166,0.9999
0.682812,0.219271,-0.529491,0.999901
-0.350682,-0.123555,-0.782429,0.9999
-0.0387145,0.634025,-0.25286,0.9999
0.148495,-0.40731,-0.394221,0.9999
0.0864913,-0.110186,0.235288,0.9999
0.307842,0.504081,0.615896,0.9999
0.399681,0.132659,0.553613,0.9999
0.797085,-0.577347,-0.0570623,0.999901
0.0510396,0.481612,-0.184389,0.9999
0.241863,-0.830543,0.450524,0.9999
0.139463,0.359836,0.200335,0.999899
-0.188395,0.77101,0.197548,0.9999
0.124718,0.548615,0.635435,0.9999
-0.384697,0.733675,0.484252,0.999899
0.00448846,0.195113,-0.959134,0.9999
-0.162897,-0.0354694,0.783528,0.9999
0.32236,-0.143202,0.343197,0.9999
0.293708,-0.321211,-0.0612745,0.999899
-0.27006,0.745511,0.223911,0.9999
-0.682111,-0.353309,0.608689,0.9999
-0.260763,0.60168,-0.533957,0.999899
0.650079,0.215,0.321004,0.9999
0.285272,0.218781,0.787723,0.9999
0.111259,0.704611,-0.383337,0.9999
-0.911755,-0.0664779,-0.0388987,0.9999
-0.355414,0.196762,0.00542236,0.9999
-0.481874,-0.273601,-0.0415747,0.9999
-0.331657,0.546538,-0.6604,0.9999
0.261702,-0.390506,0.82417,0.9999
0.895963,-0.0502484,0.283097,0.9999
-0.446239,0.738977,0.396357,0.9999
-0.133834,-0.737415,-0.581544,0.9999
0.242988,0.805229,0.0628705,0.9999
0.127852,-0.188836,0.361386,0.9999
0.823689,-0.344059,0.179387,0.9999
-0.108398,-0.543164,0.677983,0.9999
-0.173034,-0.0540269,-0.694241,0.9999
0.0218541,0.365309,0.0444406,0.9999
-0.0082427,0.428771,-0.776056,0.9999
0.273002,0.780587,0.124196,0.9999
-0.207139,0.846335,-0.32483,0.9999
-0.245326,-0.176324,-0.575468,0.9999
-0.215981,-0.291935,-0.758598,0.9999
-0.81046,-0.063069,-0.280022,0.9999
0.305797,-0.366588,0.868808,0.9999
-0.157883,0.577262,-0.768166,0.9999
0.475102,-0.145585,0.510073,0.9999
0.344984,-0.208796,0.597187,0.999899
0.0149864,-0.116401,0.00677243,0.9999
0.609477,0.708217,-0.0749772,0.9999
-0.391332,-0.459258,-0.566249,0.9999
-0.2165,0.669147,0.145608,0.9999
-0.740969,0.518818,0.0167044,0.9999
0.356278,0.0727313,-0.229339,0.999899
0.505372,0.396569,0.358217,0.9999
0.519795,0.180622,-0.135119,0.9999
0.839294,0.0845277,-0.209648,0.9999
-0.296371,-0.905968,0.00401877,0.9999
0.577311,0.184436,0.117281,0.9999
0.563574,-0.551062,0.38318,0.9999
-0.0901523,0.229917,-0.286455,0.9999
0.0287047,-0.300868,-0.820519,0.9999
0.445202,-0.557625,0.474313,0.9999
-0.216239,0.440233,-0.277519,0.9999
0.282566,-0.347604,-0.585525,0.9999
0.803149,0.281865,0.158975,0.9999
-0.166829,0.413486,-0.495618,0.9999
0.0739281,0.0448212,0.255015,0.9999
0.947269,-0.0373678,0.0341744,0.9999
0.392344,0.188115,0.134875,0.9999
0.0926808,0.132365,0.296115,0.9999
-0.695418,-0.0891804,0.129193,0.999901
-0.190613,-0.0932084,-0.758202,0.9999
0.000917146,0.437524,-0.239597,0.999901
0.718069,0.0893284,0.551212,0.999901
-0.00950383,-0.0575211,-0.382169,0.999901
-0.203949,-0.121705,-0.173508,0.999899
0.683172,0.0117177,0.220112,0.9999
0.567432,-0.22176,-0.715757,0.9999
0.407523,-0.51625,-0.477712,0.9999
0.2642,0.0155739,0.369506,0.999899
-0.434634,-0.58647,0.488375,0.999901
-0.343458,0.506566,-0.252407,0.9999
-0.19635,-0.444916,0.748291,0.9999
0.0914701,0.37126,0.453302,0.9999
0.121874,0.530362,-0.772203,0.9999
0.788166,0.473875,0.138265,0.9999
0.0469952,0.945581,0.0741923,0.999899
0.550581,-0.257297,0.274999,0.999901
0.242202,0.0179795,0.838325,0.999901
0.407463,0.390683,0.446431,0.9999
-0.783271,-0.316448,-0.0100498,0.999899
0.317417,-0.736892,-0.0403614,0.999901
0.351106,-0.225533,-0.458105,0.9999
0.571192,0.189221,-0.0878446,0.9999
0.108808,0.958884,0.217738,0.9999
0.597917,-0.669598,0.329271,0.999899
-0.240146,0.187921,-0.0227804,0.9999
-0.499033,0.182879,0.279989,0.9999
0.501985,0.168789,0.846221,0.9999
-0.153785,-0.362514,0.514948,0.9999
0.558146,0.679315,0.194917,0.9999
-0.261283,-0.250106,-0.529247,0.9999
0.510462,0.676438,0.208162,0.9999
0.0711117,-0.825975,-0.478679,0.9999
0.495807,-0.108614,-0.499367,0.999901
0.506541,-0.233234,-0.195039,0.9999
-0.672248,0.202108,-0.189107,0.9999
0.0849221,0.140869,0.14141,0.999901
-0.599246,-0.339643,0.688296,0.999899
0.830254,0.3745,-0.297337,0.9999
-0.748821,0.151379,0.537311,0.999901
0.448476,0.317422,-0.643534,0.9999
0.0437671,0.0616817,-0.781664,0.9999
0.403345,0.600301,-0.596979,0.999901
-0.553382,-0.157068,-0.0167006,0.999901
-0.303489,-0.377924,-0.526844,0.999899
0.567602,0.178048,-0.417503,0.9999
-0.586088,-0.58391,0.385372,0.999901
-0.883983,-0.00189666,-0.189976,0.9999
0.805009,0.424465,-0.134379,0.9999
-0.449337,-0.473682,0.238067,0.999899
-0.129114,0.30472,0.498899,0.9999
-0.495517,-0.388402,-0.12375,0.999899
0.321489,0.529569,-0.359774,0.999899
0.127839,-0.584008,0.640126,0.9999
-0.519236,0.648434,-0.10252,0.9999
0.554855,-0.136472,0.421957,0.9999
0.569147,-0.289298,0.355365,0.9999
0.46878,0.666213,0.48047,0.9999
-0.541852,-0.121074,-0.625818,0.9999
-0.229344,0.135352,0.860521,0.9999
-0.904529,0.0463429,0.329042,0.9999
-0.187141,0.183991,0.208217,0.9999
-0.103505,-0.519883,0.657142,0.9999
-0.528866,0.124814,-0.735034,0.9999
-0.524508,0.481974,-0.0367594,0.9999
0.15743,0.31956,-0.812508,0.9999
-0.0121357,0.626718,0.536374,0.999901
0.0814096,-0.0705342,-0.967377,0.999899
-0.035495,-0.673458,-0.427783,0.9999
-0.767502,0.253401,-0.420358,0.999901
-0.194011,0.563935,0.120032,0.9999
0.069194,-0.389223,-0.147587,0.999899
0.226253,0.178633,0.47314,0.9999
-0.623278,-0.326603,-0.675258,0.9999
0.00189372,0.515021,0.838824,0.9999
0.182122,0.192051,0.632039,0.9999
-0.821083,0.0293952,-0.16144,0.9999
0.596801,0.476369,-0.302141,0.9999
-0.325394,-0.443832,0.456128,0.999901
0.203123,-0.641852,0.491374,0.9999
-0.0893775,0.141759,0.0915136,0.9999
0.209561,-0.381979,0.422048,0.999901
-0.149597,0.369209,0.726235,0.9999
0.24789,0.098142,-0.00240576,0.9999
-0.142709,0.838387,0.077158,0.9999
-0.346275,-0.261616,0.892725,0.9999
-0.89828,-0.383003,-0.164218,0.9999
0.18577,0.469586,0.806129,0.9999
-0.113391,0.785321,-0.159517,0.9999
-0.502278,-0.327842,0.469579,0.9999
-0.642552,0.379704,0.577253,0.9999
-0.168958,0.160764,0.0147688,0.999899
-0.0406662,0.213397,-0.834687,0.9999
0.191432,0.12517,-0.921787,0.9999
0.318018,-0.797178,0.197098,0.9999
-0.294134,0.546964,0.514594,0.9999
0.235345,-0.606553,-0.435004,0.999899
0.761099,-0.0169954,0.613756,0.999899
-0.21606,0.53051,-0.584083,0.9999
-0.64686,-0.205553,0.646756,0.9999
0.0843018,-0.951584,0.044946,0.9999
-0.146145,0.157424,0.919972,0.9999
0.364418,-0.539964,-0.0172291,0.999901
-0.452863,0.173014,0.114413,0.9999
-0.588901,-0.016219,0.0400528,0.999901
-0.20369,-0.238983,-0.365915,0.9999
-0.388347,-0.0563508,0.773241,0.999901
-0.172143,0.629509,-0.486104,0.9999
-0.67186,-0.325944,0.0673457,0.9999
-0.572993,-0.140993,0.564947,0.9999
0.256871,0.320956,0.418896,0.9999
-0.36011,0.271437,0.655438,0.9999
-0.213734,-0.866748,-0.242881,0.9999
0.96792,-0.133066,0.195609,0.9999
-0.430937,-0.106155,-0.752127,0.9999
0.979741,-0.136059,-0.0708501,0.9999
-0.325044,0.336877,-0.00495445,0.9999
0.132608,-0.109464,-0.787319,0.999899
-0.429194,-0.229012,-0.721944,0.9999
0.212109,-0.113422,-0.547212,0.9999
0.148969,0.4928,-0.687798,0.999899
-0.702646,-0.130682,0.23374,0.999901
0.0305203,0.797905,-0.476046,0.9999
0.779317,0.582439,0.181611,0.9999
-0.778246,0.0887214,0.0846156,0.9999
-0.41567,0.357167,-0.400837,0.9999
0.178236,0.11299,0.0527051,0.9999
0.299725,-0.536671,0.149628,0.9999
0.442183,0.551249,0.21042,0.9999
-0.553279,-0.612404,-0.148665,0.9999
-0.591675,-0.182837,-0.311676,0.9999
-0.849278,-0.356841,-0.289383,0.999901
0.772613,-0.462981,0.0871545,0.9999
-0.414517,0.643284,-0.346345,0.9999
-0.360506,0.148712,0.111355,0.9999
-0.103894,-0.017408,0.71955,0.9999
-0.43515,0.0856688,0.508609,0.9999
0.128908,-0.215417,0.0943344,0.999901
-0.32812,0.279125,0.0194286,0.9999
0.825636,0.433456,0.0916473,0.9999
-0.0722881,-0.219837,0.266304,0.999901
0.757382,0.520459,0.261945,0.9999
-0.482377,0.184496,0.0541301,0.9999
0.899538,0.338787,0.248525,0.9999
-0.715275,-0.173719,-0.113362,0.9999
0.127136,0.529703,0.157546,0.9999
0.413161,0.286734,0.616502,0.999901
-0.888744,0.310093,-0.0818516,0.9999
0.544685,-0.4431,-0.415562,0.9999
-0.383864,-0.482543,0.154784,0.999899
-0.0213269,-0.920789,-0.110201,0.9999
-0.484538,-0.37242,0.314765,0.9999
0.400754,-0.00787724,0.598705,0.9999
0.653339,0.229367,-0.29394,0.9999
-0.349858,0.537217,-0.3403,0.9999
0.652334,0.15086,0.0202617,0.9999
0.317145,0.382949,-0.790692,0.999899
-0.310399,0.102939,-0.147538,0.999899
0.0420691,-0.590169,0.28161,0.9999
-0.131209,0.184636,0.872712,0.9999
0.730216,0.31457,-0.416744,0.9999
-0.424122,-0.452019,-0.015679,0.9999
0.151845,0.0316974,0.723707,0.9999
-0.17288,-0.219362,-0.905698,0.9999
-0.099518,-0.714935,0.418392,0.9999
-0.618425,0.195955,0.653713,0.9999
0.341917,-0.465881,0.229621,0.9999
0.491241,-0.549313,0.433715,0.9999
0.448335,0.563022,0.142211,0.999901
0.675719,0.229577,-0.518581,0.9999
0.351686,-0.500286,0.711831,0.9999
0.193819,0.774644,-0.265214,0.9999
-0.510345,0.408589,-0.496405,0.999901
0.655311,0.283909,0.308562,0.999899
0.00190513,0.529005,0.627474,0.9999
-0.850228,0.29754,-0.345746,0.999899
-0.114951,0.289378,0.0657635,0.999901
-0.0709805,0.661831,-0.410308,0.9999
-0.637916,0.0265919,-0.6164,0.9999
0.255974,-0.621587,-0.628174,0.9999
-0.568944,0.0900409,0.354708,0.999901
0.188876,0.346748,-0.452561,0.9999
-0.293337,-0.781858,0.304483,0.9999
0.0630713,-0.315675,0.63886,0.9999
-0.732622,-0.151338,0.562539,0.999899
0.230456,0.485145,0.555803,0.9999
-0.164557,0.519937,-0.0579575,0.999901
0.0430013,0.295181,-0.265632,0.9999
-0.0305576,0.453675,-0.513667,0.9999
0.0857358,-0.372894,-0.551159,0.9999
0.267882,-0.289875,-0.212789,0.9999
0.00207851,-0.311287,0.452549,0.9999
0.184252,0.670658,0.267976,0.999901
0.468186,-0.41571,0.508887,0.9999
-0.371563,0.103053,0.0903516,0.999901
-0.124264,0.093484,0.765192,0.9999
-0.737487,-0.452269,-0.43314,0.9999
0.0185095,0.422054,-0.822984,0.9999
0.332968,0.150991,-0.154617,0.9999
-0.249331,-0.41445,-0.336835,0.9999
0.822923,0.469682,-0.00493257,0.9999
0.221568,-0.0358723,0.390663,0.9999
0.474555,-0.339033,0.765732,0.9999
-0.568343,0.473453,-0.0336871,0.9999
-0.00745619,0.215456,0.594015,0.9999
0.176796,0.249418,-0.892361,0.9999
0.475902,-0.685861,-0.24482,0.9999
0.067169,0.354787,0.663509,0.9999
0.853593,0.240304,0.0469084,0.9999
0.273709,0.214837,-0.28679,0.9999
0.183917,0.602283,0.0747731,0.9999
0.443174,-0.603202,0.00901491,0.999901
0.920927,0.0255146,0.11209,0.9999
-0.44883,-0.412236,0.317739,0.999901
0.376754,0.785781,0.316818,0.9999
-0.352494,-0.168146,0.812251,0.9999
0.284069,0.148234,0.209208,0.9999
-0.891701,-0.151227,-0.203879,0.9999
-0.174213,0.176802,0.460851,0.9999
0.798037,0.307173,0.0359322,0.999901
0.0616974,0.725289,-0.452176,0.9999
-0.37308,0.695949,-0.0279609,0.9999
0.312527,-0.456304,-0.394731,0.999901
-0.727498,-0.320114,-0.203104,0.9999
-0.222761,-0.433093,0.3192,0.9999
-0.711984,0.0578847,-0.258441,0.999899
0.572603,0.454551,-0.00576957,0.9999
-0.35551,-0.419289,0.4866,0.999901
0.11032,0.158664,0.45269,0.999901
-0.0908693,-0.479843,-0.513763,0.9999
0.171835,0.329266,-0.0523234,0.9999
0.285608,-0.0417726,-0.734901,0.9999
0.72803,0.0935612,0.249345,0.9999
-0.277415,-0.207971,0.685688,0.9999
0.546484,0.666399,0.123019,0.999899
-0.228763,-0.0979275,-0.053446,0.9999
-0.56981,0.40131,-0.233619,0.9999
-0.429662,0.476916,0.170522,0.9999
0.0111243,-0.294016,0.83294,0.999899
0.297159,0.057375,0.553318,0.9999
-0.892102,0.214963,-0.106918,0.9999
0.210012,0.269527,0.157273,0.9999
-0.225424,0.083858,-0.124478,0.9999
0.702262,-0.0143353,-0.555612,0.9999
0.173359,0.170882,-0.552153,0.9999
0.330056,-0.445894,-0.22158,0.999901
0.344719,-0.226318,-0.680897,0.9999
-0.701953,0.632745,0.0622241,0.999901
0.505493,0.386661,-0.402661,0.9999
0.0385656,0.76343,-0.436874,0.9999
0.432418,-0.00732461,-0.346773,0.999901
-0.0177811,0.430324,0.146578,0.9999
-0.178153,-0.309314,-0.107967,0.9999
-0.0690285,0.254599,0.211883,0.999899
0.432711,-0.871678,0.189232,0.9999
-0.899604,-0.0296376,0.0832547,0.9999
0.662105,-0.00503357,-0.383531,0.9999
-0.56421,0.77114,0.106177,0.9999
-0.508837,0.481444,0.421378,0.9999
0.335276,-0.0398581,-0.835995,0.9999
-0.276001,-0.1444,0.39697,0.9999
-0.124143,-0.877007,0.292018,0.9999
0.5162,0.638399,0.0959675,0.999899
0.150741,0.779765,0.571749,0.9999
-0.245236,-0.0843449,-0.469217,0.9999
-0.418554,0.762126,0.246899,0.9999
0.0118035,-0.289436,-0.0265383,0.9999
0.863295,0.0303789,-0.184982,0.9999
0.691261,0.010194,-0.281275,0.9999
-0.0911023,-0.169926,-0.0216373,0.9999
0.44186,0.336274,-0.101513,0.9999
-0.594627,-0.0579929,-0.423713,0.999899
-0.476656,0.0250663,-0.0255368,0.9999
-0.0646223,0.645334,-0.461926,0.9999
0.205335,0.914347,0.0231114,0.9999
-0.364308,-0.102725,-0.28102,0.999901
0.530951,-0.79529,0.126832,0.9999
-0.666958,-0.536704,0.371101,0.9999
0.748224,-0.235675,-0.0862511,0.9999
-0.349765,-0.0170336,0.811795,0.9999
-0.601993,-0.525573,0.325571,0.9999
0.456013,-0.723544,-0.00953591,0.9999
0.622588,0.454116,0.573244,0.9999
-0.482025,0.173716,-0.428924,0.9999
0.286886,0.645736,0.189392,0.999899
-0.312048,-0.66466,0.183393,0.9999
0.644849,0.264536,-0.258715,0.9999
-0.23683,-0.0884151,-0.362118,0.9999
0.478814,0.655193,-0.326402,0.999901
0.815683,-0.0522661,0.419735,0.9999
0.214503,0.674984,0.523797,0.9999
0.15623,0.720469,0.202977,0.999899
-0.285793,-0.711812,0.0369009,0.9999
-0.16581,0.95855,-0.203369,0.9999
-0.686173,-0.439564,0.485462,0.9999
0.189266,-0.138592,-0.691688,0.9999
0.513564,-0.78544,-0.125554,0.9999
-0.0358733,-0.408186,-0.540098,0.9999
0.543474,0.336834,-0.298827,0.9999
-0.270229,-0.514446,0.408761,0.9999
0.0122151,0.286916,0.698209,0.999901
0.205769,0.357447,0.885582,0.9999
0.468877,-0.171416,0.833154,0.9999
0.0601757,-0.150534,-0.946834,0.9999
0.20917,-0.329408,0.894144,0.9999
-0.464011,0.750079,0.16779,0.999901
0.484594,-0.118597,-0.705426,0.9999
0.00672879,0.711846,0.462876,0.999899
0.28597,-0.265848,0.681272,0.9999
0.0287352,-0.488698,-0.529596,0.999899
-0.0897132,-0.354276,-0.469428,0.9999
0.120167,-0.270016,-0.313201,0.999901
-0.378266,-0.289046,-0.746824,0.999899
0.0212751,0.0868546,-0.180674,0.999899
-0.46361,0.153368,-0.207409,0.9999
0.148366,0.187887,0.143358,0.9999
0.339077,-0.0374641,0.605036,0.9999
0.146084,-0.836788,-0.217198,0.9999
0.462018,0.433073,0.701675,0.9999
0.295597,-0.446646,-0.199467,0.9999
-0.276075,-0.394482,-0.688585,0.999899
0.259777,-0.551124,-0.477171,0.9999
0.65003,-0.460878,-0.0347338,0.9999
-0.276672,0.00498549,-0.0775229,0.999899
-0.288222,-0.808821,-0.112619,0.999901
0.205375,-0.0700655,-0.591985,0.9999
0.114038,-0.113175,0.152626,0.9999
0.519092,-0.263748,0.26483,0.9999
-0.802675,-0.562452,0.175654,0.9999
-0.664633,-0.289205,-0.373094,0.9999
-0.133998,-0.863047,-0.0594817,0.9999
-0.704987,-0.284697,-0.397229,0.9999
-0.213144,-0.369341,0.550398,0.9999
0.944184,0.0601738,0.127905,0.9999
-0.692707,-0.126872,0.627645,0.999901
0.644802,-0.265912,-0.116676,0.9999
-0.201893,-0.0414152,-0.472532,0.9999
-0.228554,-0.604034,0.418982,0.9999
0.506811,-0.484372,-0.521927,0.999899
-0.82978,0.472698,-0.0826326,0.9999
-0.774676,-0.390336,-0.306078,0.9999
-0.552438,0.0201698,-0.40276,0.999899
-0.175558,-0.0719232,0.00557373,0.9999
0.716481,0.0545671,-0.327703,0.9999
-0.443904,-0.445941,0.478061,0.9999
-0.289985,-0.874666,0.226083,0.9999
0.122697,-0.642414,-0.391164,0.9999
0.287823,-0.628123,-0.315765,0.999901
0.72783,0.0935145,-0.117605,0.9999
0.582926,-0.630963,0.460952,0.9999
0.941024,-0.0940906,-0.218247,0.9999
0.663331,-0.464993,0.521403,0.9999
-0.0600044,0.204567,0.409284,0.9999
-0.742222,0.361574,-0.331408,0.9999
-0.134073,0.710475,-0.652284,0.9999
0.322362,-0.200289,-0.452675,0.9999
-0.423018,0.449525,-0.266211,0.9999
0.3653,-0.818549,-0.36267,0.999901
-0.407551,0.677716,0.395455,0.999899
-0.307402,0.178629,-0.263033,0.9999
0.647463,-0.724437,0.11632,0.9999
0.771204,-0.357723,-0.310884,0.999901
0.444846,0.106669,-0.0671725,0.9999
-0.102831,-0.696912,-0.0432115,0.999901
0.0994571,-0.466262,0.644371,0.9999
-0.495308,0.328474,-0.372185,0.9999
-0.852859,0.128274,0.331833,0.999901
0.297769,0.465149,-0.445152,0.9999
-0.395398,0.23343,0.243415,0.9999
0.487607,-0.369254,0.39388,0.999899
-0.466437,0.0604412,-0.180568,0.9999
0.116706,0.559989,0.651801,0.9999
-0.253649,0.440265,0.836637,0.9999
-0.718966,-0.114991,0.377774,0.9999
0.778333,0.353796,-0.515181,0.9999
0.0364593,0.894467,-0.330152,0.9999
0.504895,-0.306595,0.685597,0.9999
-0.604426,0.0023426,-0.660347,0.9999
0.399495,-0.670086,-0.393914,0.9999
0.439164,-0.68274,0.0137344,0.999901
0.570367,0.572886,-0.00183227,0.9999
-0.47561,-0.207922,-0.733059,0.9999
-0.220412,0.362991,-0.311602,0.9999
-0.445748,0.456182,0.108183,0.999899
0.873313,-0.422625,0.0645404,0.9999
-0.498576,0.544624,0.0586463,0.9999
-0.251069,0.673916,-0.247825,0.9999
-0.289634,-0.659139,0.115742,0.9999
-0.71164,-0.498752,0.40194,0.9999
0.792391,-0.152854,-0.485841,0.9999
0.375448,0.158378,-0.206393,0.9999
0.241927,0.734173,0.123802,0.9999
0.713524,0.509963,0.251652,0.9999
-0.609497,0.594602,0.176994,0.9999
-0.197944,0.365066,0.224972,0.9999
0.427504,0.16234,-0.457353,0.999901
-0.390638,-0.20126,0.698058,0.9999
-0.0603988,-0.0226418,-0.980274,0.9999
0.376109,-0.26705,0.499615,0.9999
0.504055,0.303238,0.411261,0.9999
-0.409615,0.435495,-0.768835,0.999901
-0.251028,-0.0980654,0.287092,0.999901
0.264748,0.0872079,0.712577,0.9999
0.436889,0.0504332,0.883013,0.9999
0.0325287,0.389932,0.0647394,0.9999
-0.579079,0.675766,-0.265837,0.9999
0.830194,-0.243743,0.00632791,0.9999
0.195653,-0.350178,-0.445261,0.9999
0.40393,-0.492902,0.250808,0.9999
-0.594601,-0.141455,-0.504166,0.9999
-0.396808,0.552842,-0.0791061,0.9999
0.603091,0.148379,0.168263,0.999901
-0.175125,-0.422351,-0.12282,0.999899
0.0169206,0.205593,0.845134,0.9999
-0.194548,-0.145073,0.0907892,0.9999
-0.855172,-0.157454,0.44296,0.9999
-0.175527,0.309844,-0.151044,0.9999
-0.0877761,-0.955949,-0.265327,0.9999
-0.000335743,-0.330784,-0.405847,0.9999
-0.465136,-0.461624,-0.577405,0.999899
0.398499,0.168297,-0.304849,0.999899
0.738455,0.658622,0.131697,0.999899
-0.148343,0.112042,-0.5876,0.9999
-0.16173,-0.928791,0.156309,0.999901
0.533241,-0.0932536,-0.488275,0.999899
0.277424,0.831725,0.227087,0.999901
-0.257534,-0.299005,-0.242307,0.9999
0.460797,0.417027,0.415168,0.9999
-0.0699713,0.123796,-0.520969,0.9999
0.102101,-0.0144807,0.181072,0.9999
0.266194,-0.73533,-0.183867,0.9999
0.371979,0.115074,-0.628208,0.9999
-0.242342,-0.0682157,-0.39968,0.9999
0.196938,0.362196,0.634807,0.9999
0.171777,-0.0936818,-0.332873,0.9999
-0.121508,-0.101534,-0.502015,0.9999
-0.37486,0.355036,0.539822,0.9999
-0.35972,-0.263344,-0.418796,0.9999
0.178255,-0.258043,-0.362288,0.9999
0.060971,-0.704936,0.0288876,0.999901
0.699442,0.147113,0.392183,0.9999
0.125586,-0.178162,-0.798004,0.9999
-0.803283,0.296301,-0.314713,0.9999
-0.198107,0.760489,0.315786,0.9999
0.258974,0.227262,0.923114,0.9999
-0.518056,0.27346,-0.341952,0.9999
-0.186891,-0.409251,0.455975,0.9999
0.108997,0.381214,-0.430239,0.999901
-0.667932,-0.143061,0.237734,0.9999
-0.387008,0.35315,0.151608,0.9999
-0.590049,0.209421,0.622861,0.999901
-0.127704,0.00421655,-0.276623,0.999899
0.266688,0.560585,-0.71243,0.999901
-0.55813,-0.136,0.00236945,0.9999
-0.480049,-0.142954,0.103215,0.9999
0.0572417,-0.281739,-0.34895,0.999901
-0.539509,0.515355,-0.24695,0.9999
-0.355103,-0.79597,-0.372914,0.9999
-0.479225,0.475082,-0.169694,0.9999
-0.947337,0.116196,0.131323,0.9999
-0.314082,-0.771445,0.273104,0.9999
-0.387369,0.790022,-0.387462,0.9999
0.562668,0.00213668,-0.42364,0.9999
-0.0986354,-0.663684,-0.0721019,0.9999
-0.106334,-0.0631221,0.432268,0.9999
-0.510278,0.317735,-0.511217,0.999901
-0.485625,0.315521,0.288219,0.9999
-0.430231,-0.170889,0.135331,0.999901
0.153247,0.26474,0.812271,0.9999
-0.562629,0.683873,-0.435325,0.9999
0.131088,-0.0553952,0.988965,0.9999
0.0904632,-0.790806,-0.113087,0.9999
-0.808191,0.0853693,0.42088,0.999901
0.367882,0.559859,-0.540266,0.999901
0.209657,-0.329111,0.245491,0.9999
0.561031,-0.0837368,0.230863,0.9999
0.18187,0.547557,-0.595623,0.9999
-0.940279,0.301918,-0.0300404,0.9999
0.247693,-0.0584742,-0.765243,0.9999
0.482286,0.635361,0.360772,0.999901
-0.522971,-0.213179,0.292247,0.9999
-0.775551,0.193314,0.0800036,0.9999
0.257127,-0.635955,-0.112082,0.9999
0.475605,0.804914,-0.104755,0.9999
-0.220132,0.238378,0.777659,0.9999
-0.912264,0.0571429,-0.390306,0.9999
-0.422473,0.712536,-0.0972267,0.999899
0.261207,0.0151538,-0.65474,0.9999
-0.426011,0.603544,0.543679,0.9999
0.0539301,-0.0431589,-0.673763,0.999899
0.667384,-0.455661,-0.242199,0.9999
0.567783,0.349422,0.131451,0.9999
0.168386,0.368415,0.259443,0.999901
-0.561537,0.56517,0.420305,0.999899
-0.0872324,-0.320258,-0.0213536,0.999901
0.59202,-0.160469,-0.489563,0.999901
0.28181,0.470653,0.612377,0.9999
0.316684,-0.237731,0.27122,0.9999
0.448267,0.334374,0.233054,0.9999
0.938831,-0.135832,0.106236,0.9999
0.315233,0.0422485,0.641528,0.999899
0.0388306,0.917983,-0.184093,0.9999
0.423184,0.333547,-0.174769,0.9999
0.362795,0.0671375,0.551631,0.9999
0.0813922,0.151732,0.380957,0.999901
-0.292446,0.319918,-0.226866,0.9999
0.00702628,-0.720323,0.425848,0.9999
0.271591,-0.224053,0.697952,0.999899
0.819899,0.140495,0.276926,0.999901
0.565063,0.274991,-0.553226,0.9999
0.301716,0.76113,-0.191695,0.9999
-0.36636,-0.300445,-0.6007,0.9999
-0.0528892,-0.194566,-0.281281,0.999901
0.259058,-0.27648,0.274774,0.9999
0.417753,0.443853,-0.0399638,0.9999
0.0146287,-0.264102,0.0235746,0.9999
-0.542538,-0.656917,-0.411827,0.9999
-0.446099,-0.0988237,0.69294,0.9999
-0.574777,-0.284959,-0.542266,0.9999
-0.514344,0.634508,0.303882,0.9999
0.800934,0.0142247,0.0207615,0.9999
0.292664,0.113376,-0.584346,0.999899
-0.142033,0.665765,0.581534,0.9999
-0.110506,-0.20404,-0.723945,0.999901
-0.285664,0.743805,0.493731,0.9999
-0.250026,0.542549,-0.593232,0.9999
0.14374,-0.194123,0.0739203,0.999901
-0.522486,-0.305161,-0.750047,0.9999
0.285914,0.814466,-0.184515,0.9999
-0.183717,0.191095,0.342483,0.9999
0.584087,-0.418934,-0.41662,0.999899
0.282585,0.130531,0.45154,0.9999
0.162577,0.0317239,0.754583,0.9999
0.389638,0.325043,-0.26393,0.9999
-0.0569671,0.125199,-0.210323,0.9999
-0.591838,-0.636493,0.149198,0.9999
-0.113243,0.255199,0.88061,0.9999
-0.243301,-0.473943,0.341617,0.9999
0.263524,0.597594,0.0184207,0.9999
0.00812093,-0.28034,-0.285417,0.9999
-0.662078,-0.252068,-0.404583,0.9999
-0.344311,-0.500524,-0.266779,0.9999
-0.283081,-0.917481,0.224807,0.9999
-0.0698566,0.704544,0.470989,0.9999
-0.285352,-0.0296588,0.0411286,0.9999
-0.127606,-0.256813,-0.311347,0.9999
0.340795,0.159814,-0.424625,0.9999
0.838442,0.415475,0.293413,0.999901
0.407443,0.27485,-0.576123,0.9999
-0.279672,0.932851,-0.0424225,0.9999
-0.403031,-0.79973,-0.234995,0.999901
-0.0361708,-0.176733,-0.813135,0.9999
0.322541,-0.761734,0.214243,0.9999
0.50562,-0.0801216,-0.559569,0.9999
0.0330023,0.137631,0.619684,0.999899
-0.0840186,0.814298,-0.547393,0.9999
0.416658,0.86369,0.0826985,0.9999
0.71423,0.228816,-0.219934,0.9999
-0.532957,0.134773,-0.0628084,0.9999
-0.318177,0.0508581,-0.609542,0.999901
0.291463,0.468781,0.0211097,0.9999
0.748286,-0.236485,0.339279,0.9999
-0.311693,-0.589195,-0.617262,0.9999
-0.327646,-0.565794,-0.616315,0.999899
-0.315072,0.181369,0.501786,0.9999
-0.155066,0.780221,0.126784,0.9999
0.274239,0.282737,0.45211,0.999901
0.23926,-0.0985596,0.27184,0.999901
-0.546484,0.54423,0.272469,0.999901
0.65518,0.0817775,-0.425118,0.9999
0.14096,0.270822,0.657255,0.999899
0.34791,-0.694953,0.575421,0.9999
-0.0375065,-0.42312,-0.43939,0.999899
0.22537,0.388828,-0.350796,0.9999
-0.638762,0.128106,0.310228,0.999901
0.0957014,0.227352,0.749746,0.9999
0.488312,-0.283931,-0.0369515,0.9999
-0.28956,-0.499939,0.771691,0.9999
-0.0182171,-0.797314,-0.462142,0.999899
0.273464,0.321775,-0.471885,0.999901
0.00930191,0.448882,0.432256,0.9999
-0.867403,-0.192705,0.158156,0.9999
0.223606,-0.16394,-0.93195,0.9999
-0.30021,-0.0274815,0.138014,0.9999
-0.0366011,0.250828,-0.478688,0.9999
0.248389,-0.323929,0.617368,0.9999
0.2867,0.928969,0.180458,0.9999
-0.276071,-0.409183,0.762148,0.9999
-0.132293,-0.0335596,0.0633389,0.9999
-0.0261828,0.828356,-0.449198,0.9999
-0.121147,0.36422,0.845538,0.9999
-0.41243,-0.418627,0.660277,0.9999
-0.10618,-0.823528,-0.152945,0.9999
-0.77979,0.0271653,0.55179,0.9999
0.204713,0.63464,-0.245593,0.9999
-0.568228,-0.688846,-0.0566982,0.9999
0.513619,-0.0409785,-0.349405,0.9999
0.11231,0.459232,0.769957,0.9999
0.499456,-0.0392563,-0.106712,0.9999
-0.342346,0.217199,0.350443,0.999899
0.354241,0.0882314,0.540365,0.999901
0.00946383,0.855171,-0.342563,0.9999
-0.817956,0.243188,-0.136174,0.9999
0.317334,0.15366,-0.752362,0.999901
0.33062,-0.611048,0.26365,0.9999
0.706784,0.675619,0.170943,0.9999
-0.344091,0.17336,-0.298259,0.9999
-0.024379,0.0812246,-0.947625,0.9999
-0.205735,0.753501,0.317205,0.9999
0.0648059,-0.776457,0.330577,0.9999
-0.205688,-0.106757,0.230577,0.9999
-0.626882,-0.749719,0.143485,0.9999
-0.211743,0.682773,0.678771,0.9999
-0.179578,0.34059,0.735429,0.999899
-0.693742,-0.0283769,0.582113,0.999901
0.386782,0.203025,0.0685289,0.9999
0.167618,0.49692,-0.795286,0.9999
-0.0272339,0.0712062,0.197046,0.9999
-0.343874,0.529857,0.097027,0.9999
0.0218446,-0.57897,-0.350112,0.9999
0.0876393,0.555741,0.600054,0.9999
-0.0195916,0.949371,-0.177663,0.9999
-0.71372,0.42685,0.150997,0.9999
-0.240151,-0.334204,-0.305023,0.9999
0.352673,0.437412,0.735765,0.9999
0.118429,0.525527,0.723083,0.9999
-0.39004,-0.392192,0.686522,0.9999
0.0541652,-0.427168,-0.816262,0.9999
0.336168,0.528763,0.203274,0.9999
-0.158058,-0.125257,-0.625743,0.9999
-0.678948,0.435606,-0.50139,0.999901
-0.979296,0.00461181,0.0489841,0.999901
0.187641,-0.0511092,0.286339,0.9999
0.563477,0.523345,-0.446739,0.9999
-0.387233,-0.727952,-0.0956283,0.9999
0.340048,0.439132,-0.314654,0.9999
0.221899,0.495978,0.777131,0.9999
-0.670991,-0.437933,-0.126381,0.999901
-0.0064136,-0.109425,0.956162,0.9999
0.470061,-0.225334,0.85333,0.999905
0.529309,-0.499208,0.189107,0.9999
0.502142,-0.14544,0.692635,0.999901
0.586716,-0.451129,-0.614131,0.9999
-0.0152963,0.164377,-0.763685,0.9999
0.108823,-0.513318,0.224904,0.999899
-0.712444,0.234727,-0.364076,0.9999
0.662719,-0.598576,-0.106242,0.9999
0.225103,-0.479631,-0.434123,0.9999
0.66669,0.411333,0.554284,0.999899
-0.402607,-0.0246396,-0.142447,0.999901
0.782302,-0.192837,0.510258,0.9999
0.644843,-0.758806,-0.00271929,0.9999
-0.0465959,-0.398428,-0.258045,0.9999
0.438472,-0.191214,-0.39266,0.9999
-0.773782,0.220425,0.138381,0.9999
-0.221621,0.662721,-0.0119007,0.9999
-0.243003,0.16883,0.231556,0.9999
0.131512,0.377761,-0.886084,0.999901
-0.161077,0.190422,-0.149857,0.999899
0.844844,0.142071,-0.331102,0.9999
0.258125,0.0126076,0.502291,0.9999
0.0264956,-0.416422,-0.301729,0.9999
-0.0993531,-0.747119,-0.462318,0.9999
0.0329628,0.257299,-0.0961737,0.9999
-0.174083,-0.296137,-0.53118,0.9999
-0.492128,0.286393,0.134481,0.9999
0.434,-0.439391,0.585444,0.9999
-0.111972,-0.738915,0.128279,0.9999
-0.406537,0.733338,-0.261969,0.9999
-0.836566,-0.109721,-0.459291,0.9999
0.213925,-0.336535,0.756198,0.999901
0.197882,-0.897315,-0.277397,0.9999
0.711537,0.325839,0.106175,0.9999
0.22207,-0.525006,-0.28969,0.9999
-0.360145,-0.422473,-0.644818,0.9999
-0.303222,-0.0656039,0.924694,0.9999
-0.0065431,0.505191,0.805839,0.9999
-0.566672,-0.170361,-0.537229,0.9999
-0.0185994,0.203455,0.199256,0.9999
-0.154263,-0.467498,0.658669,0.9999
-0.833042,0.513754,0.116763,0.9999
0.419984,0.0936508,0.266852,0.9999
0.516746,0.156499,-0.804505,0.9999
-0.0772741,-0.445711,-0.107907,0.9999
-0.736873,-0.562044,-0.0531743,0.9999
0.506367,-0.527638,0.108989,0.9999
0.0452012,0.118158,-0.230223,0.9999
0.65158,-0.622138,-0.282351,0.9999
0.549947,-0.471217,0.398243,0.9999
-0.527476,-0.306813,0.759675,0.9999
-0.155914,-0.521324,-0.129201,0.999901
0.196345,-0.188102,-0.084558,0.9999
-0.20242,-0.239828,0.398939,0.9999
0.289173,-0.313286,0.828772,0.999899
-0.296671,0.301768,0.839165,0.9999
0.152254,0.825084,0.0492688,0.999899
-0.270042,0.505508,-0.167356,0.999901
0.475839,0.412932,0.0986008,0.9999
0.315915,0.0653559,-0.897096,0.9999
0.59362,0.173768,-0.0212263,0.9999
-0.547077,0.155522,0.772641,0.9999
0.0651441,0.553045,-0.512352,0.9999
0.338612,-0.294893,0.861447,0.9999
-0.0750021,-0.94244,-0.255634,0.9999
-0.673785,0.167525,-0.103367,0.9999
-0.121579,-0.134812,-0.846469,0.9999
-0.614171,0.549501,-0.343975,0.9999
-0.258961,-0.43779,0.755605,0.9999
0.285323,-0.488277,0.7004,0.9999
0.0924353,0.780093,0.404627,0.9999
0.716931,0.677486,-0.0294193,0.9999
0.648683,0.136805,-0.304133,0.9999
0.147782,0.352587,-0.224129,0.9999
-0.590318,-0.149816,0.147889,0.9999
0.230655,0.529359,0.337392,0.999901
-0.49829,0.754244,0.288058,0.9999
-0.621783,0.212073,0.310299,0.9999
0.279433,0.309387,-0.776888,0.9999
0.588675,-0.370659,-0.0812819,0.9999
0.588459,-0.292335,0.0318782,0.9999
-0.675803,-0.316541,0.136966,0.9999
0.435817,0.4454,0.658389,0.9999
0.593411,0.458686,0.328198,0.9999
0.699938,0.0691234,-0.329182,0.9999
-0.336655,-0.0538661,0.0514169,0.999901
-0.0276163,0.301728,-0.274508,0.9999
-0.0630501,-0.593883,0.149651,0.999899
-0.478847,-0.294571,0.179993,0.9999
-0.223243,0.885872,0.30318,0.999901
0.346581,0.271574,0.789656,0.9999
-0.137395,0.232016,0.842787,0.9999
0.66993,-0.663264,0.0427247,0.999899
0.711653,-0.675018,-0.0503033,0.9999
0.183007,-0.468227,-0.0422361,0.9999
-0.43168,-0.270556,-0.0101991,0.999901
0.435992,-0.580073,-0.635884,0.9999
0.816329,0.0688023,-0.0623907,0.9999
0.247322,0.922025,-0.0944695,0.9999
0.598995,0.453307,0.0609614,0.9999
0.0514874,-0.0485712,-0.94396,0.999901
0.534314,0.0463022,0.0764479,0.9999
-0.360497,0.530803,0.730267,0.9999
0.117857,-0.126961,0.164537,0.999899
-0.0540194,-0.378805,0.338506,0.9999
0.214644,0.106866,-0.80398,0.9999
-0.603606,-0.242851,-0.630979,0.9999
-0.52777,-0.176098,-0.171871,0.999901
-0.0307972,0.545465,0.378169,0.9999
-0.182399,0.947902,0.102577,0.9999
-0.00782562,0.154436,0.241753,0.9999
0.783527,-0.523652,0.327132,0.999901
-0.309734,-0.0355907,0.850978,0.9999
0.606623,-0.238892,-0.538699,0.9999
-0.506823,0.103702,0.0565902,0.999901
-0.618325,0.530386,0.110952,0.9999
0.0669119,0.297267,0.192173,0.9999
0.18509,-0.632102,0.537546,0.9999
0.493325,0.254543,-0.811598,0.9999
-0.34212,0.662535,0.307885,0.9999
-0.166247,0.515499,-0.433257,0.9999
0.0547027,-0.639629,0.560109,0.9999
-0.814657,0.0600771,-0.447467,0.9999
0.770871,-0.42583,0.402006,0.9999
0.665111,0.328646,0.214792,0.9999
-0.231525,-0.511273,-0.0364029,0.9999
-0.107571,-0.392933,-0.329996,0.9999
-0.173822,0.920017,-0.0292419,0.999899
0.552326,-0.707224,-0.136397,0.9999
0.983013,-0.0203222,0.0480861,0.9999
0.312445,0.571052,-0.703171,0.999901
-0.383251,-0.739808,-0.408567,0.9999
0.421702,-0.49939,0.557575,0.9999
-0.276347,-0.549523,0.445165,0.9999
-0.132723,0.49046,0.658637,0.9999
0.0532122,0.183096,-0.390345,0.999899
0.438277,-0.574946,-0.00766352,0.9999
0.716494,0.280997,-0.483383,0.9999
0.221752,-0.75345,0.169172,0.9999
0.206769,0.49433,-0.303554,0.9999
0.656084,0.0394001,-0.244598,0.9999
0.134756,-0.410667,0.543515,0.9999
0.183216,0.756455,0.0262023,0.9999
0.524249,0.687578,-0.0724255,0.9999
0.633834,0.569296,-0.430249,0.9999
0.797189,-0.144317,0.0377804,0.9999
0.485253,-0.00168904,-0.547052,0.9999
-0.0978001,-0.293273,0.140296,0.9999
-0.84948,-0.189462,0.315816,0.999899
0.0156964,-0.167451,-0.109953,0.9999
-0.0366835,0.110245,-0.304236,0.9999
-0.347646,0.599988,-0.409614,0.999901
0.17131,-0.735898,0.496976,0.999899
-0.211873,-0.247106,-0.70273,0.9999
0.474385,0.395081,0.415074,0.9999
-0.414985,0.387921,0.783692,0.9999
0.0348636,-0.860818,0.389314,0.999901
0.155522,0.181427,-0.660507,0.999899
0.596376,0.512114,0.496778,0.9999
0.439197,0.595859,-0.0278769,0.999899
0.904205,0.250987,-0.236849,0.9999
-0.876993,-0.267635,0.148967,0.9999
-0.426472,-0.394362,0.210256,0.999899
0.540795,-0.67881,-0.34992,0.9999
-0.165364,0.925194,-0.326937,0.9999
0.105173,0.0551191,-0.396711,0.9999
0.462178,-0.068239,0.490346,0.9999
0.486234,-0.746218,0.233884,0.9999
-0.31613,0.510326,-0.693087,0.999899
-0.354299,0.239114,0.344288,0.9999
-0.140965,-0.360843,0.132245,0.9999
-0.453781,-0.665916,-0.198872,0.9999
0.441419,-0.0555243,-0.458267,0.999901
-0.357932,0.706515,0.49287,0.9999
-0.47258,0.579178,0.634795,0.9999
0.00624878,0.0836098,0.060346,0.9999
0.300481,-0.401508,0.52316,0.999899
0.522417,-0.281857,0.467478,0.9999
-0.197063,-0.730732,0.0972105,0.9999
0.185801,-0.453405,0.496259,0.9999
-0.1126,0.704471,-0.237221,0.9999
-0.00269101,-0.376707,0.765903,0.9999
0.514618,-0.223986,0.41791,0.999899
-0.0943402,-0.125642,0.636213,0.9999
0.748953,0.246899,0.583824,0.9999
0.573072,0.328008,-0.219974,0.999899
0.226564,-0.733748,-0.257789,0.9999
-0.341393,-0.60687,0.263236,0.9999
-0.586667,0.293596,0.168691,0.9999
0.754239,-0.293095,-0.402254,0.9999
0.0596603,-0.484342,-0.847066,0.9999
-0.0635716,0.946377,0.0251688,0.9999
0.794547,-0.345465,0.371842,0.9999
0.266364,0.00580102,-0.316313,0.9999
0.681208,-0.127812,-0.36412,0.9999
0.689222,0.344401,-0.23088,0.999901
-0.110009,0.226458,-0.941023,0.999899
-0.354715,0.0863972,-0.154532,0.9999
0.16673,0.263685,-0.0362606,0.999899
-0.195847,0.124737,0.500914,0.999901
-0.105112,-0.0481087,-0.989753,0.999899
-0.0137173,0.757627,-0.294694,0.9999
-0.873204,0.231827,-0.290976,0.9999
0.374484,0.819739,0.238688,0.9999
-0.0246789,0.649211,0.730449,0.9999
-0.132099,-0.416438,-0.622876,0.999899
-0.0589435,-0.512065,-0.459594,0.9999
-0.287864,0.236887,0.693759,0.9999
-0.154524,-0.186064,0.675062,0.9999
-0.841152,0.148076,0.0953212,0.9999
-0.323316,-0.632858,-0.35437,0.9999
0.431915,-0.240514,-0.1051,0.9999
-0.416256,-0.824636,0.27376,0.9999
-0.553973,0.365816,0.361982,0.9999
-0.645924,0.482315,0.540008,0.9999
-0.789668,-0.258545,-0.225461,0.9999
0.121336,-0.304809,0.283698,0.9999
-0.130055,0.675361,-0.424401,0.999899
-0.590153,-0.533479,0.166717,0.9999
0.875102,-0.222599,-0.00495883,0.9999
-0.836098,0.181267,-0.156983,0.9999
-0.396921,0.623699,0.375418,0.9999
-0.761577,0.418542,0.175022,0.9999
0.107881,-0.345684,0.140716,0.9999
-0.0952374,-0.859418,-0.0293577,0.9999
0.715126,-0.179367,-0.268133,0.9999
-0.217709,0.402842,-0.304183,0.9999
0.628957,0.0792417,0.0686922,0.9999
0.162449,-0.583445,-0.57948,0.9999
0.894296,0.111814,0.0921388,0.9999
-0.773605,-0.0484469,0.60282,0.9999
0.085004,0.193001,0.359076,0.999899
-0.369729,0.151235,0.200713,0.9999
-0.250786,-0.664762,-0.412588,0.9999
-0.689967,-0.0148373,0.396019,0.9999
-0.497729,-0.129191,-0.770152,0.999901
0.499231,-0.65329,0.0365783,0.9999
-0.319026,0.312445,-0.44885,0.9999
-0.33872,-0.309625,0.664335,0.9999
-0.0729538,0.468948,0.445254,0.9999
-0.793886,-0.561793,-0.105376,0.999901
0.254738,-0.505164,0.298231,0.9999
0.17501,-0.0806955,-0.255184,0.999901
0.162639,0.207811,0.890442,0.999899
-0.369058,0.351517,0.754708,0.9999
-0.847371,-0.103853,-0.478383,0.9999
0.409482,0.306554,0.302458,0.9999
-0.185972,0.159505,-0.660843,0.999899
-0.364861,-0.537373,0.0743504,0.9999
0.201028,0.332416,0.392204,0.9999
-0.469926,0.553202,-0.0245876,0.9999
-0.0467487,-0.122513,0.499139,0.9999
0.495098,0.31428,0.122198,0.9999
-0.393143,-0.569453,0.553962,0.999901
-0.402685,0.428002,-0.53236,0.9999
0.313378,0.414882,-0.662219,0.9999
0.698821,0.649361,0.12505,0.9999
0.398717,0.0307875,-0.658062,0.9999
-0.0245042,-0.726034,-0.2378,0.9999
0.475681,-0.496302,-0.255785,0.999901
0.175658,-0.225811,-0.0232062,0.9999
0.68433,0.49574,0.455932,0.9999
-0.848463,0.0252721,0.162512,0.9999
0.116352,0.663466,0.486299,0.999901
-0.0667851,-0.0762789,-0.262562,0.999899
-0.123975,-0.655799,0.300959,0.999901
0.540809,-0.189319,-0.4045,0.9999
0.795698,-0.045842,-0.577626,0.9999
0.0946051,-0.622802,0.53177,0.9999
0.0150698,0.279499,-0.78878,0.999899
0.231295,0.39523,-0.599412,0.999899
0.725298,-0.166248,-0.0592324,0.9999
-0.155776,-0.0530409,-0.891615,0.9999
-0.514459,0.853364,0.00261846,0.9999
0.00860552,-0.224113,-0.676461,0.9999
0.570069,-0.579323,-0.341479,0.9999
0.540988,0.424765,-0.0713676,0.9999
0.762078,0.369526,-0.0366878,0.9999
0.245053,-0.649709,-0.123412,0.9999
-0.514642,0.14757,-0.740798,0.9999
0.659986,-0.331243,0.286513,0.9999
-0.779547,0.0550297,-0.042365,0.9999
0.109724,-0.140936,0.150414,0.9999
-0.692426,-0.129115,0.0211126,0.9999
-0.332172,-0.427746,-0.531695,0.9999
0.818305,-0.257588,-0.204395,0.9999
-0.634671,-0.196893,0.594875,0.9999
0.558464,0.0340338,-0.533684,0.999899
0.738186,0.377177,-0.48545,0.9999
0.100767,0.263067,-0.544592,0.9999
-0.583111,-0.407008,-0.448462,0.9999
0.117279,-0.425277,0.254606,0.9999
0.785339,-0.266584,0.271099,0.999899
0.242331,0.869654,0.366706,0.9999
0.723116,0.383489,0.448176,0.9999
0.79405,-0.161527,-0.49925,0.9999
0.0648325,-0.68439,-0.704438,0.9999
-0.549147,0.456209,-0.621957,0.999899
-0.178957,0.491112,0.632372,0.9999
-0.622123,0.768249,-0.0435254,0.9999
-0.257728,0.0126905,0.850458,0.9999
0.17752,0.0520432,-0.523483,0.999899
0.635759,-0.646567,-0.171569,0.9999
0.629622,0.417058,0.0637905,0.9999
-0.395201,0.100283,0.0590656,0.999901
-0.803536,-0.0615907,0.0858858,0.9999
-0.401331,-0.83464,-0.184481,0.999901
-0.181949,-0.427364,-0.579757,0.999899
-0.953357,0.0992718,0.0175368,0.9999
-0.674035,0.665786,-0.108083,0.9999
-0.270637,0.0583796,-0.179016,0.9999
0.0448828,0.455311,0.736584,0.9999
0.496483,-0.124298,-0.29521,0.9999
-0.71075,-0.15561,-0.0261297,0.9999
0.57961,-0.467909,0.417362,0.9999
0.296786,-0.323012,-0.232117,0.999899
-0.199243,-0.798253,-0.132561,0.9999
-0.14192,-0.41491,-0.649432,0.9999
-0.439868,-0.0425611,-0.745293,0.9999
0.373766,0.544295,-0.72308,0.9999
-0.714556,0.250996,-0.495338,0.999899
-0.254496,-0.364905,0.0536211,0.9999
0.257914,0.0769579,0.752944,0.9999
-0.194636,0.691262,-0.589313,0.999899
0.157914,0.608299,0.744871,0.999901
-0.552844,-0.0330896,-0.679399,0.9999
-0.44087,0.808491,0.0414806,0.9999
-0.315052,0.0183728,-0.588194,0.9999
-0.613008,-0.382389,-0.421638,0.9999
0.122815,-0.54733,-0.296567,0.9999
-0.775733,-0.318404,0.0516872,0.9999
-0.0643902,0.00572577,-0.0994966,0.9999
0.11884,-0.8326,-0.0421992,0.9999
-0.0735525,0.223837,-0.634685,0.9999
-0.8586,-0.0625303,0.240716,0.9999
-0.772301,-0.297071,0.117036,0.9999
-0.474313,-0.0364864,-0.566963,0.9999
0.325313,-0.605849,-0.490132,0.9999
-0.0945264,0.596654,0.455519,0.9999
0.67844,-0.295743,-0.645561,0.9999
0.0746369,-0.916891,-0.221432,0.9999
-0.137929,0.175979,0.0341795,0.9999
-0.672724,0.00605829,-0.572809,0.9999
0.329917,-0.627051,-0.0589254,0.999899
-0.0636835,-0.215196,0.624775,0.999901
0.74641,-0.439494,0.255305,0.9999
0.724139,0.490769,0.453086,0.999901
-0.339665,-0.0952005,0.47509,0.9999
0.293616,-0.865103,0.261041,0.9999
-0.250568,-0.19776,0.450485,0.9999
-0.609094,-0.551693,0.170276,0.9999
-0.41096,0.189113,0.37404,0.9999
0.340644,0.663942,0.0299494,0.9999
0.0293759,-0.732911,0.325903,0.999899
0.0365524,-0.479534,0.603657,0.9999
0.0545884,-0.485679,-0.555357,0.9999
0.504594,-0.251541,0.378015,0.9999
0.522372,0.490488,0.0791907,0.999899
-0.39298,0.211859,-0.584811,0.999901
-0.378907,0.770185,-0.0897834,0.9999
0.314289,0.581591,0.627021,0.9999
0.852465,0.455229,-0.0498584,0.9999
-0.206013,0.263521,0.764392,0.9999
-0.121838,0.0502863,0.723801,0.9999
0.0446591,0.115408,0.304556,0.9999
0.111981,0.741774,-0.111988,0.999899
-0.633276,0.321632,-0.437659,0.9999
-0.556247,0.177398,-0.773825,0.9999
0.65282,0.0168851,-0.588561,0.9999
-0.807785,-0.170392,0.121796,0.9999
0.56772,0.0533151,0.434289,0.9999
-0.597349,0.490216,0.123869,0.9999
0.465259,0.761494,-0.0760429,0.9999
0.543737,-0.4555,0.392585,0.9999
0.559062,0.189644,0.149075,0.999901
0.606785,0.291301,0.301152,0.9999
-0.0958714,-0.61827,0.379994,0.9999
0.475915,0.0064169,-0.199569,0.999899
-0.576528,0.193155,0.117956,0.9999
-0.480862,0.718445,-0.034047,0.9999
-0.408563,0.798456,-0.0719743,0.9999
-0.416851,-0.137109,0.276536,0.999901
-0.493616,0.37137,-0.181096,0.9999
0.469811,0.132147,-0.779893,0.999899
-0.351925,-0.146733,-0.254563,0.999899
-0.489951,-0.245564,0.0172075,0.9999
0.0561233,-0.83692,0.377348,0.9999
-0.0163787,-0.345243,-0.222802,0.9999
0.125812,0.868403,0.174682,0.9999
0.791607,-0.318531,-0.130928,0.9999
-0.00409638,-0.26963,0.737604,0.9999
0.150612,-0.591073,0.785647,0.9999
0.0865817,-0.255042,-0.250033,0.9999
-0.485472,0.381995,-0.586211,0.999901
0.454252,0.600338,-0.475619,0.9999
-0.517583,0.512285,-0.422907,0.9999
-0.1864,0.318435,-0.32644,0.9999
-0.346531,-0.850515,0.309531,0.9999
0.26029,-0.160814,0.892096,0.9999
-0.565823,-0.298506,0.0320247,0.9999
0.42595,0.0490238,0.859639,0.999901
-0.749252,-0.528214,-0.366168,0.999899
-0.692728,-0.0783498,-0.494866,0.999899
0.517741,0.0699709,-0.142091,0.9999
0.151705,0.629316,0.253661,0.9999
0.731987,0.316585,-0.250581,0.9999
-0.750012,-0.317776,0.311484,0.9999
-0.442328,0.27271,0.364617,0.9999
-0.0196982,0.297091,-0.60703,0.9999
-0.580387,-0.718673,-0.350644,0.999899
-0.830274,0.289672,-0.19578,0.9999
-0.539942,0.420232,0.678758,0.9999
-0.425198,0.601888,-0.0884975,0.9999
0.216736,0.290736,0.727561,0.999901
-0.116688,0.916352,0.169668,0.9999
-0.453935,-0.112057,-0.597657,0.9999
-0.514279,-0.0128786,-0.0356929,0.999901
-0.803183,0.237865,-0.179489,0.9999
-0.53929,-0.485293,0.356351,0.9999
0.280273,-0.1759,-0.316834,0.9999
0.298543,-0.39061,0.270737,0.9999
0.451508,0.373694,0.727043,0.9999
-0.356118,0.682426,-0.0363907,0.999901
0.892285,-0.316275,0.152991,0.9999
-0.820937,0.329336,0.268154,0.999899
-0.215815,-0.592689,0.77138,0.9999
-0.238144,-0.678526,-0.599946,0.9999
0.111912,-0.510556,-0.481767,0.9999
-0.137752,-0.0985621,0.295464,0.9999
0.498672,0.677171,0.205132,0.9999
0.280267,-0.697626,-0.543017,0.9999
-0.0909729,-0.620149,0.0656905,0.999899
-0.353194,0.597195,-0.215004,0.9999
0.363821,0.381593,0.499734,0.9999
-0.549635,0.0559143,0.793628,0.9999
0.157241,0.735672,-0.338926,0.9999
-0.455373,-0.0345127,-0.868825,0.999899
0.588285,-0.518913,-0.46929,0.999901
-0.699146,-0.236099,0.45566,0.9999
-0.741702,0.459653,-0.379407,0.9999
0.281074,0.203926,-0.479891,0.9999
-0.626313,-0.204805,-0.642159,0.9999
-0.0285017,0.548695,0.543572,0.999899
-0.322143,0.242162,-0.395097,0.9999
-0.300354,0.207032,0.475558,0.9999
-0.448419,0.492577,0.409075,0.9999
-0.119773,-0.672372,-0.328518,0.9999
-0.0719533,-0.805446,-0.556815,0.9999
-0.451735,0.85441,0.0339445,0.9999
0.332474,-0.765954,-0.398781,0.9999
-0.210971,0.0792104,-0.0665601,0.9999
-0.46117,-0.528083,0.143485,0.999899
0.424821,-0.668722,-0.313661,0.9999
0.174004,0.744395,-0.367444,0.9999
-0.311641,-0.594319,-0.403368,0.9999
-0.647643,0.144478,0.188526,0.9999
-0.0718754,0.0379749,-0.0286098,0.999901
0.0941746,0.875347,-0.357132,0.9999
0.354655,-0.00314616,-0.391385,0.9999
0.692022,0.577495,0.367086,0.9999
-0.0828076,0.895486,0.284602,0.999899
-0.267673,-0.20985,0.457592,0.9999
0.0739525,0.214471,-0.729946,0.9999
0.770533,0.0651867,0.561343,0.9999
-0.635816,-0.147775,0.530853,0.9999
-0.347768,0.280692,0.304762,0.9999
0.0279724,0.366459,0.639182,0.9999
0.181452,-0.171356,-0.854352,0.9999
-0.469731,-0.418178,0.445195,0.9999
0.429931,-0.770279,-0.200729,0.9999
-0.678169,-0.282029,-0.121738,0.9999
0.356553,0.348708,0.416989,0.999901
-0.139342,0.267872,-0.415485,0.9999
0.40918,-0.470922,-0.0715406,0.9999
0.747392,0.13107,0.601211,0.9999
0.759462,-0.389368,0.0779369,0.9999
-0.271514,-0.610377,-0.54184,0.9999
0.313434,0.521072,0.741257,0.999899
0.659333,0.419291,-0.181374,0.9999
-0.00904759,0.460337,0.154027,0.9999
0.516921,0.383387,-0.253443,0.9999
-0.134872,-0.0971305,0.801594,0.999899
-0.900105,0.0229263,0.241651,0.9999
0.431184,0.00112571,-0.694855,0.9999
0.28176,0.274377,-0.155487,0.9999
0.417143,0.606028,-0.13152,0.9999
-0.78966,-0.140727,-0.579443,0.9999
0.694669,-0.140336,0.28999,0.9999
-0.151914,-0.581202,-0.198385,0.9999
0.534064,0.520476,-0.170896,0.999899
-0.262514,0.0712846,0.0408978,0.999899
-0.610161,0.273446,-0.183571,0.9999
0.204689,-0.748193,-0.0889446,0.9999
0.170354,-0.798724,-0.514987,0.9999
-0.597959,-0.38276,0.633971,0.9999
0.361087,0.740966,-0.27717,0.9999
0.0225232,0.545677,-0.779689,0.9999
0.726684,-0.362389,0.238838,0.9999
0.624988,0.198361,0.0113645,0.9999
-0.537445,0.359673,0.19714,0.9999
-0.646146,-0.407061,0.243152,0.999899
0.0347409,-0.240032,0.248537,0.9999
-0.263212,0.904105,-0.24002,0.9999
-0.195667,0.96948,0.02399,0.9999
0.0346318,0.191574,0.536527,0.9999
-0.25078,0.165724,0.891111,0.9999
-0.416824,0.0480817,-0.634935,0.999901
-0.429575,-0.276322,-0.725788,0.9999
0.530401,-0.0458524,0.59013,0.9999
-0.231434,-0.803169,-0.540004,0.9999
0.380032,0.272695,0.341083,0.9999
0.326079,-0.213263,-0.243333,0.9999
-0.44112,-0.0957173,0.424812,0.9999
-0.416106,0.0130562,-0.383162,0.999901
-0.120464,0.416544,0.854634,0.9999
0.286671,0.59129,0.610769,0.9999
-0.294493,0.501182,0.258623,0.9999
0.432298,-0.378841,-0.814734,0.9999
-0.160866,-0.519801,-0.157788,0.9999
0.610416,-0.11926,-0.0887842,0.9999
0.241792,-0.329697,0.701468,0.999901
0.608262,0.665067,-0.413961,0.9999
-0.442973,0.399909,-0.325267,0.999899
-0.127991,0.540977,-0.220622,0.999901
0.332601,-0.0950111,0.648449,0.999901
-0.532539,-0.476407,0.546399,0.999899
0.473131,-0.666307,-0.191501,0.9999
0.071682,-0.846284,-0.117884,0.9999
0.891007,-0.153631,-0.029221,0.9999
0.858799,-0.448762,0.0409593,0.999899
0.0962055,0.843166,0.484512,0.9999
-0.0205711,-0.412341,0.241981,0.9999
0.630735,0.264997,0.462783,0.9999
-0.308344,0.189339,-0.789803,0.9999
0.699466,-0.366277,0.0793838,0.9999
-0.183691,0.626229,-0.170734,0.999899
-0.440147,0.0677402,-0.224893,0.9999
0.691993,-0.259202,-0.0470186,0.9999
0.00269261,-0.511796,0.487462,0.9999
-0.00883504,0.423072,0.464789,0.9999
0.233122,0.390257,-0.52985,0.999901
-0.510516,0.36108,-0.529184,0.9999
0.0767896,-0.268081,-0.617042,0.999901
-0.239732,-0.203489,0.296873,0.9999
0.459135,-0.796964,0.0438195,0.9999
-0.449628,0.320994,0.318274,0.9999
-0.50603,-0.319408,-0.09674,0.9999
-0.141499,-0.629154,0.0521483,0.9999
-0.199388,0.300753,0.295455,0.9999
0.186377,0.931216,0.0745783,0.9999
-0.300486,0.150419,0.654118,0.9999
0.727801,-0.293384,0.0462046,0.9999
0.010052,0.145361,-0.577077,0.9999
-0.315389,0.407465,0.488214,0.9999
-0.192725,0.331238,-0.547395,0.9999
0.0860805,0.844626,-0.0471312,0.9999
0.222589,-0.161198,-0.869886,0.9999
0.621904,-0.179827,-0.323894,0.999899
-0.649601,0.258864,-0.332048,0.9999
-0.0804862,-0.447815,0.670521,0.9999
0.649211,-0.0610989,0.396969,0.9999
0.10243,0.237758,-0.174583,0.9999
-0.348143,-0.243948,-0.258244,0.999901
0.1955,-0.0459931,0.560826,0.999901
-0.143171,0.716177,-0.616996,0.9999
0.255753,0.948076,0.103257,0.9999
0.302181,-0.334093,0.651152,0.9999
-0.376873,0.221094,-0.148741,0.999901
-0.890999,0.225794,0.265365,0.999901
-0.561421,-0.43833,0.277339,0.9999
0.377088,-0.731001,0.537555,0.9999
0.705726,-0.0347924,0.34042,0.9999
-0.34492,-0.201796,-0.603835,0.999901
-0.642206,-0.287329,0.0123513,0.9999
-0.602673,-0.367799,-0.207183,0.9999
0.526822,0.345555,-0.653622,0.9999
0.834832,-0.389225,-0.221362,0.999901
0.327159,0.784526,-0.295341,0.999899
-0.449811,0.387165,-0.376043,0.9999
0.588378,-0.393105,-0.479798,0.999899
0.371275,-0.104425,-0.766444,0.999899
-0.747664,0.0693115,0.544023,0.9999
-0.660861,0.570122,0.409094,0.9999
-0.432645,-0.576687,-0.018948,0.9999
0.0662499,0.849249,0.190716,0.9999
-0.273407,-0.486855,0.527486,0.9999
0.306731,-0.708441,0.0702609,0.9999
-0.297855,0.172959,-0.12844,0.9999
-0.835345,0.129306,0.22115,0.9999
0.429445,-0.59038,-0.674607,0.9999
-0.651061,-0.0603912,0.547583,0.9999
0.444678,-0.135421,0.331897,0.9999
-0.428187,0.32048,0.0555677,0.9999
-0.136343,-0.677086,0.629746,0.9999
0.0865241,0.256835,0.294388,0.999901
-0.669559,0.695046,0.0779293,0.999899
0.710023,0.160317,-0.471479,0.9999
0.571703,0.254498,0.690279,0.999901
0.725133,0.155454,0.295077,0.9999
-0.869032,0.0585139,-0.0475563,0.999901
-0.390064,-0.213239,0.185458,0.999901
-0.623642,-0.0468164,0.758468,0.9999
-0.210465,0.0232976,-0.910811,0.9999
-0.0324221,-0.000795048,-0.593689,0.999899
-0.692857,-0.472123,-0.0192373,0.9999
-0.521828,-0.254738,-0.482134,0.999901
0.499525,-0.48599,0.683555,0.9999
-0.0112797,0.280641,-0.0399415,0.999899
-0.741996,-0.370726,0.131723,0.9999
0.826549,-0.0691144,0.166363,0.9999
0.52111,0.513642,-0.437064,0.999899
-0.182847,-0.602471,-0.0633012,0.9999
-0.383756,0.774449,0.217554,0.999901
-0.865912,-0.251884,0.146331,0.9999
0.257892,-0.198094,-0.942339,0.9999
-0.234344,-0.30773,0.569529,0.9999
0.126215,0.166469,0.353648,0.9999
0.507386,0.599482,0.47596,0.9999
0.308722,-0.766088,0.428954,0.9999
0.503428,-0.351387,0.69533,0.9999
0.601317,0.472247,0.604764,0.9999
0.247258,0.00861376,0.813912,0.999899
0.112776,0.347789,-0.361139,0.9999
-0.494123,-0.0829145,0.0920652,0.9999
0.20347,-0.167773,-0.0841714,0.9999
0.191259,0.930229,0.059322,0.9999
-0.0218587,-0.108834,0.965567,0.9999
0.0124448,0.83708,0.337023,0.9999
0.62816,-0.341317,-0.187763,0.9999
-0.100964,0.56863,0.189473,0.9999
0.557552,-0.535158,-0.391322,0.9999
0.320097,0.295795,-0.463889,0.9999
-0.259147,-0.570261,-0.269347,0.9999
0.555839,0.431267,-0.0591148,0.9999
-0.392732,0.817868,-0.0624133,0.9999
0.355145,-0.07773,0.329061,0.9999
0.190567,-0.632718,-0.50217,0.9999
-0.162806,-0.0644601,-0.642907,0.999901
0.445556,-0.233425,0.636729,0.9999
0.417156,0.259925,-0.0461184,0.9999
0.27453,-0.00798392,0.34339,0.9999
0.577921,0.312087,-0.632657,0.9999
-0.679532,0.363392,0.488104,0.9999
-0.592507,0.141902,0.187862,0.9999
0.482106,-0.151186,-0.808391,0.9999
0.281235,0.401249,0.239763,0.9999
0.377003,0.19789,-0.318865,0.9999
0.348851,-0.180845,0.146323,0.9999
0.0836508,0.0572339,-0.619001,0.9999
-0.0196304,0.418932,-0.0106671,0.999899
-0.430818,0.641764,0.403596,0.9999
-0.258139,0.0114415,-0.562395,0.9999
0.819643,0.0274542,0.148148,0.9999
0.329574,-0.088935,0.723664,0.9999
-0.171229,-0.444847,0.70216,0.9999
0.760181,-0.553746,0.295653,0.9999
-0.266828,-0.116045,0.297683,0.9999
0.184265,0.412128,-0.626368,0.9999
-0.549552,-0.4971,0.651514,0.9999
0.108558,-0.311284,0.828219,0.9999
-0.131269,0.505254,0.738071,0.999901
0.84622,0.169393,0.318632,0.9999
0.00974618,-0.412407,-0.424277,0.9999
-0.0690767,0.227375,-0.911876,0.999901
-0.0368148,-0.0967025,0.847909,0.999901
0.137913,0.133532,-0.363458,0.999901
-0.456944,0.43684,0.00822325,0.9999
0.014565,-0.560295,-0.584546,0.999901
0.531032,0.350614,-0.276394,0.9999
0.655772,-0.0230252,0.428923,0.999899
0.574483,-0.410842,-0.589407,0.999899
-0.759792,-0.622472,-0.0397351,0.9999
-0.167463,0.771673,0.587391,0.9999
0.272611,-0.793401,0.0453897,0.9999
0.161013,-0.233835,0.183134,0.999901
-0.584606,0.143178,0.718511,0.999899
0.149429,-0.0447347,0.400047,0.9999
0.390128,-0.51693,0.109753,0.999901
-0.510442,-0.765771,-0.267411,0.9999
-0.38462,-0.613695,0.134023,0.9999
0.611217,0.0787652,-0.649801,0.9999
-0.73767,-0.111465,-0.489594,0.9999
-0.0230991,-0.479279,-0.54762,0.9999
-0.441879,0.615794,0.251115,0.9999
0.270907,0.38221,0.597708,0.9999
0.748509,0.533251,-0.320999,0.999901
-0.113928,0.15651,0.855109,0.9999
0.264486,-0.0589835,-0.11609,0.9999
0.396507,0.13241,0.528218,0.9999
-0.372498,0.56528,0.126935,0.9999
0.192962,0.102714,0.180577,0.9999
0.541666,0.457222,0.333888,0.9999
0.697683,-0.59997,0.36728,0.999899
0.167985,-0.525514,0.372934,0.999899
0.403065,0.0896059,-0.0511621,0.9999
0.271253,-0.479608,0.0886472,0.9999
-0.30655,-0.862251,-0.313642,0.9999
0.37491,0.061789,-0.629003,0.999899
0.0746694,-0.215341,0.498719,0.9999
-0.699208,-0.63301,0.246626,0.999899
-0.1774,-0.457752,-0.00550714,0.999899
-0.131238,-0.2601,-0.735494,0.9999
-0.67628,-0.316369,0.588112,0.9999
0.776287,-0.338546,0.0539362,0.9999
0.212178,-0.005109,0.537111,0.9999
0.194784,0.772434,-0.409592,0.9999
-0.525932,-0.286104,0.234928,0.9999
-0.0441055,0.545091,-0.665333,0.999901
0.203626,0.184408,-0.241616,0.9999
0.374245,0.109757,0.555432,0.999901
0.0755613,0.457327,-0.625898,0.9999
-0.16318,-0.610118,-0.354003,0.9999
-0.36398,-0.757057,-0.00679102,0.9999
-0.22265,-0.279725,-0.928845,0.9999
0.548146,-0.717578,0.163858,0.9999
-0.290895,0.251169,0.0360005,0.999899
-0.0535748,0.093002,-0.356784,0.999901
0.445556,0.292369,0.617715,0.9999
0.182016,-0.186603,-0.527462,0.9999
-0.538239,-0.605985,-0.0282117,0.9999
0.0754356,-0.926797,-0.154719,0.999901
0.121265,-0.606021,-0.762921,0.9999
0.288073,-0.586149,0.519102,0.999899
0.222882,0.614898,-0.234744,0.9999
-0.690303,-0.334568,-0.616746,0.999901
0.0545546,-0.275842,-0.282398,0.9999
0.410304,-0.798713,0.310523,0.9999
0.499395,0.223543,-0.260792,0.999901
0.474864,0.485292,-0.337538,0.9999
-0.576919,0.0161134,0.21149,0.999901
-0.569517,-0.288453,-0.671524,0.999901
-0.0193399,0.660794,0.355188,0.9999
0.483561,0.0268683,-0.25389,0.999899
-0.782974,-0.278225,-0.381791,0.9999
-0.0484494,-0.176296,0.857806,0.9999
-0.129227,0.234108,-0.0328135,0.9999
0.292495,-0.195605,-0.306819,0.9999
-0.0662691,-0.325976,-0.478024,0.9999
-0.694262,-0.45938,0.22457,0.999899
0.631571,-0.38023,0.40501,0.999899
0.207166,-0.216344,0.48643,0.9999
-0.388536,-0.00515889,0.735017,0.9999
0.477233,-0.507479,0.55708,0.999901
-0.514537,0.246066,-0.403429,0.999901
-0.0458317,-0.0462837,0.281659,0.999901
-0.131186,0.806022,-0.335757,0.9999
-0.810868,-0.0517973,-0.238907,0.9999
-0.469253,-0.312783,-0.494349,0.9999
-0.12514,-0.320998,-0.138484,0.9999
-0.366226,0.110365,-0.82054,0.9999
0.701755,-0.00614132,-0.675011,0.9999
-0.260575,0.329394,-0.810953,0.9999
0.311979,0.198,0.884954,0.9999
0.0804411,-0.551419,0.610456,0.999899
-0.0278926,0.678836,-0.53589,0.9999
0.60192,-0.332391,-0.135826,0.9999
-0.529907,0.630822,0.135553,0.9999
-0.235897,0.366798,0.505844,0.9999
0.265834,0.649982,0.568151,0.9999
0.345949,0.358315,-0.798096,0.999901
-0.643513,0.0131418,-0.673844,0.999901
0.0834968,-0.634804,-0.49842,0.9999
-0.331262,0.717202,0.481998,0.9999
0.408544,0.171719,-0.391636,0.9999
0.68,-0.141724,-0.214645,0.9999
0.0373892,0.504941,0.36495,0.999901
-0.365047,-0.521667,-0.30955,0.9999
-0.827594,-0.272895,0.0500907,0.9999
-0.110988,-0.76222,-0.273447,0.9999
-0.016965,-0.457126,0.176101,0.9999
-0.189638,-0.175521,0.77154,0.9999
0.270461,-0.0887298,-0.48455,0.9999
0.199728,-0.0261816,-0.334896,0.9999
-0.227937,0.279851,-0.120064,0.9999
-0.384212,0.567555,0.473832,0.9999
0.11496,-0.181242,-0.415417,0.999899
0.391827,0.644151,-0.5208,0.9999
-0.123578,-0.179427,0.0302138,0.999899
-0.679146,0.660608,0.0967095,0.9999
-0.270813,0.0562574,-0.534168,0.999899
-0.900859,0.225028,-0.26812,0.9999
0.578913,-0.17001,-0.440918,0.9999
0.549322,0.142916,-0.715333,0.9999
-0.132225,0.0548552,0.481596,0.9999
0.120476,0.729961,0.259771,0.9999
0.573607,-0.243422,-0.66309,0.9999
0.509412,0.182669,0.527625,0.999901
-0.203276,-0.880369,0.150601,0.9999
-0.410677,0.618148,0.122597,0.9999
-0.0704295,0.0602673,-0.608262,0.9999
-0.166342,0.544751,0.247738,0.9999
0.222648,0.82058,-0.0103056,0.9999
0.011407,0.366021,0.52537,0.9999
-0.349436,-0.382057,-0.598477,0.9999
-0.407157,0.446601,-0.522057,0.9999
-0.303285,0.00522146,-0.418556,0.9999
0.0683885,-0.562173,-0.626551,0.9999
-0.0732975,-0.790153,0.221937,0.9999
0.119668,-0.443394,-0.101099,0.999899
0.602428,0.538636,-0.165219,0.9999
0.247322,-0.902072,0.199515,0.9999
-0.305781,-0.491715,-0.36781,0.999901
0.0279288,0.576007,-0.603599,0.9999
-0.445759,0.032485,0.866139,0.9999
0.76426,-0.551886,-0.0914958,0.9999
-0.379516,-0.575694,0.00281529,0.9999
0.425264,0.439874,0.0991037,0.999899
-0.33458,-0.331373,-0.0357558,0.9999
-0.171634,-0.103151,0.816852,0.9999
0.664751,0.287522,0.14019,0.9999
-0.44904,0.298423,0.546963,0.9999
-0.180837,0.124785,0.580794,0.999899
-0.454664,-0.239115,0.294114,0.9999
0.268373,0.757156,-0.0109913,0.9999
0.589394,0.449247,-0.193135,0.9999
0.463904,0.761747,-0.156755,0.9999
-0.350241,0.544152,-0.562553,0.999899
0.405837,-0.22885,0.516057,0.9999
0.484482,-0.19489,0.320614,0.9999
0.329804,-0.778223,0.372986,0.9999
0.162253,0.0476502,0.181265,0.999901
-0.226378,-0.850631,0.122036,0.999901
-0.0762984,-0.0107366,-0.233763,0.9999
-0.306731,-0.427134,0.026453,0.9999
-0.0371948,-0.390219,-0.68245,0.9999
0.782976,-0.382167,-0.0974211,0.9999
0.365818,0.214428,-0.672867,0.9999
-0.367331,0.567572,-0.527284,0.999901
0.0176529,0.611801,0.61828,0.9999
-0.0796962,-0.607099,-0.658373,0.9999
0.212224,-0.329465,0.220745,0.999899
-0.663418,-0.593201,0.235994,0.9999
0.676588,-0.0495444,-0.246873,0.999899
-0.0867165,0.499564,0.734503,0.9999
0.42555,-0.662531,0.108202,0.999899
0.0794639,0.24703,0.390465,0.999901
0.383987,0.515425,-0.151156,0.9999
-0.827572,0.441146,0.0987995,0.9999
0.026755,0.279376,0.644969,0.9999
0.959209,-0.196376,-0.122929,0.999901
0.368755,-0.0843402,0.482046,0.9999
-0.430262,0.16213,0.791115,0.9999
-0.62064,-0.205722,-0.0534977,0.999901
0.367848,0.543395,-0.459344,0.999901
-0.587882,0.536271,-0.32549,0.999899
0.30316,0.224881,-0.0184374,0.9999
-0.597547,0.724019,-0.274496,0.9999
0.445272,-0.384306,0.536009,0.9999
-0.302367,0.479709,-0.122573,0.9999
-0.543983,-0.226628,0.1759,0.999899
-0.0951649,-0.345465,0.85361,0.999899
-0.277755,-0.929259,-0.1575,0.9999
-0.174994,-0.228343,-0.68972,0.9999
0.61598,0.0703141,-0.112231,0.999901
-0.681742,0.347199,-0.150784,0.9999
0.520967,0.135122,-0.398119,0.9999
0.499241,-0.278481,-0.0770895,0.9999
0.263368,-0.819977,0.337231,0.9999
0.0136674,-0.493195,-0.807244,0.999901
-0.49094,-0.552697,-0.240752,0.9999
-0.771235,0.252719,-0.329494,0.9999
0.497859,-0.44541,-0.70374,0.9999
0.0306642,-0.117203,-0.306881,0.9999
-0.599924,0.57988,0.166647,0.9999
-0.333318,-0.453528,-0.774428,0.9999
0.507407,0.46207,0.565025,0.9999
-0.0353779,0.748306,-0.120291,0.9999
-0.565523,0.537146,0.31396,0.9999
-0.00844859,-0.680978,-0.658312,0.9999
0.148827,0.798112,-0.207662,0.9999
0.294114,-0.204682,0.668635,0.9999
0.282937,-0.124954,0.0766171,0.999901
-0.376991,-0.365945,-0.685999,0.9999
0.474124,0.363231,-0.316336,0.999901
0.000777229,0.0408877,-0.848948,0.9999
-0.228378,0.797827,-0.1496,0.9999
-0.356371,-0.298255,-0.670903,0.9999
-0.673508,-0.361414,0.0411175,0.9999
-0.255074,-0.819267,-0.462973,0.999901
-0.410818,0.490149,0.306461,0.9999
0.598149,-0.548579,0.257664,0.9999
0.157416,0.0824826,0.951482,0.9999
0.358141,0.181115,-0.390408,0.9999
0.121772,-0.598435,0.0657042,0.9999
-0.617344,0.50713,-0.261916,0.9999
0.617258,-0.649188,0.0339648,0.9999
-0.427624,-0.158519,0.0377507,0.9999
-0.397405,0.706815,0.555887,0.9999
-0.0330461,-0.274212,0.311062,0.999899
0.420804,0.595344,0.215643,0.9999
-0.36422,0.109723,0.893797,0.9999
-0.375904,-0.154764,0.306181,0.9999
0.119608,0.874962,-0.0106653,0.999901
-0.167109,-0.274732,-0.17979,0.9999
-0.488302,-0.153529,0.675105,0.9999
0.888536,-0.322171,0.236899,0.9999
0.649577,0.691376,0.0678984,0.9999
-0.348237,-0.0540208,-0.739119,0.9999
0.185126,-0.183258,-0.456905,0.9999
-0.681737,0.281916,0.595304,0.9999
-0.194931,-0.06245,-0.577377,0.9999
0.891925,-0.145356,0.275155,0.9999
0.326693,-0.658391,-0.368246,0.9999
0.299301,-0.143933,-0.78683,0.9999
0.907888,-0.135499,-0.194064,0.9999
0.664451,-0.710883,0.194875,0.9999
-0.495792,0.314689,0.538687,0.9999
0.462559,0.453759,0.557198,0.999901
0.523986,0.767718,0.327629,0.9999
-0.36133,-0.150034,0.136394,0.9999
0.724048,-0.117523,-0.0101156,0.9999
0.668703,0.0481411,0.305214,0.9999
0.899497,0.0259329,0.371749,0.9999
-0.247934,-0.409301,0.804572,0.9999
-0.0135446,0.596237,-0.262461,0.9999
-0.515532,0.183266,0.689996,0.999899
0.459537,0.203548,0.0681537,0.9999
-0.389906,0.182899,0.5623,0.999901
0.358899,-0.91258,0.0599257,0.999899
0.51229,-0.520545,0.514232,0.9999
-0.686374,0.211391,-0.453135,0.999901
0.0258502,-0.60279,-0.471087,0.9999
0.439522,0.333165,-0.469339,0.9999
0.779197,0.424939,-0.0453925,0.9999
0.0441894,0.455206,0.466265,0.9999
0.652592,-0.480754,-0.0358505,0.9999
0.461969,0.405705,0.107554,0.999901
-0.659115,0.520434,-0.0955533,0.9999
-0.703221,-0.386211,-0.58962,0.9999
-0.285233,-0.0912208,-0.700725,0.9999
-0.831404,-0.0235201,0.525523,0.999901
0.267863,0.357338,0.23072,0.9999
0.00287733,-0.137345,-0.133851,0.9999
0.169045,-0.521428,-0.502108,0.9999
-0.423969,0.342495,-0.0056575,0.9999
-0.0117977,-0.425739,0.0573306,0.9999
-0.707737,-0.361002,-0.584567,0.9999
-0.372418,-0.581374,0.560554,0.9999
0.395059,-0.825738,-0.0519171,0.9999
-0.186056,-0.187805,-0.15604,0.999901
0.395087,-0.449344,0.593647,0.9999
0.421906,0.537217,0.412348,0.9999
-0.549992,-0.650522,0.415848,0.9999
-0.220574,-0.59425,-0.190164,0.9999
0.122253,0.438965,-0.421927,0.9999
0.477065,0.19116,-0.265893,0.999901
-0.884149,0.00863041,0.244725,0.9999
0.155392,-0.816653,-0.307269,0.9999
0.0567049,0.560614,-0.463291,0.9999
-0.307232,0.317321,0.531502,0.9999
-0.336484,0.773123,0.0555582,0.9999
-0.144111,-0.137141,-0.922932,0.9999
0.18648,-0.300195,-0.589903,0.9999
-0.404403,0.285156,-0.344139,0.9999
0.418292,-0.0881022,-0.112552,0.9999
-0.185312,0.289006,0.902604,0.999899
0.404727,-0.635673,0.561501,0.9999
0.449751,-0.682659,0.531544,0.9999
0.189116,-0.546482,0.426922,0.9999
-0.5796,-0.411501,0.0313959,0.9999
-0.635174,-0.00847903,0.327152,0.9999
0.153471,-0.865554,0.268229,0.9999
0.292843,-0.287244,-0.753151,0.9999
0.211607,0.100667,-0.00715719,0.9999
-0.209368,-0.398183,-0.0555154,0.9999
-0.640251,-0.107499,0.134255,0.9999
0.414863,-0.0492133,-0.832934,0.9999
0.0173209,0.299628,-0.224295,0.9999
0.548405,-0.314024,0.657847,0.999901
-0.414009,0.456304,0.277313,0.999899
-0.317046,-0.0469337,0.107715,0.9999
-0.570756,-0.240216,-0.766053,0.999899
-0.12916,-0.617343,-0.0903619,0.9999
-0.470529,-0.589081,-0.266648,0.9999
0.369813,-0.105355,-0.482155,0.9999
0.578213,-0.499741,0.0538081,0.9999
-0.018967,0.0364971,-0.713784,0.9999
0.331899,-0.335174,0.0992995,0.9999
-0.772521,-0.57326,-0.140415,0.9999
-0.28516,-0.738482,0.503843,0.9999
0.486111,-0.194164,-0.0926697,0.9999
-0.150369,-0.220114,-0.0302231,0.999899
-0.00873754,-0.0386443,-0.590588,0.999901
-0.084698,0.971985,0.155215,0.9999
-0.629043,-0.0728154,0.106321,0.9999
-0.000976986,-0.768014,0.2618,0.9999
0.426532,-0.861751,-0.0966644,0.999899
0.445605,-0.792756,-0.128119,0.9999
-0.35065,-0.526685,-0.297112,0.9999
-0.263292,0.194111,-0.49047,0.9999
-0.348304,0.227172,-0.209794,0.9999
0.0281966,-0.0120289,0.815903,0.9999
-0.139281,-0.986202,-0.0208243,0.9999
-0.300349,0.819276,0.168199,0.9999
0.156006,0.431908,0.549693,0.9999
0.727932,-0.147748,0.624652,0.9999
0.555406,-0.489423,-0.664477,0.999901
0.676432,0.34326,0.566296,0.999901
0.00960229,-0.386858,-0.60076,0.9999
-0.120629,-0.497543,0.290049,0.9999
-0.399119,0.012194,-0.462354,0.9999
-0.481758,-0.743267,0.0905433,0.9999
-0.0232073,-0.845361,-0.103084,0.9999
0.135772,0.107121,-0.462523,0.9999
0.0483676,0.308503,-0.838404,0.9999
0.109659,-0.689438,-0.544146,0.9999
-0.223546,0.762277,0.043333,0.9999
-0.454039,0.47573,-0.0518543,0.9999
0.201977,0.36619,-0.118643,0.9999
0.486841,-0.250755,-0.145178,0.9999
0.743091,-0.237754,0.476126,0.9999
0.32767,-0.805039,-0.244251,0.999899
0.128927,-0.0650653,0.555572,0.999899
0.392281,0.25931,-0.54247,0.9999
0.0571917,-0.620436,0.0088783,0.9999
-0.181999,0.922013,0.0177146,0.9999
-0.0965918,-0.0120028,-0.267182,0.9999
0.30348,0.328216,0.7935,0.999901
-0.0496187,0.21511,-0.706233,0.9999
-0.351381,0.0514493,0.389762,0.9999
0.0907345,0.145877,-0.164201,0.9999
-0.4925,0.657403,-0.456476,0.9999
0.22343,-0.828424,-0.1045,0.9999
0.462455,-0.413869,-0.295051,0.9999
-0.413619,-0.304404,0.313333,0.9999
0.327972,0.104487,-0.227307,0.9999
-0.841767,-0.00712386,0.0914342,0.9999
-0.173482,-0.265496,-0.948047,0.9999
-0.387153,0.0900342,-0.905386,0.9999
-0.115581,0.57958,0.521922,0.999901
0.141455,0.832799,-0.336132,0.9999
0.173285,0.285269,-0.536516,0.9999
0.0087155,0.722345,-0.584918,0.9999
0.185054,0.0519266,-0.972715,0.9999
0.290704,0.45333,-0.297335,0.999899
-0.175028,0.657833,0.171744,0.9999
0.407102,-0.121679,-0.753131,0.9999
-0.471665,0.519896,0.509204,0.9999
-0.957822,0.0618657,0.189259,0.999901
-0.472358,0.366562,-0.679272,0.9999
0.211501,-0.245897,-0.931037,0.999901
-0.181336,-0.4067,-0.487378,0.9999
0.442508,-0.495584,-0.504797,0.9999
0.171208,0.512401,-0.668571,0.9999
-0.400088,0.00252149,-0.0586763,0.9999
0.0745386,0.480117,-0.084686,0.999901
-0.0701381,0.962492,0.0683714,0.9999
-0.078354,-0.485613,0.232468,0.9999
0.668769,-0.498464,0.33423,0.9999
-0.178806,0.81707,-0.363537,0.9999
0.258556,0.942504,-0.0285811,0.9999
-0.547359,0.299528,-0.10359,0.9999
0.793585,-0.255034,0.189185,0.9999
0.495822,-0.124583,-0.403914,0.9999
0.240429,0.251115,0.313021,0.9999
0.214955,-0.15747,0.765149,0.999901
-0.224523,-0.505165,-0.168445,0.9999
0.337011,-0.940958,-0.0252168,0.9999
0.238765,-0.297617,-0.787001,0.9999
-0.499415,0.18156,0.138713,0.9999
-0.363271,-0.0894107,-0.195764,0.999899
0.133991,0.147385,0.812525,0.999899
-0.363172,-0.463666,-0.268838,0.9999
0.0655555,0.038841,-0.798068,0.9999
-0.107282,0.38377,-0.173807,0.9999
0.0577103,-0.702499,-0.241861,0.9999
-0.572488,0.783773,-0.149183,0.9999
-0.504044,-0.579372,-0.16366,0.9999
-0.713535,-0.233304,-0.0806341,0.9999
0.815001,0.0759117,0.336823,0.9999
0.818676,0.21232,0.00875341,0.999899
-0.282136,-0.02238,0.542244,0.9999
-0.552094,0.201311,-0.0141707,0.9999
0.153739,-0.271781,0.84854,0.9999
0.716133,0.551342,0.145366,0.9999
-0.763293,-0.431143,-0.135884,0.9999
0.0524251,-0.317675,0.56485,0.9999
-0.41305,0.431606,0.152422,0.9999
0.0772469,0.25255,0.269459,0.9999
0.114998,-0.0730338,0.324553,0.9999
-0.0588916,-0.272715,-0.743102,0.9999
-0.871922,-0.380048,0.0240376,0.9999
0.505658,-0.27962,-0.220267,0.9999
0.227614,0.132326,-0.439665,0.999899
0.0724737,-0.131869,0.607522,0.999899
0.584343,0.504016,0.107367,0.9999
0.437117,0.110053,-0.752321,0.9999
0.0128719,-0.448903,0.524669,0.9999
0.538145,0.742823,-0.185177,0.9999
0.283485,-0.193685,-0.920435,0.9999
-0.402585,0.178067,0.712113,0.9999
-0.512337,-0.372495,0.699762,0.9999
-0.210341,-0.757175,-0.363718,0.999901
-0.26346,-0.275159,0.508027,0.9999
-0.325395,0.0694834,0.928765,0.999901
-0.615463,0.135448,-0.448473,0.9999
0.0471174,0.48262,0.259844,0.9999
-0.169567,0.52408,0.0378904,0.999901
-0.839519,0.490458,-0.144965,0.9999
0.10904,0.956203,-0.236195,0.9999
0.160026,0.816671,-0.387859,0.999899
0.0673991,-0.256649,-0.093566,0.9999
0.607318,0.445347,-0.570326,0.9999
-0.499062,-0.326267,0.685549,0.9999
-0.79267,0.182283,0.385073,0.9999
-0.613376,0.172799,-0.499632,0.999899
0.456492,-0.16963,-0.0145549,0.9999
-0.389718,0.398748,-0.482607,0.9999
0.652991,-0.0186304,0.697581,0.9999
0.477743,0.430438,0.235223,0.9999
-0.113086,0.652909,0.026602,0.9999
-0.316009,-0.912595,0.0275092,0.9999
0.116921,-0.184094,-0.706277,0.9999
-0.913655,-0.0691773,-0.330088,0.9999
-0.733525,0.160738,0.542522,0.9999
-0.564221,0.0798589,-0.303436,0.9999
0.351504,-0.167165,-0.744327,0.9999
-0.258623,0.387989,-0.720363,0.9999
-0.327579,-0.380986,0.479436,0.9999
-0.289781,-0.304207,-0.643551,0.999899
-0.614999,-0.709382,-0.0760736,0.9999
-0.491643,0.161393,-0.527134,0.9999
-0.120876,-0.392854,-0.710396,0.9999
0.229687,0.0379843,0.852155,0.999899
0.0279629,-0.978564,0.114579,0.9999
-0.0491372,0.0248742,0.37968,0.9999
-0.196094,-0.276688,0.881549,0.9999
0.181975,0.873267,0.331094,0.9999
-0.124227,-0.780906,0.339856,0.9999
-0.305946,0.421994,0.802223,0.999899
0.31245,0.502819,-0.310962,0.9999
-0.728193,0.551024,0.376893,0.9999
0.0194643,-0.670055,-0.26196,0.9999
-0.027774,0.703414,0.223274,0.9999
-0.0853801,0.069958,0.509402,0.9999
-0.0486605,-0.038266,0.651592,0.999899
-0.582409,0.218618,0.348432,0.999901
0.0105711,-0.638771,-0.337784,0.9999
-0.180406,-0.363418,-0.479254,0.9999
-0.692762,0.611681,-0.103507,0.9999
-0.24485,-0.35969,0.334394,0.9999
0.587349,0.442635,0.278057,0.9999
-0.773999,0.317059,-0.334905,0.9999
0.745158,0.355257,-0.364869,0.9999
0.0468975,-0.604966,-0.30753,0.9999
-0.28549,0.725579,0.189492,0.9999
-0.140341,-0.929479,0.293194,0.9999
0.197269,0.746457,-0.498028,0.9999
-0.0489463,-0.559708,0.614719,0.9999
-0.278295,-0.350378,-0.889893,0.999901
-0.13282,0.854271,0.298526,0.999899
0.317477,0.358456,0.0599734,0.9999
0.345506,-0.673601,-0.493514,0.9999
-0.487459,0.832015,0.018114,0.9999
0.0159355,-0.0742744,-0.940549,0.9999
0.903691,-0.299617,0.252905,0.9999
0.0290796,0.344736,0.38345,0.9999
0.0346135,-0.440614,-0.170257,0.9999
-0.791905,0.0652076,0.087029,0.9999
-0.0716788,-0.390421,0.390699,0.9999
0.17974,-0.609523,0.28692,0.9999
0.236732,-0.626233,-0.387695,0.999901
0.48197,-0.522286,-0.317174,0.999901
-0.39122,0.66732,-0.323631,0.999899
-0.292725,0.726362,-0.26336,0.9999
0.215917,0.404128,0.0561929,0.9999
-0.19077,-0.304517,-0.9226,0.9999
0.563962,0.697449,-0.214335,0.9999
0.215354,-0.175436,-0.248475,0.999899
0.168722,0.126635,-0.951232,0.9999
-0.0996218,0.160767,0.214136,0.9999
-0.65583,0.627419,0.114206,0.9999
-0.65059,-0.23283,-0.125307,0.9999
-0.364284,-0.565095,0.168122,0.9999
-0.253154,0.676891,0.149734,0.9999
-0.535357,-0.0801542,-0.725368,0.9999
-0.489018,-0.48353,0.234936,0.9999
0.141291,-0.538271,0.821253,0.9999
0.631862,-0.227336,-0.321402,0.999901
0.770176,0.189044,-0.342723,0.9999
-0.61192,0.379298,0.218029,0.9999
0.355608,0.369525,0.319263,0.999899
0.21404,0.809896,0.476116,0.999899
0.0115669,0.256611,0.0732523,0.999899
-0.451659,-0.00437968,0.783522,0.9999
-0.17945,0.48706,-0.173678,0.9999
-0.781115,0.435306,-0.429749,0.9999
0.310191,0.266849,-0.66203,0.9999
0.0929642,-0.438332,0.65112,0.999899
-0.160976,0.279643,0.370296,0.9999
-0.564339,0.0583777,0.202749,0.999901
0.489051,-0.238419,0.438192,0.9999
-0.039879,0.0901903,0.833989,0.999901
0.566928,0.0129751,0.423053,0.9999
-0.458928,0.417436,0.70524,0.9999
-0.150524,0.184112,0.745715,0.9999
-0.266037,0.504718,-0.104275,0.9999
-0.302238,0.0587607,0.541216,0.9999
-0.62004,-0.558669,-0.324788,0.9999
0.203878,0.196013,-0.685065,0.9999
-0.421162,0.158355,0.0659566,0.9999
-0.0689783,0.00589624,0.859786,0.9999
0.177952,0.605466,-0.336475,0.9999
-0.23219,0.175426,0.193422,0.9999
0.399114,-0.394054,0.288834,0.9999
-0.456023,0.379733,-0.558343,0.9999
0.754993,-0.465122,-0.0896485,0.9999
-0.171146,-0.481037,0.459912,0.9999
-0.66397,0.390933,0.389303,0.9999
-0.243273,-0.456653,-0.750489,0.9999
-0.4114,-0.131665,0.297565,0.9999
-0.345954,-0.530271,0.427482,0.9999
-0.48421,-0.327998,-0.0562753,0.9999
-0.749287,-0.0161225,0.318117,0.9999
-0.456348,0.288695,-0.6087,0.999899
-0.202193,-0.0897851,-0.827424,0.9999
-0.125877,0.231807,-0.707617,0.999901
-0.535223,0.271954,0.0491021,0.9999
-0.0973846,0.0328257,0.265983,0.9999
-0.179116,-0.303331,0.79407,0.9999
0.383544,-0.00207608,-0.89337,0.9999
-0.414624,0.188918,0.775342,0.9999
0.159139,0.448649,0.457408,0.9999
-0.12907,-0.849101,-0.120922,0.9999
-0.791278,0.255034,-0.0829361,0.9999
-0.267712,-0.168778,0.317156,0.9999
0.361345,-0.754918,-0.0312769,0.9999
-0.173077,0.366743,-0.0195262,0.999899
0.0702958,0.764807,0.160449,0.9999
0.614728,-0.0668906,0.0936579,0.999899
-0.246702,-0.903863,-0.316204,0.9999
0.548613,0.294628,0.679145,0.999899
0.195137,-0.6174,-0.221974,0.9999
0.500511,-0.45994,-0.643828,0.9999
-0.269707,-0.50252,0.177401,0.9999
-0.172432,0.961975,-0.0326373,0.9999
-0.460496,0.368457,-0.490374,0.999901
0.231852,-0.439965,0.678205,0.9999
-0.268354,0.746627,0.0532563,0.9999
-0.122557,0.445264,-0.202963,0.9999
-0.423098,0.176047,0.840998,0.9999
-0.0500828,0.67893,-0.512487,0.9999
0.178098,-0.926411,-0.0527831,0.999901
0.168705,0.0615169,-0.0560903,0.9999
-0.290911,0.158606,0.89563,0.9999
0.459994,0.509415,-0.319464,0.9999
0.536218,0.602406,0.450328,0.999899
-0.388726,0.317172,0.837039,0.999901
-0.720231,0.123701,0.43822,0.999899
-0.530496,0.639976,-0.315711,0.9999
-0.72324,-0.47845,-0.292759,0.9999
0.0241691,-0.441217,0.472728,0.9999
0.120653,0.253533,-0.0411658,0.9999
-0.239271,0.467669,0.0319273,0.9999
-0.316882,-0.562704,-0.545406,0.999899
-0.634361,-0.00477977,-0.75496,0.9999
-0.0717479,-0.14968,-0.518208,0.999901
-0.201361,0.166231,0.488192,0.9999
0.511815,-0.291056,0.389139,0.9999
-0.348339,0.67927,-0.0515228,0.9999
0.105031,0.255247,-0.447048,0.999901
-0.239481,-0.460196,0.851167,0.9999
-0.865978,-0.336476,0.0800306,0.9999
-0.0937798,-0.503255,0.711035,0.999899
-0.383672,0.363389,-0.801229,0.9999
-0.17256,0.254542,-0.414576,0.9999
-0.314578,0.769066,-0.531734,0.999901
0.829079,0.471727,0.13,0.9999
0.293512,-0.373554,-0.620587,0.9999
-0.647445,0.272692,-0.703687,0.9999
-0.0676472,0.351393,-0.251966,0.9999
0.553661,-0.145893,0.460665,0.999901
-0.356506,-0.0664281,0.928693,0.999901
-0.308751,0.332849,-0.872947,0.999899
-0.449905,0.474269,0.157209,0.999901
0.644835,-0.233736,-0.676885,0.9999
0.280691,0.660794,0.218224,0.999901
0.036193,-0.227594,-0.548896,0.9999
-0.0736353,-0.133066,-0.540075,0.999901
-0.450775,-0.627564,0.447747,0.9999
-0.585451,-0.409263,-0.000106197,0.9999
0.674387,-0.354683,0.0961039,0.9999
0.335479,0.162658,0.267678,0.9999
-0.218885,0.67119,-0.389839,0.9999
0.72391,-0.0095669,-0.475299,0.999901
0.124652,0.276296,0.616566,0.999899
0.0972575,-0.368579,-0.847782,0.9999
-0.68747,-0.26384,0.562668,0.999899
0.278129,0.258106,-0.184141,0.9999
0.101933,-0.332887,-0.317715,0.9999
0.16424,0.161631,0.810534,0.9999
-0.0647669,-0.316078,0.396836,0.9999
0.275231,-0.133961,0.395689,0.9999
0.183913,0.225762,-0.584862,0.999901
0.62487,0.589897,0.261336,0.9999
-0.672874,-0.452537,-0.490123,0.9999
0.532382,0.766042,-0.221847,0.9999
-0.761817,0.527615,0.365551,0.9999
0.7797,-0.304545,-0.0234284,0.9999
0.679902,-0.163315,-0.12962,0.999901
0.192723,0.0568883,0.202089,0.9999
0.422677,0.0374036,-0.834333,0.9999
-0.147935,-0.139249,-0.192554,0.9999
0.513172,-0.48204,0.444632,0.9999
0.280771,0.410697,0.108778,0.9999
0.177782,-0.420488,-0.511956,0.9999
0.198977,0.0646557,-0.836106,0.9999
-0.333175,0.509675,0.263472,0.9999
0.18301,-0.370224,0.0874263,0.9999
0.319777,0.192625,0.681611,0.9999
-0.766045,0.106218,-0.214504,0.9999
-0.417807,-0.451451,0.251044,0.9999
0.84223,-0.162933,-0.241016,0.9999
0.341146,0.665251,-0.0290695,0.9999
-0.486688,0.654196,0.294178,0.9999
0.815711,-0.192785,-0.228669,0.9999
0.289314,0.559386,-0.772041,0.9999
-0.226788,-0.523643,0.24138,0.999901
0.360433,-0.286647,0.689748,0.9999
-0.455456,0.766932,0.384304,0.9999
0.618557,0.234227,-0.627566,0.9999
0.805269,0.340616,-0.417806,0.9999
0.222675,0.0989793,0.696603,0.999899
-0.0457529,0.789545,-0.505025,0.9999
-0.128515,0.655731,0.049918,0.9999
-0.323284,0.652721,-0.0773452,0.999901
-0.301341,-0.921638,0.190111,0.9999
-0.682756,-0.152226,0.381331,0.9999
-0.760239,-0.136448,0.522942,0.999899
0.0839899,0.0212208,-0.0030896,0.9999
-0.282852,0.303249,0.731793,0.9999
0.0326093,-0.0209048,-0.933485,0.9999
-0.128806,0.93852,0.114233,0.999901
0.103208,0.0325652,0.399384,0.9999
0.0539838,-0.270627,0.766625,0.999901
-0.508341,0.567894,0.415641,0.9999
0.312927,0.0443629,-0.132675,0.999899
-0.247882,0.526987,0.512313,0.999899
-0.0223248,-0.181489,0.0059608,0.9999
0.608393,0.152321,-0.155765,0.999901
0.122732,0.261163,0.714496,0.999901
0.0911694,0.0993137,0.275209,0.999899
-0.876158,0.0988215,0.135517,0.999899
0.499087,-0.470697,0.583447,0.9999
-0.610334,0.444993,0.479785,0.9999
0.214693,0.533583,-0.068683,0.999899
0.500053,0.0445752,0.864768,0.999864
-0.554454,-0.102615,-0.363018,0.9999
-0.401174,0.8008,-0.391034,0.9999
0.663161,-0.0425911,0.399606,0.999901
-0.542826,-0.304224,-0.506457,0.999899
-0.100284,-0.624208,-0.53277,0.9999
0.157163,-0.208913,0.828791,0.9999
0.363563,0.537052,0.299026,0.999899
0.403305,0.541855,0.509003,0.9999
-0.706471,-0.200231,-0.103431,0.9999
-0.761648,0.247168,-0.194085,0.9999
0.0281884,-0.577344,0.607402,0.9999
-0.916723,-0.0766377,0.115283,0.9999
0.199017,-0.34288,-0.498847,0.999901
0.554796,-0.151954,0.589841,0.9999
-0.434683,-0.0047804,-0.854467,0.999901
-0.751738,0.232381,-0.0555776,0.999899
0.853873,0.282091,0.0247601,0.9999
-0.425082,-0.567485,-0.0981461,0.9999
0.252516,-0.690199,0.367833,0.999899
0.474005,-0.134007,-0.528172,0.9999
-0.0702361,0.0580024,-0.662833,0.9999
-0.55487,-0.0616877,-0.45214,0.9999
-0.630733,-0.401482,-0.0644125,0.9999
0.407089,0.0633206,-0.0403784,0.999899
0.134775,0.674762,-0.206933,0.9999
0.185953,0.701665,-0.00154958,0.9999
0.0127423,-0.289542,0.351087,0.999899
0.0616459,0.298456,-0.237177,0.9999
0.166971,0.619572,-0.0459748,0.9999
-0.488386,-0.157943,-0.835764,0.9999
-0.125979,-0.53403,0.123881,0.9999
0.523297,0.185985,0.600921,0.9999
0.575696,-0.711474,0.0450152,0.9999
-0.628663,-0.20431,-0.214218,0.9999
0.244063,-0.204221,0.0389805,0.9999
0.112843,0.206024,0.234046,0.9999
0.428523,0.44955,0.535322,0.9999
0.396476,0.736736,0.35874,0.9999
0.334384,-0.622909,0.445645,0.9999
0.0431759,0.452804,0.433369,0.9999
0.938931,0.0668441,-0.0147145,0.9999
-0.253564,-0.0830138,-0.0494321,0.999899
-0.204197,0.0343171,0.306822,0.9999
0.8713,0.0457747,-0.0396643,0.999901
-0.246439,0.394677,-0.744373,0.9999
-0.419993,-0.688627,-0.516698,0.999901
0.816469,-0.161669,0.359058,0.999899
-0.373327,-0.159367,0.172714,0.9999
-0.632228,0.0419601,-0.707991,0.999899
-0.656712,-0.024688,-0.416561,0.9999
0.518926,0.284175,0.409792,0.9999
-0.394849,0.637931,-0.262929,0.9999
0.265929,0.263061,0.433914,0.9999
-0.50509,-0.49775,0.103604,0.9999
0.121784,-0.225143,-0.125679,0.9999
0.594021,-0.39515,-0.10692,0.9999
0.0421673,-0.542211,0.164603,0.9999
-0.138003,0.026784,-0.536114,0.9999
-0.72052,-0.154425,0.419739,0.9999
0.54127,0.256407,0.627406,0.9999
-0.517195,-0.749358,0.121829,0.9999
-0.543821,0.0149337,-0.635463,0.9999
0.714554,-0.277257,-0.633919,0.9999
-0.253384,0.55346,0.424798,0.999901
0.276989,0.722297,-0.243947,0.9999
-0.288786,-0.939225,0.0557995,0.9999
0.0542694,-0.545293,-0.576318,0.9999
-0.0119837,-0.567249,-0.551466,0.9999
0.1088,-0.578974,0.663066,0.9999
0.559814,-0.457074,0.475942,0.9999
-0.631624,-0.389799,-0.00285653,0.9999
0.849244,-0.043264,-0.131207,0.9999
0.176951,-0.0721032,-0.765592,0.9999
-0.0632032,0.638699,-0.450781,0.9999
0.400654,0.12641,-0.098024,0.9999
0.591231,-0.00309593,0.216367,0.999899
0.0486287,0.798459,0.00556795,0.9999
-0.531757,0.241576,0.444468,0.9999
0.807782,0.254834,-0.131997,0.9999
0.205682,0.195232,0.0346078,0.9999
0.348739,0.350706,0.262375,0.9999
0.0794684,0.459591,0.196522,0.9999
-0.649636,0.0565377,-0.278586,0.9999
0.698258,0.304253,-0.349889,0.9999
0.295307,-0.781773,0.0458147,0.9999
-0.885977,-0.047035,-0.335176,0.9999
-0.387994,-0.544789,-0.660392,0.9999
-0.278449,0.195205,0.937716,0.999901
-0.359687,0.563312,0.156179,0.999899
0.347114,-0.857844,-0.336316,0.9999
-0.420587,-0.388173,0.782887,0.9999
0.813417,0.00174472,-0.167879,0.9999
0.414158,-0.252344,-0.255034,0.9999
0.753036,-0.414066,-0.0215995,0.999901
-0.45022,-0.379615,0.48025,0.9999
0.638075,0.52819,0.262781,0.9999
0.875385,0.290907,-0.219884,0.9999
-0.806036,0.261018,0.48474,0.9999
-0.519322,-0.455682,-0.646286,0.9999
0.140939,-0.762518,0.526271,0.9999
-0.179041,0.231109,0.508095,0.9999
0.17825,-0.0825868,-0.594663,0.999901
-0.0565151,-0.621668,0.296238,0.999901
-0.377307,0.117284,0.580257,0.9999
-0.370211,-0.742856,0.0907693,0.9999
0.117264,-0.676257,0.401463,0.9999
0.611976,-0.385836,-0.599739,0.999901
0.628329,0.401181,-0.301978,0.9999
0.72064,-0.325089,0.291902,0.9999
-0.558812,-0.482088,0.200756,0.9999
0.656486,0.0788471,-0.237258,0.9999
0.437511,-0.64428,0.235909,0.9999
-0.00888627,0.604769,0.508683,0.9999
-0.102535,-0.475148,0.772517,0.999899
0.0589479,0.663974,-0.572201,0.9999
-0.0248247,0.288035,-0.404708,0.9999
-0.471492,0.361243,0.223751,0.999899
0.0882619,0.72226,-0.291828,0.999899
-0.635747,0.262466,0.242029,0.9999
-0.652193,0.640866,-0.109938,0.9999
-0.707207,-0.210761,0.531665,0.9999
0.187967,-0.123753,-0.0650826,0.9999
0.558106,0.468657,0.449522,0.9999
0.788094,-0.223267,-0.219909,0.9999
-0.197233,-0.564132,-0.730325,0.9999
-0.361017,-0.268806,0.778535,0.9999
-0.460962,-0.145291,-0.53091,0.9999
0.519346,-0.65415,-0.483754,0.999901
-0.24067,0.826928,-0.315983,0.9999
-0.0340786,-0.226314,-0.966418,0.999899
0.19551,0.505822,0.422191,0.999899
0.307294,-0.301252,0.425402,0.9999
-0.195669,-0.492348,0.579752,0.9999
-0.824318,-0.0268728,-0.409934,0.9999
-0.0143159,-0.32597,-0.418882,0.9999
0.293495,0.285401,-0.0911201,0.9999
-0.778829,-0.130954,-0.276946,0.9999
-0.661903,-0.271754,0.554054,0.9999
-0.0933354,-0.0686088,-0.804947,0.9999
-0.0545647,-0.442957,0.489597,0.999901
0.106884,0.00800935,-0.861146,0.9999
-0.125922,0.438925,0.196265,0.9999
-0.160506,-0.411613,-0.638709,0.9999
0.300464,-0.226791,-0.896499,0.9999
-0.620428,-0.369572,-0.636887,0.9999
-0.212722,-0.531826,-0.483898,0.9999
-0.29052,-0.541133,-0.0792318,0.9999
-0.445664,0.344161,-0.484624,0.9999
0.143013,0.661653,-0.675207,0.999901
-0.156349,0.733752,-0.0809399,0.9999
0.25292,-0.454281,0.532297,0.9999
-0.438974,-0.0659992,0.508857,0.9999
0.585331,-0.0346734,-0.13224,0.999899
-0.48402,-0.406181,-0.692855,0.9999
0.271646,0.832438,0.403729,0.999901
-0.537946,-0.521872,-0.532969,0.999899
0.617308,0.497318,0.30717,0.9999
-0.760905,0.228473,-0.582468,0.9999
0.365721,0.771431,-0.158572,0.9999
-0.385926,0.850139,-0.266115,0.9999
0.317496,-0.0677031,0.133225,0.999899
-0.0691522,0.593883,-0.078492,0.9999
-0.492369,-0.026574,-0.809675,0.9999
-0.2642,0.162673,-0.662132,0.999899
-0.20919,-0.608624,0.482883,0.9999
0.410209,-0.324159,0.464147,0.9999
-0.355612,-0.032904,0.699686,0.9999
-0.0546182,0.591046,-0.714805,0.9999
0.907609,0.0177164,0.209093,0.9999
-0.32023,0.44445,0.700872,0.9999
0.649549,-0.254527,0.241771,0.999899
-0.0819572,-0.340903,0.39473,0.9999
0.147654,-0.466278,-0.821622,0.9999
-0.176299,-0.709076,-0.111332,0.9999
0.0855611,0.711162,0.341373,0.999899
0.244667,0.851663,0.354204,0.999901
0.397634,-0.352772,0.0792685,0.9999
0.892702,-0.353068,0.225371,0.9999
-0.570754,0.582881,-0.430334,0.9999
0.0660461,-0.601814,0.761496,0.999899
0.393477,-0.294951,0.581604,0.9999
0.0517493,-0.369634,0.223267,0.9999
0.0651413,-0.152295,-0.52051,0.9999
-0.62496,0.306893,0.554646,0.9999
0.759043,0.62551,-0.150438,0.9999
-0.165174,0.603979,-0.679702,0.9999
-0.0102302,0.0125358,0.234768,0.999901
0.173421,0.603657,-0.454364,0.999901
0.224124,-0.003394,-0.71442,0.999901
-0.25861,0.00854665,-0.00208998,0.9999
-0.500419,0.712418,0.149962,0.9999
-0.426443,-0.546132,-0.206076,0.999901
0.00566178,0.480166,0.665628,0.9999
-0.509651,-0.120564,0.181712,0.9999
0.164886,-0.360428,0.370522,0.9999
0.161429,-0.301755,0.914526,0.9999
-0.0488025,0.296992,-0.0334949,0.9999
0.492259,-0.195925,-0.579148,0.9999
-0.667734,0.0660174,-0.229176,0.9999
0.676776,0.560237,-0.431903,0.999899
0.472747,0.564724,0.0492334,0.999899
0.160008,0.829643,-0.363623,0.9999
0.354883,0.357146,-0.499966,0.9999
0.427844,-0.724568,-0.462638,0.9999
0.0791782,0.517558,-0.372678,0.9999
0.196899,-0.313393,0.114806,0.9999
0.512181,-0.416688,0.679481,0.999899
0.474989,-0.0777703,-0.778707,0.9999
0.420363,-0.402496,0.479873,0.9999
0.535336,0.392846,0.178242,0.9999
-0.369999,0.0340002,-0.440293,0.999899
0.47592,0.397735,0.713823,0.999901
-0.568703,0.352309,-0.70464,0.9999
-0.0177244,-0.351603,-0.2596,0.9999
0.453658,0.523814,0.518905,0.9999
0.622403,0.251493,-0.676133,0.9999
-0.343207,-0.371715,-0.343558,0.9999
0.0116103,-0.269779,-0.796472,0.9999
0.116421,-0.267311,-0.0498195,0.9999
-0.526396,0.317085,0.162059,0.999899
-0.282245,-0.0737948,-0.832345,0.9999
0.606112,0.371303,0.370272,0.9999
0.330465,-0.390953,-0.415357,0.9999
0.242229,-0.697263,0.57155,0.9999
0.374183,-0.467438,0.657334,0.9999
0.240687,0.43059,-0.0559808,0.9999
-0.696607,0.131518,0.373292,0.999899
0.314983,0.0919047,-0.474216,0.9999
0.479573,0.593745,-0.398028,0.999901
0.527418,0.631645,-0.502623,0.999901
0.276814,0.572815,-0.187203,0.9999
0.651576,0.661864,0.103007,0.9999
-0.136816,-0.0858366,0.858904,0.9999
0.296275,0.676733,0.17252,0.9999
-0.76119,-0.268284,-0.0678628,0.9999
0.109121,-0.378716,-0.262461,0.9999
0.456155,0.178606,-0.259264,0.999901
0.48891,0.234018,0.121134,0.9999
0.473858,-0.675164,-0.245678,0.9999
-0.0426714,0.499222,-0.835211,0.9999
-0.236096,0.0922371,-0.744179,0.999901
-0.728601,0.667119,0.136051,0.9999
0.601676,-0.388276,0.544163,0.9999
-0.680409,0.157082,-0.50544,0.9999
0.303387,0.460593,-0.412011,0.999901
0.720258,-0.108323,0.477404,0.9999
0.475899,0.570453,-0.652702,0.999901
0.663236,0.0224018,0.625244,0.9999
0.00702902,-0.0282394,-0.870356,0.999899
-0.283534,-0.0743525,0.341888,0.9999
0.0138148,0.0475071,0.203621,0.9999
0.275254,0.0896564,-0.0170867,0.999899
-0.471606,0.382539,0.154332,0.9999
-0.363301,0.0560553,-0.369748,0.9999
-0.680014,-0.490529,0.382245,0.999901
-0.0339408,-0.351155,0.219106,0.9999
0.0166121,0.140597,0.349657,0.9999
0.664824,-0.180249,-0.33219,0.9999
0.137553,0.696454,0.11902,0.9999
-0.496103,-0.134498,-0.688646,0.9999
0.157047,-0.0330255,0.744286,0.9999
0.78616,-0.217203,-0.044055,0.9999
0.00941525,-0.0734338,0.141663,0.9999
-0.494388,0.508635,0.200463,0.999899
0.302644,0.913333,-0.0230322,0.999899
0.13975,-0.00273274,0.0496612,0.9999
0.287695,-0.257608,0.462883,0.9999
-0.738258,0.171121,0.549591,0.9999
0.413502,0.724696,0.304104,0.9999
0.440849,0.870328,0.210322,0.999899
0.388403,0.168568,-0.881444,0.9999
-0.212364,0.883205,-0.0738125,0.9999
-0.239693,0.212643,0.855465,0.9999
-0.526852,0.103526,-0.34356,0.999901
0.527705,-0.183218,0.386573,0.9999
0.796868,0.015761,0.0880002,0.9999
0.22692,0.321915,0.769075,0.999901
0.059027,-0.0559379,-0.775814,0.9999
-0.0587773,0.0838845,0.736437,0.999899
0.0100051,0.336502,-0.824328,0.9999
0.566132,0.740254,0.0887714,0.9999
-0.190851,-0.447701,-0.518909,0.999899
-0.187153,0.078573,-0.500596,0.9999
0.595337,0.133783,0.506652,0.9999
0.0856084,-0.573227,-0.389965,0.999901
-0.128508,0.419026,0.294066,0.9999
0.0484423,-0.348876,0.0287679,0.9999
0.855132,-0.022803,-0.336012,0.9999
0.31137,-0.0358042,0.939738,0.9999
0.453126,-0.415934,-0.357076,0.9999
0.312968,0.303945,-0.150928,0.999899
-0.0949051,-0.434371,0.602289,0.9999
0.557673,0.524263,0.0555258,0.999901
-0.49597,0.0887569,0.00489706,0.9999
0.080724,0.586697,0.61455,0.999901
-0.111658,-0.254874,0.0792753,0.9999
0.72063,-0.257264,-0.418166,0.9999
0.578262,-0.324872,-0.11226,0.999901
-0.290684,0.41209,0.284462,0.9999
-0.117725,-0.704996,-0.239545,0.9999
0.493854,-0.00226196,-0.447874,0.9999
0.292998,0.0785034,-0.427571,0.9999
0.725924,0.301467,0.0967118,0.9999
0.261759,-0.120795,-0.152642,0.9999
-0.205417,0.754009,-0.485327,0.9999
0.519399,-0.75992,-0.3773,0.999901
-0.0907789,0.0393745,-0.136075,0.9999
-0.393983,-0.107353,-0.897326,0.9999
0.2789,-0.369565,0.416975,0.999901
-0.0376105,0.229159,0.936558,0.9999
0.493288,0.181839,0.560365,0.9999
0.161385,-0.14367,0.0911462,0.9999
-0.667526,-0.174733,-0.310954,0.9999
-0.18981,0.0355036,-0.967206,0.9999
0.100623,0.178572,0.961951,0.9999
-0.014766,0.695696,-0.337899,0.9999
0.236572,-0.0146184,-0.356262,0.999899
-0.620175,-0.473168,0.528489,0.999899
0.50117,0.0214083,-0.261221,0.9999
0.373748,-0.376226,0.612414,0.9999
0.221618,-0.653244,0.529554,0.999899
-0.253306,-0.0994027,0.103947,0.9999
-0.363693,-0.616436,-0.341599,0.9999
0.543619,0.438174,-0.215833,0.9999
-0.340847,0.321354,-0.228411,0.9999
0.128061,0.717824,0.384197,0.999901
0.648043,-0.134349,0.46598,0.9999
0.607082,-0.301016,0.541798,0.9999
-0.538093,0.130857,0.623298,0.9999
0.351138,0.393341,0.431181,0.9999
0.330062,0.148581,0.0458625,0.9999
0.609243,-0.389282,0.627752,0.999901
0.15545,0.47691,-0.181203,0.9999
0.371574,0.352084,0.273892,0.9999
0.438671,-0.462424,-0.183478,0.9999
0.15797,0.626043,0.31121,0.9999
-0.330633,-0.905133,0.266397,0.9999
-0.0111937,0.299935,-0.641967,0.9999
0.672217,0.705736,0.178994,0.9999
-0.577815,0.172027,-0.232263,0.9999
-0.744003,-0.0322915,-0.371248,0.9999
-0.399869,-0.162882,0.491862,0.9999
0.124191,0.376168,0.612484,0.9999
0.619383,0.721517,0.230298,0.9999
-0.48608,0.623796,0.238678,0.9999
-0.360931,-0.336395,0.295195,0.9999
0.419099,0.459976,-0.616714,0.9999
-0.236737,0.129554,0.401133,0.9999
0.317597,-0.259072,-0.838504,0.9999
-0.560087,-0.560722,0.0776612,0.999901
-0.553584,-0.00182457,0.228704,0.9999
-0.19121,-0.454662,-0.706135,0.9999
0.445751,-0.842025,-0.0651956,0.9999
-0.336254,-0.69831,0.0746185,0.9999
0.190104,0.272654,0.172748,0.9999
-0.386937,-0.779292,0.270688,0.9999
0.0467389,-0.370142,-0.110702,0.999901
0.482905,-0.269267,0.44035,0.9999
0.152495,-0.061547,-0.548204,0.999899
0.666896,-0.684793,-0.243966,0.9999
-0.465072,0.437991,-0.539425,0.9999
0.158882,-0.805126,-0.0477541,0.999899
0.160675,-0.801102,0.561829,0.9999
0.333891,-0.109745,0.336521,0.9999
0.794264,-0.177509,-0.0532905,0.9999
0.140351,0.237046,0.637033,0.999901
-0.45882,0.441805,-0.208574,0.9999
0.203109,0.922813,0.223184,0.9999
0.56803,-0.049157,0.783812,0.9999
0.531311,-0.304531,-0.606019,0.9999
0.332747,0.503957,0.413636,0.9999
0.307964,0.418867,0.139305,0.9999
0.281615,0.542632,-0.790429,0.9999
-0.282317,0.189592,-0.778582,0.9999
-0.138276,0.516322,0.360282,0.999899
-0.561502,0.377992,-0.677002,0.999899
-0.173266,-0.182059,-0.510908,0.999901
-0.467962,-0.0946279,0.664528,0.9999
-0.16733,0.0632443,0.874688,0.9999
0.717635,0.252782,-0.482922,0.9999
-0.374029,0.639658,-0.668474,0.9999
-0.325613,0.470286,0.588273,0.9999
-0.685658,-0.270987,0.645717,0.9999
0.338633,0.0655808,0.725659,0.9999
0.27154,0.706558,-0.564356,0.9999
-0.615839,0.43085,0.507051,0.9999
0.354184,-0.246216,0.707982,0.9999
-0.443269,0.117015,0.651437,0.999899
0.184898,-0.474666,0.158143,0.9999
-0.543613,-0.746957,0.350427,0.9999
0.428839,-0.561815,0.56711,0.9999
-0.110673,-0.136198,0.446247,0.9999
-0.347853,0.266881,-0.875675,0.9999
-0.758738,-0.192515,0.589092,0.9999
0.474079,0.757777,0.191644,0.9999
0.668017,0.38886,-0.342426,0.9999
-0.610259,-0.0325094,0.261106,0.9999
0.092802,0.663642,-0.164285,0.999901
-0.136085,-0.602785,0.550921,0.9999
-0.0653757,0.226364,-0.748533,0.9999
-0.610426,-0.23955,0.116637,0.999899
-0.918196,0.310861,0.163626,0.9999
-0.373717,-0.471019,-0.0584418,0.9999
0.358725,0.232485,-0.395976,0.999899
0.697514,-0.0565052,0.419983,0.9999
0.690666,-0.279908,0.638836,0.9999
-0.687181,0.323614,0.166788,0.9999
0.219175,0.398004,-0.274136,0.999901
-0.303627,0.40161,0.672625,0.9999
-0.251927,0.584792,0.579125,0.9999
0.0379282,-0.339094,0.878703,0.9999
0.509314,0.636869,0.447839,0.9999
0.298238,-0.516894,-0.286895,0.999899
0.336377,-0.128844,-0.322561,0.999899
0.662803,0.0969565,0.506372,0.9999
0.305734,-0.0398215,-0.38818,0.9999
0.0771321,0.249173,-0.653479,0.9999
-0.134554,0.57417,-0.166976,0.9999
0.649693,0.402682,-0.578614,0.9999
-0.102952,-0.332784,0.393506,0.9999
-0.241802,0.330889,0.0571867,0.9999
-0.534953,-0.647065,-0.42031,0.9999
-0.282104,-0.209054,0.285039,0.999899
0.123251,0.211074,-0.781724,0.9999
-0.230855,0.574087,0.759836,0.9999
0.69731,0.210446,0.41529,0.9999
0.157809,0.316586,-0.756235,0.9999
0.485644,0.155033,-0.22457,0.9999
-0.0212655,0.45547,-0.821585,0.999899
-0.399974,-0.644991,-0.352684,0.9999
0.15226,0.410362,-0.802816,0.999901
-0.783542,-0.511274,0.331897,0.999901
0.0516553,-0.378771,0.170105,0.9999
0.0246373,-0.433119,-0.412516,0.9999
-0.300449,-0.000116284,-0.275911,0.9999
0.427173,0.448961,0.227925,0.999899
0.197417,0.112638,-0.528786,0.9999
0.422583,-0.629154,0.499352,0.9999
0.0267044,0.0682646,0.914739,0.9999
0.126207,0.338681,0.366582,0.9999
0.423678,-0.276179,0.0827069,0.999901
0.489846,0.564321,0.237316,0.9999
-0.0356101,0.718448,-0.414183,0.9999
0.430754,0.280093,-0.343658,0.9999
-0.31307,-0.699754,-0.193301,0.9999
-0.549401,0.0522454,-0.207952,0.999901
-0.0049499,0.668562,0.356193,0.9999
-0.278705,-0.212032,-0.302531,0.9999
0.0845028,0.142233,-0.190817,0.9999
0.471524,0.270932,0.533317,0.9999
-0.324407,0.629106,-0.262996,0.9999
0.531578,0.0680325,-0.453926,0.9999
0.171505,-0.50998,-0.403447,0.9999
-0.609875,0.114402,0.352356,0.999901
-0.141822,-0.0584132,-0.213857,0.9999
-0.165081,-0.0489375,0.452336,0.9999
-0.100548,-0.382391,-0.375441,0.9999
-0.00739739,0.170137,-0.856594,0.9999
0.569573,-0.233326,-0.347179,0.9999
0.603363,-0.581044,0.282352,0.9999
-0.314065,-0.814308,0.0859271,0.9999
-0.0797693,-0.429146,-0.815251,0.9999
0.309549,-0.741828,0.329618,0.9999
0.0272585,0.42088,0.550979,0.9999
0.265896,-0.452932,-0.15378,0.9999
0.546092,0.470089,0.454066,0.9999
-0.159783,-0.160456,-0.490241,0.9999
0.373272,0.541046,-0.456943,0.9999
0.832965,0.290104,0.0192204,0.999899
0.275446,0.217498,0.713115,0.9999
0.161619,0.508009,-0.755905,0.999901
0.614877,0.185284,-0.471155,0.9999
-0.522795,-0.765425,0.253686,0.9999
0.87289,-0.0150372,-0.179395,0.9999
-0.609627,-0.164748,0.685254,0.9999
-0.012311,0.332105,0.31902,0.9999
0.0390562,0.310722,0.749378,0.9999
0.330302,-0.0822264,-0.00257202,0.9999
0.317892,0.521319,-0.0454079,0.9999
-0.263666,0.0823527,0.180201,0.999901
-0.129503,0.709702,0.337229,0.999901
0.348536,0.215845,-0.115203,0.9999
-0.787985,0.564585,0.0223833,0.9999
0.586666,-0.799716,0.032245,0.9999
0.229517,-0.501762,-0.212518,0.999899
-0.416076,-0.177523,0.460624,0.9999
0.168849,-0.0418843,0.632047,0.9999
-0.769552,0.351226,-0.368817,0.9999
0.149225,0.468458,0.140772,0.999901
-0.500617,-0.24761,0.0180484,0.9999
-0.632075,0.163674,-0.142428,0.9999
-0.236009,0.0320782,-0.348935,0.9999
-0.414075,-0.538871,0.660165,0.9999
-0.297148,-0.0854957,0.762099,0.9999
-0.463749,0.803412,0.242678,0.9999
-0.592163,0.170305,-0.193982,0.9999
-0.0573928,0.597627,0.485743,0.9999
0.744341,-0.426949,0.071632,0.9999
0.0515931,-0.251329,-0.659556,0.9999
-0.440341,0.306173,0.164152,0.9999
0.596831,-0.31953,0.471857,0.9999
-0.0594664,0.476396,0.176115,0.9999
-0.55136,-0.6287,0.466205,0.9999
-0.0152227,-0.952322,-0.176464,0.9999
-0.0259346,0.719177,0.439255,0.9999
-0.257487,-0.121979,0.314777,0.9999
0.0654405,-0.132664,0.579821,0.9999
-0.396811,-0.833363,0.0692031,0.9999
-0.266643,-0.520628,0.108735,0.999901
-0.17419,0.0320008,0.516584,0.9999
0.161097,-0.308039,0.419718,0.9999
0.272256,-0.593541,0.62551,0.9999
-0.208518,0.935457,0.0752699,0.999899
0.187242,-0.304074,-0.462682,0.9999
-0.246977,-0.515538,0.724535,0.999901
-0.257189,0.0271025,0.513544,0.9999
-0.566687,0.291115,-0.185007,0.999901
-0.337068,0.305041,-0.711752,0.9999
0.757538,0.171917,-0.113779,0.9999
0.198929,0.16466,0.220368,0.9999
-0.298199,-0.819264,0.341026,0.9999
0.138907,0.161568,-0.263631,0.9999
0.235717,-0.105485,-0.441595,0.9999
0.537419,0.195877,0.178847,0.999901
-0.72626,-0.198234,0.588605,0.9999
-0.0729622,-0.247227,-0.157914,0.9999
0.646949,-0.289691,-0.322245,0.9999
-0.454982,-0.269301,-0.422388,0.9999
0.505353,-0.114837,-0.325325,0.9999
0.546362,-0.313708,-0.580701,0.9999
0.444264,0.211899,-0.167909,0.9999
0.455563,0.127921,0.798284,0.9999
-0.47054,0.0347156,0.0876644,0.9999
0.527407,0.551673,-0.189095,0.9999
-0.650381,0.283682,0.0627056,0.9999
0.511986,0.299502,0.186143,0.9999
-0.0243928,0.729092,-0.651588,0.999901
-0.457922,-0.288844,-0.415741,0.9999
0.770025,0.275603,-0.099866,0.9999
-0.708453,0.0167062,0.137924,0.9999
-0.128815,-0.704667,0.181214,0.9999
0.839906,-0.279356,0.463627,0.9999
-0.0475051,-0.503367,-0.174859,0.9999
-0.625007,0.0653748,0.19604,0.999899
0.617848,0.354767,-0.694249,0.9999
-0.078908,-0.069111,0.772511,0.9999
0.0794262,0.40457,-0.623245,0.9999
-0.0787927,-0.209676,0.421515,0.9999
0.275656,0.112672,-0.30783,0.9999
-0.135123,0.219097,-0.46856,0.9999
0.327736,-0.179613,0.92468,0.999899
-0.083891,-0.394252,0.13139,0.9999
0.911885,0.0216915,0.0115494,0.9999
-0.312689,-0.924628,-0.0296821,0.9999
-0.14092,0.071392,0.236721,0.9999
-0.46234,-0.546001,0.0721107,0.9999
-0.15917,-0.818993,-0.493723,0.9999
0.817268,0.360597,-0.284094,0.9999
0.0561925,-0.288331,0.528734,0.999899
-0.441666,-0.336651,0.171632,0.999901
0.258519,0.281051,-0.657825,0.9999
0.194031,-0.471778,0.166191,0.9999
-0.350871,-0.501565,0.216989,0.999899
-0.0399638,0.816909,0.213673,0.9999
0.239683,-0.545831,0.417341,0.999899
0.737686,0.134547,0.476897,0.9999
-0.183458,-0.810461,-0.207036,0.9999
-0.317582,-0.5403,-0.690648,0.9999
0.245673,0.523544,-0.757481,0.9999
-0.0616217,-0.448669,0.0741329,0.9999
-0.657295,0.354474,-0.123977,0.9999
0.635905,-0.455829,0.475493,0.999901
0.75701,-0.324631,0.233739,0.9999
-0.286362,0.683674,0.51982,0.9999
-0.675135,0.713821,-0.144805,0.9999
-0.461499,0.0162906,-0.865839,0.9999
-0.589471,-0.317577,-0.163187,0.9999
0.185673,0.292636,-0.320616,0.9999
-0.286926,-0.397324,-0.333598,0.9999
-0.327083,0.225097,-0.621914,0.9999
-0.377825,0.456269,0.311359,0.9999
0.180354,0.327211,-0.747634,0.999899
0.326564,-0.021604,0.271222,0.9999
0.859045,-0.17114,-0.339526,0.9999
-0.106486,-0.198675,-0.0794522,0.9999
0.0732327,-0.608866,-0.378455,0.9999
-0.110677,0.284926,-0.740187,0.9999
-0.170103,0.0702648,0.897761,0.9999
-0.417779,0.333021,-0.450712,0.9999
0.310796,0.486042,0.0906062,0.9999
0.574989,0.15169,0.435948,0.9999
0.340752,0.333492,-0.299351,0.9999
-0.482804,0.398171,0.380787,0.999899
0.440156,0.169431,0.486056,0.999901
0.219709,0.0219914,0.487684,0.999899
0.0421651,-0.335029,0.228773,0.9999
0.42389,-0.277522,0.313824,0.999899
-0.228703,0.279133,-0.495327,0.9999
0.0586313,-0.6832,0.167001,0.9999
-0.00298446,0.455626,0.754399,0.9999
-0.1286,-0.48328,0.101729,0.9999
0.0390737,-0.435238,0.422869,0.999901
0.336258,0.722621,0.00573152,0.9999
-0.0414581,-0.160081,0.153973,0.9999
-0.052098,-0.716051,0.518911,0.9999
0.180468,0.226057,0.770146,0.9999
-0.725015,-0.526842,0.395068,0.9999
-0.196857,-0.205391,-0.0475597,0.9999
0.68075,-0.160839,-0.0122301,0.9999
0.657668,0.342876,0.356788,0.9999
0.228935,0.350548,0.89269,0.9999
-0.333901,-0.487815,0.144094,0.9999
-0.831889,0.00595039,0.209879,0.9999
0.454352,-0.738462,-0.297758,0.9999
0.202192,0.507702,-0.583318,0.9999
-0.0539649,-0.320414,0.146859,0.9999
0.226353,0.360051,0.368853,0.9999
-0.711877,-0.29651,0.280531,0.999901
-0.334528,-0.430301,0.819125,0.999901
0.159682,0.0751947,0.187847,0.999901
0.395354,0.551389,0.0631666,0.9999
-0.589776,-0.699763,0.000902912,0.9999
-0.475758,0.022318,-0.530157,0.9999
-0.291614,0.384474,0.548806,0.999901
0.879101,-0.279372,-0.149855,0.9999
-0.796977,0.277908,0.122816,0.999901
0.265785,0.416325,0.60496,0.9999
-0.34378,-0.678482,0.405248,0.9999
0.201296,0.492892,-0.52361,0.9999
0.773116,0.136109,-0.163767,0.9999
-0.552218,-0.635933,0.461389,0.999901
0.348112,0.258867,0.537651,0.9999
-0.608647,-0.0148912,-0.443903,0.9999
0.0305114,0.121559,0.928362,0.999901
0.0956001,-0.202408,0.083683,0.999899
-0.198227,0.475608,0.638792,0.9999
-0.20972,-0.20054,-0.526078,0.999901
0.471238,0.0760061,-0.807861,0.999899
-0.295374,0.55933,0.535529,0.9999
-0.103722,0.475133,0.168102,0.9999
-0.235123,-0.396396,-0.790424,0.9999
-0.709274,-0.412771,0.456836,0.9999
0.0370108,-0.396431,-0.524818,0.9999
-0.438195,0.350838,0.236384,0.9999
-0.305356,0.564725,-0.0299475,0.9999
0.363188,-0.713416,-0.335267,0.999901
-0.250262,0.399153,0.780602,0.9999
0.135399,0.0719154,0.0223842,0.9999
-0.0163953,0.146197,0.269217,0.9999
-0.0899717,-0.0240183,0.432956,0.999899
-0.0399264,0.393496,-0.752406,0.9999
0.583953,0.133887,0.512532,0.9999
0.130613,-0.905676,0.388153,0.9999
0.26765,0.283594,-0.842436,0.999899
-0.577908,-0.397468,-0.673542,0.9999
0.833318,0.11841,0.506291,0.9999
0.0829304,-0.535828,-0.574418,0.9999
-0.415412,-0.633012,-0.369194,0.999901
0.00349707,0.145429,-0.413465,0.9999
-0.218913,-0.309526,0.636553,0.999899
0.0777091,0.188889,0.912277,0.9999
0.614132,-0.382018,-0.260603,0.999901
-0.0412941,-0.111722,0.0480401,0.9999
-0.234386,-0.637686,0.502756,0.999899
0.180401,0.421745,-0.0245399,0.9999
-0.308069,0.147665,0.110193,0.9999
0.917982,-0.0865266,-0.0119662,0.9999
0.730479,-0.215799,-0.627254,0.9999
0.068381,0.686583,0.318734,0.999899
-0.270727,-0.134565,-0.862363,0.9999
0.279522,0.688103,-0.455403,0.9999
0.571016,0.28897,0.562226,0.9999
0.4188,0.536321,-0.108382,0.9999
0.483315,0.752138,0.211986,0.9999
0.45509,-0.441068,-0.105266,0.9999
-0.289149,0.622944,-0.686149,0.9999
0.815646,0.331983,-0.391304,0.999901
-0.613922,-0.579586,0.282557,0.9999
0.0695379,0.200512,-0.258624,0.9999
0.0538258,0.112115,0.947525,0.9999
-0.0984338,-0.179626,-0.88671,0.9999
-0.375961,-0.146833,0.305331,0.999899
0.0273507,0.525457,0.845378,0.9999
0.438831,0.415672,0.623958,0.9999
0.114905,-0.376272,-0.782208,0.999899
0.35219,0.431599,0.465017,0.999899
-0.121224,-0.815034,0.452932,0.9999
-0.171676,-0.758988,-0.111431,0.9999
0.677802,0.394505,0.504543,0.9999
0.537658,-0.275961,-0.136284,0.9999
0.195018,-0.561414,-0.0730213,0.9999
-0.529525,-0.716156,0.133936,0.9999
-0.0291517,-0.657549,-0.698506,0.9999
-0.227608,0.183827,0.586276,0.9999
-0.132276,-0.406176,0.104654,0.999901
0.567123,-0.115488,-0.537461,0.9999
0.00124344,-0.0481251,0.4245,0.999901
0.24252,-0.0317644,-0.562256,0.9999
-0.191225,-0.723931,-0.211195,0.9999
0.683773,-0.566978,-0.317477,0.9999
0.293528,-0.653953,-0.613987,0.9999
0.228521,0.333207,-0.348095,0.9999
0.0521648,-0.035579,-0.970176,0.999901
-0.103429,0.709617,0.290962,0.9999
-0.545635,0.77774,-0.162666,0.9999
-0.872141,-0.0313195,0.382695,0.9999
-0.465102,0.846057,0.19762,0.9999
0.398905,-0.336868,0.787596,0.9999
0.2846,0.0910065,-0.55984,0.9999
-0.315901,-0.54023,0.114338,0.9999
0.161388,-0.347573,0.104293,0.999901
0.84522,-0.339707,-0.128216,0.9999
-0.764629,0.270062,-0.0639119,0.9999
0.761426,-0.533124,-0.106878,0.9999
0.633863,-0.413659,0.6261,0.9999
0.204182,0.677559,-0.335878,0.9999
-0.0185315,-0.75117,-0.399895,0.9999
0.303251,0.316593,0.154446,0.999899
-0.62358,0.572978,0.203848,0.999901
0.35669,0.513414,-0.10377,0.9999
-0.786307,0.346566,-0.112326,0.9999
0.560022,0.0267746,0.272112,0.9999
-0.342578,0.0190565,-0.832988,0.9999
-0.667828,0.204677,-0.232188,0.9999
0.847404,0.25058,0.396264,0.999899
0.840555,0.0741277,-0.347537,0.9999
0.451392,-0.651897,-0.218313,0.9999
-0.136971,0.509663,0.69341,0.9999
0.612268,0.0852835,0.654412,0.9999
0.589632,0.262298,-0.18781,0.999901
0.47233,0.264049,0.414552,0.9999
0.677906,0.351083,-0.360338,0.9999
0.0145637,-0.10596,0.852816,0.9999
0.348332,0.605429,0.274669,0.9999
-0.569415,-0.0757035,-0.456676,0.9999
-0.599747,0.54693,-0.210885,0.9999
0.0499509,-0.456477,0.660639,0.999901
-0.578759,-0.601322,-0.10499,0.9999
0.901322,0.0392853,0.237195,0.9999
-0.727448,0.21407,-0.273857,0.9999
0.559645,-0.358303,0.698432,0.999901
0.306246,-0.186279,-0.00458267,0.9999
-0.0535523,0.143232,-0.280058,0.999901
0.177008,-0.0509726,0.740679,0.9999
-0.280355,0.251038,0.358772,0.9999
-0.29622,-0.208032,0.621239,0.9999
-0.0453758,-0.535474,0.508838,0.999901
0.500327,0.1025,-0.415739,0.9999
0.432574,-0.706228,-0.2361,0.9999
0.540943,0.525944,0.126961,0.9999
0.508312,-0.673911,0.51357,0.9999
-0.738907,-0.0399405,-0.532424,0.9999
-0.32524,-0.0950283,-0.0843292,0.9999
-0.549117,-0.500104,0.473833,0.999899
0.601875,-0.396897,-0.314789,0.9999
0.644109,-0.156795,0.202934,0.9999
0.277316,0.462809,-0.473736,0.9999
0.650555,0.0647685,0.280219,0.999901
0.43986,0.0717372,-0.465366,0.9999
0.145164,-0.461922,-0.3365,0.9999
-0.053176,0.102104,0.664556,0.9999
-0.866298,0.21236,0.243528,0.999901
-0.318851,0.17688,0.136244,0.9999
-0.61965,0.434226,-0.0984119,0.9999
-0.304728,-0.610082,-0.0617965,0.9999
-0.394153,0.771287,0.328535,0.9999
-0.396676,-0.198193,-0.0487155,0.9999
-0.577487,-0.478741,0.548313,0.9999
-0.441479,0.428431,0.519912,0.9999
-0.183464,-0.0952613,-0.460936,0.9999
-0.0416882,-0.361234,0.0958999,0.9999
-0.677564,-0.307891,-0.211935,0.999899
-0.68765,0.0676337,0.257195,0.9999
0.457704,-0.242708,0.372528,0.9999
-0.0919161,0.727985,0.631636,0.9999
-0.173797,-0.0199943,0.720545,0.999901
-0.549278,0.283294,0.20827,0.9999
-0.0815327,-0.269231,-0.594285,0.9999
0.434667,0.505032,0.647799,0.9999
-0.216935,0.238875,0.377138,0.9999
-0.163039,-0.929058,0.00806532,0.9999
0.72546,-0.0447551,0.195292,0.9999
-0.327965,-0.921488,0.139571,0.9999
0.805537,0.409764,-0.297817,0.9999
-0.21041,-0.10992,0.161875,0.999901
-0.273749,0.819545,-0.373343,0.9999
0.0836855,0.51684,-0.0557841,0.9999
-0.4176,0.0349124,-0.205752,0.9999
0.593011,0.536812,-0.45177,0.9999
-0.79769,-0.0277365,-0.079447,0.9999
-0.941717,-0.0629861,-0.0129623,0.9999
-0.193453,0.29196,-0.426622,0.9999
0.740132,0.0153945,0.659711,0.9999
0.162201,-0.337428,-0.0340733,0.999899
-0.310618,-0.0899278,-0.695267,0.9999
0.41975,0.726428,0.113873,0.999899
0.136875,-0.0453508,-0.833787,0.9999
0.0327973,0.465128,-0.240525,0.9999
-0.619713,-0.162028,0.515568,0.9999
-0.706073,-0.255488,-0.25889,0.9999
0.641573,0.0353759,0.573607,0.999901
-0.761505,-0.346859,-0.225057,0.9999
-0.0316569,-0.745376,-0.372113,0.9999
0.168723,0.241043,0.636013,0.999901
-0.285261,0.347039,0.28723,0.999899
0.230349,-0.215551,-0.228177,0.9999
-0.296134,0.501434,-0.710384,0.9999
-0.716602,-0.112939,-0.0931412,0.9999
0.0277323,0.781875,-0.58991,0.9999
-0.4788,0.487257,0.239141,0.9999
0.590413,-0.656499,0.0137849,0.9999
0.072863,-0.368217,0.0572136,0.999899
-0.610199,0.265221,-0.392624,0.9999
-0.874298,-0.30619,-0.0743511,0.9999
-0.466322,0.33649,-0.52531,0.9999
0.345782,0.847889,-0.369201,0.9999
-0.0592556,-0.108021,0.293547,0.9999
0.0873375,-0.351992,-0.777783,0.9999
-0.591675,0.476368,0.217759,0.9999
0.0453604,-0.411683,0.457034,0.9999
-0.42273,-0.0923054,-0.0218614,0.9999
0.384942,-0.302893,0.0571939,0.999901
0.740055,-0.343738,0.163058,0.999899
0.3451,-0.00994339,-0.656616,0.9999
0.925571,0.117166,0.00447621,0.999899
0.359073,-0.161947,0.202365,0.9999
0.157659,-0.855381,-0.422817,0.9999
0.292523,0.24494,-0.605628,0.9999
0.573123,-0.751121,0.0478227,0.999899
-0.363901,-0.245381,0.83476,0.9999
0.267342,-0.751454,0.597594,0.999899
-0.14992,0.199906,-0.697106,0.9999
-0.176288,0.509566,0.654012,0.999899
-0.52521,-0.55587,-0.500443,0.9999
-0.700288,0.124273,-0.053637,0.999901
-0.176729,-0.496797,0.0601719,0.9999
0.768678,0.409467,-0.272273,0.999901
-0.85807,-0.478853,0.128763,0.999899
-0.365288,0.861293,0.317155,0.9999
0.18431,0.540735,0.0726985,0.9999
-0.343496,0.017241,0.919848,0.999899
0.0933481,0.339841,-0.68976,0.999899
-0.0146325,0.199863,-0.507247,0.9999
-0.4682,0.170635,-0.746511,0.999899
0.338634,0.167821,0.823916,0.9999
0.335587,-0.728317,0.240717,0.9999
0.101822,-0.0039479,-0.619807,0.9999
0.229353,-0.269478,0.176799,0.9999
0.376552,-0.653094,0.0233863,0.9999
-0.214578,-0.514161,0.653605,0.9999
-0.195894,-0.691212,-0.361148,0.9999
-0.0509116,-0.0134114,0.790064,0.9999
0.277617,-0.698082,-0.287211,0.999901
-0.87888,0.121837,0.137592,0.999901
0.203067,0.165265,0.328083,0.9999
-0.32476,0.766314,-0.042581,0.9999
-0.142904,0.543896,-0.0088399,0.999899
0.198079,-0.258061,-0.213798,0.9999
0.342962,0.65279,0.319243,0.9999
-0.370941,-0.33864,-0.0977052,0.9999
0.538473,-0.257462,0.607739,0.999901
-0.18079,-0.795093,0.200828,0.9999
0.689343,-0.393188,0.43551,0.9999
-0.547462,-0.622382,-0.0780103,0.9999
-0.56716,-0.482675,-0.397553,0.9999
0.57859,-0.176954,0.676887,0.9999
-0.0202737,-0.776563,-0.606294,0.9999
-0.235517,-0.676211,0.273578,0.999899
0.694502,0.243804,0.243714,0.9999
0.325,-0.751623,-0.515535,0.999899
-0.142641,-0.094728,0.0460962,0.9999
-0.94661,0.146578,0.240123,0.9999
0.360538,0.712306,0.176939,0.9999
-0.0440363,0.0792355,0.749518,0.999901
0.412735,-0.13268,0.296482,0.9999
-0.928219,0.23618,0.126893,0.9999
0.071617,0.663003,0.321875,0.999901
-0.27639,-0.314744,0.358058,0.999901
0.195387,0.402724,0.174604,0.999899
0.40977,0.0518658,-0.754997,0.9999
0.837294,-0.0946341,0.339458,0.9999
-0.772486,-0.427967,0.133195,0.9999
-0.351708,0.0272445,-0.241026,0.999899
-0.633605,-0.435723,0.209444,0.9999
-0.757742,0.246464,0.401185,0.9999
0.420799,-0.227975,0.0131638,0.999899
-0.149657,-0.492058,-0.500736,0.9999
0.116467,0.0174276,0.713027,0.9999
-0.0264913,-0.0703655,0.958205,0.9999
-0.677885,-0.6847,-0.171521,0.9999
-0.546199,0.217568,-0.517218,0.9999
-0.628262,0.000464269,-0.727531,0.9999
0.371397,-0.49626,-0.274163,0.9999
0.580467,0.427198,-0.613383,0.9999
-0.261175,-0.362795,0.257352,0.999899
0.627402,-0.609472,-0.355595,0.9999
-0.214299,0.00123531,0.127267,0.9999
0.540597,0.139538,-0.150372,0.9999
-0.49132,-0.644915,0.19545,0.999901
0.815104,-0.23247,-0.203768,0.9999
-0.422503,0.468731,-0.395481,0.9999
-0.927975,0.0570971,-0.248089,0.9999
0.125141,-0.417442,0.229228,0.9999
0.566753,-0.453524,0.59142,0.999899
-0.191098,-0.0817306,-0.864521,0.9999
0.303683,0.654002,-0.454827,0.9999
-0.0988119,-0.828792,-0.201417,0.9999
-0.535986,0.51052,0.307498,0.999899
-0.731112,0.195353,-0.378771,0.9999
0.0278121,-0.0640825,0.162785,0.999899
-0.726086,-0.344707,0.549589,0.9999
-0.369773,0.432458,-0.729445,0.9999
-0.546606,-0.57026,-0.299448,0.9999
0.542431,-0.63916,0.182591,0.999901
0.0736806,0.438842,-0.72376,0.9999
-0.408532,0.269439,0.695047,0.9999
0.945394,-0.154351,0.0740084,0.9999
-0.715271,0.0565815,0.598372,0.9999
-0.471289,0.700123,-0.312326,0.9999
-0.704186,0.248225,-0.278188,0.9999
-0.663998,0.236426,0.0722019,0.9999
0.0841363,0.0561381,0.649746,0.999901
-0.410924,0.454762,0.132361,0.9999
-0.402769,-0.364758,0.726163,0.9999
0.139907,-0.120133,0.899024,0.999901
-0.0299981,-0.737992,0.57401,0.9999
-0.04628,0.158461,0.447615,0.9999
0.675878,0.0563804,-0.0473875,0.9999
0.0903446,0.30769,0.429185,0.9999
-0.287866,0.307001,-0.498933,0.9999
0.0830794,-0.434311,-0.357768,0.9999
0.352109,-0.607184,0.621825,0.999901
-0.420933,-0.28622,-0.550853,0.999899
0.0116251,0.225936,0.710192,0.999899
0.32707,0.874255,-0.330531,0.9999
-0.289841,0.674608,-0.586903,0.999901
-0.00897075,0.445241,-0.370959,0.9999
-0.514492,0.504586,0.194489,0.9999
0.344293,-0.268625,-0.0257437,0.9999
-0.49652,-0.0478693,-0.427133,0.999901
0.108409,-0.762811,-0.473588,0.9999
-0.560344,0.263726,0.25326,0.9999
-0.323215,0.846268,0.135498,0.999899
-0.62242,0.122188,0.476054,0.9999
0.300398,0.91103,0.136218,0.9999
-0.439848,-0.49442,-0.698008,0.9999
-0.496065,-0.736468,0.418088,0.9999
0.127093,0.383068,-0.343124,0.9999
-0.648921,0.184994,-0.606583,0.9999
0.184883,0.244436,-0.746589,0.999901
-0.787797,0.484056,0.355698,0.9999
-0.0446503,0.522431,-0.131003,0.9999
0.856106,-0.229329,0.304932,0.9999
0.0228763,-0.536363,-0.570278,0.9999
0.365704,0.496359,-0.703482,0.9999
0.471478,-0.564602,-0.577945,0.999901
-0.361305,-0.636441,0.254568,0.9999
-0.17008,0.401536,-0.787413,0.9999
-0.702876,-0.392752,0.0640501,0.9999
0.66705,-0.142889,0.579404,0.9999
-0.272926,0.281755,0.427778,0.9999
0.724407,-0.137874,0.438462,0.9999
-0.713985,0.30202,-0.085456,0.999901
-0.882547,-0.407241,0.0117228,0.9999
-0.0676386,-0.145794,-0.0474515,0.9999
0.26816,0.807571,-0.364145,0.9999
-0.64931,0.00268071,0.159976,0.9999
-0.0827335,-0.443991,0.136286,0.9999
0.0862615,-0.0428946,-0.144143,0.9999
0.394598,0.314121,-0.813706,0.9999
-0.138487,-0.501337,0.737708,0.9999
0.00592687,-0.394954,0.723895,0.9999
0.388896,0.577865,-0.224205,0.999901
-0.08814,0.400658,-0.342747,0.9999
0.424723,-0.750995,0.195629,0.9999
-0.357743,-0.0266465,-0.801425,0.9999
0.295692,0.673347,-0.629713,0.9999
0.583487,-0.0288286,0.117565,0.9999
0.251349,0.461788,-0.334744,0.9999
0.151534,0.771227,0.0577827,0.999901
0.105538,0.527125,0.251867,0.9999
-0.375169,-0.0271384,0.914739,0.9999
0.661249,-0.1459,-0.34948,0.9999
0.288326,0.421304,0.742431,0.9999
0.283007,-0.525849,0.346733,0.9999
-0.165217,-0.685493,0.584796,0.9999
-0.385591,0.229826,-0.622919,0.9999
-0.280159,0.4058,-0.546589,0.9999
-0.562887,0.633005,-0.428015,0.999901
0.00447652,-0.690185,0.242846,0.9999
0.424931,0.191665,0.846047,0.999899
0.317406,-0.698563,0.295523,0.999899
-0.700778,-0.142523,-0.456765,0.9999
-0.404063,0.638774,0.217076,0.9999
-0.609279,-0.435351,-0.329019,0.999901
-0.769047,0.264146,-0.452094,0.999901
-0.209743,-0.183313,0.519502,0.9999
0.495226,-0.168989,0.250318,0.9999
0.255462,0.435893,-0.245496,0.9999
0.3285,-0.536717,0.50878,0.9999
-0.933244,0.0195128,-0.243111,0.999899
-0.191153,-0.727115,-0.297964,0.999901
0.752151,0.508187,-0.092051,0.9999
-0.150942,0.499923,0.630063,0.9999
-0.713545,-0.232792,-0.371101,0.9999
-0.258047,-0.04874,-0.564003,0.9999
-0.827666,-0.194656,0.0818447,0.9999
-0.0324172,0.562464,-0.131,0.9999
0.221628,0.0419258,-0.870513,0.9999
0.35019,0.12856,-0.372926,0.9999
-0.694263,0.403925,-0.125668,0.9999
0.346831,-0.186682,-0.534577,0.999901
-0.476387,0.24386,0.148152,0.9999
-0.0897813,-0.682237,0.484574,0.9999
-0.750664,0.331365,-0.528137,0.999901
-0.629998,0.0970082,-0.285959,0.999901
-0.564339,-0.146045,0.712183,0.9999
-0.751295,-0.145503,-0.440272,0.999899
0.176749,0.024536,-0.479682,0.999899
-0.613657,-0.247295,-0.415221,0.9999
0.431584,-0.280779,0.787994,0.9999
-0.403077,0.324275,-0.815973,0.9999
-0.521908,0.384228,-0.00963766,0.9999
0.456948,-0.525265,0.524574,0.9999
0.0980743,-0.657479,-0.0397839,0.999899
0.223078,0.0528992,0.745627,0.9999
0.678942,0.416267,-0.483436,0.9999
-0.30656,0.198223,0.394725,0.9999
0.507321,-0.57375,0.160148,0.9999
0.0657714,0.0752575,0.789628,0.999901
0.189799,-0.191588,-0.828796,0.9999
-0.353345,-0.73506,0.210643,0.9999
0.0608674,-0.181666,0.679252,0.9999
-0.447031,0.379079,0.347394,0.999901
-0.59816,-0.639965,-0.250745,0.9999
-0.343661,-0.702687,0.183591,0.9999
-0.568862,0.669958,0.0416248,0.9999
-0.0295556,-0.53757,-0.512222,0.9999
-0.579647,0.43641,0.661205,0.999901
-0.379142,-0.180556,0.827642,0.9999
-0.693626,0.0200279,-0.17733,0.9999
0.164771,0.0150997,-0.759619,0.9999
-0.167029,0.424213,-0.611358,0.999901
-0.62633,0.220152,-0.000255952,0.9999
0.778849,-0.120561,-0.535599,0.999901
0.183246,-0.0564923,-0.967088,0.9999
0.409487,0.673823,0.405906,0.9999
0.0542549,-0.423948,0.143636,0.9999
-0.248897,0.126582,0.255229,0.9999
0.22472,0.49273,-0.606071,0.9999
-0.246893,0.113446,-0.647547,0.9999
0.140418,0.099714,0.227895,0.9999
0.28871,0.628238,-0.584329,0.9999
-0.583929,0.461048,-0.279274,0.9999
-0.610793,-0.336884,-0.0923478,0.9999
-0.1866,0.675482,-0.412947,0.999901
-0.487946,0.871977,0.0340381,0.999901
0.565529,0.350223,0.355281,0.9999
-0.349779,-0.143071,0.164797,0.9999
0.354228,-0.399002,0.841844,0.9999
-0.115581,0.70341,0.674432,0.999901
-0.703201,0.233856,0.100009,0.9999
0.138384,0.0653337,0.629625,0.999901
0.92994,-0.214944,-0.141906,0.9999
0.388112,-0.153685,0.741921,0.9999
0.480504,-0.718881,0.192504,0.9999
-0.724873,-0.191676,-0.494962,0.9999
0.529752,0.149265,0.316871,0.9999
-0.210331,-0.652576,-0.400597,0.999901
0.622953,-0.363571,-0.117112,0.999901
-0.43801,-0.167696,0.861639,0.9999
-0.427448,-0.0533724,-0.455677,0.9999
-0.0576968,-0.253133,-0.36384,0.999899
-0.46929,0.430388,0.0216987,0.999901
-0.0675065,-0.339384,-0.759461,0.9999
-0.021606,0.244036,0.269002,0.9999
-0.435403,0.583856,-0.361254,0.9999
-0.0608139,0.530236,-0.664231,0.9999
-0.0271678,-0.741552,-0.408067,0.9999
0.359213,-0.41529,0.355121,0.9999
0.809975,0.311783,-0.493636,0.9999
-0.654181,-0.353457,0.198678,0.9999
-0.171573,-0.545877,0.056938,0.999901
0.843261,-0.271839,-0.381863,0.9999
0.0439486,0.279263,0.470711,0.9999
0.1088,0.399744,-0.47498,0.9999
-0.711818,-0.528797,-0.30241,0.999899
-0.289777,-0.63603,0.0270358,0.9999
-0.486488,0.228569,0.492313,0.9999
0.562005,-0.173515,-0.168718,0.9999
-0.639029,0.0935271,0.702248,0.9999
0.322922,0.656138,-0.443471,0.9999
-0.937667,0.296235,-0.159812,0.9999
0.197029,0.698474,-0.27854,0.9999
-0.212971,0.0974815,0.585329,0.9999
0.0548533,0.902091,0.164455,0.9999
-0.382141,-0.13974,-0.828263,0.9999
-0.113082,-0.926655,-0.0227415,0.999899
-0.000214958,0.226567,-0.217695,0.9999
0.332013,-0.219583,0.684281,0.999899
-0.323201,-0.00321545,-0.402323,0.9999
-0.272636,0.0557734,0.827637,0.999901
0.288062,0.572085,0.376831,0.999901
-0.487962,-0.114074,0.391597,0.999901
0.00166491,-0.691111,-0.581972,0.9999
0.224308,-0.0564978,-0.652696,0.9999
0.229778,-0.357392,-0.26285,0.9999
0.119158,0.635638,-0.486572,0.9999
0.28233,0.159614,-0.613664,0.9999
0.498283,0.688454,0.0551312,0.999899
0.00673067,-0.109235,-0.482807,0.9999
-0.407766,0.440118,0.707121,0.999899
0.727264,0.492239,0.0053832,0.9999
0.52933,-0.10267,0.17924,0.9999
-0.631998,-0.528988,-0.179426,0.9999
-0.108212,0.196827,-0.502845,0.9999
0.341918,0.234818,0.235611,0.9999
0.013817,0.207292,-0.780006,0.9999
-0.0382148,0.733694,-0.013985,0.9999
0.662559,0.433542,0.45498,0.9999
-0.235544,0.67512,0.698737,0.9999
0.381111,-0.777943,0.0251669,0.9999
0.623315,0.620478,-0.0402366,0.9999
0.194091,0.188962,-0.589702,0.9999
0.55296,0.247678,-0.349434,0.9999
0.216144,0.0136071,0.199635,0.9999
0.610441,-0.319816,0.26122,0.9999
0.275911,-0.712524,-0.212899,0.9999
-0.30224,0.081756,0.191371,0.9999
-0.330673,-0.0353988,0.177828,0.9999
0.661963,-0.216176,0.278776,0.9999
-0.529501,0.590188,0.205484,0.9999
0.0681597,-0.215521,0.800133,0.9999
-0.255782,0.227859,-0.732855,0.9999
0.0255362,0.537562,0.710678,0.9999
0.111463,0.30698,0.929124,0.9999
-0.348379,-0.383242,0.317622,0.9999
0.103789,-0.37494,0.169213,0.9999
-0.278942,-0.538864,0.749084,0.9999
0.186755,0.215714,0.219157,0.9999
-0.342223,-0.163294,0.0633605,0.9999
0.345275,-0.470623,-0.298195,0.9999
-0.928959,0.0328347,-0.146532,0.9999
-0.314602,-0.262189,0.572418,0.9999
-0.801306,-0.0896548,0.344822,0.9999
-0.00970616,0.275149,-0.0669207,0.9999
-0.504497,-0.585525,0.29519,0.999901
0.112137,-0.815537,-0.0492086,0.9999
-0.75534,0.0778196,-0.369356,0.9999
0.701648,0.389294,0.287445,0.9999
0.203193,-0.164402,-0.569317,0.999901
-0.469322,0.440332,0.165398,0.9999
-0.228378,-0.423476,0.8271,0.9999
0.858444,-0.364553,0.0381269,0.9999
-0.263731,0.00638546,0.55439,0.999901
-0.754443,0.139052,0.419813,0.9999
0.0519878,0.228175,-0.671583,0.999901
-0.508805,0.367922,0.643001,0.9999
0.485013,-0.0662758,0.529008,0.9999
0.340586,-0.556884,0.410579,0.9999
0.4945,0.206151,-0.191971,0.9999
0.502138,0.0228902,0.542947,0.9999
0.272572,0.473348,-0.184655,0.9999
0.591961,-0.310644,0.0319287,0.9999
0.249065,0.503498,0.16257,0.9999
0.341988,0.192081,-0.249092,0.999901
-0.161721,0.580968,0.552844,0.9999
0.322565,-0.458969,-0.292636,0.9999
-0.155915,0.962494,-0.0945749,0.999899
-0.933738,-0.197781,-0.179626,0.9999
-0.383679,0.280011,0.651944,0.9999
0.24871,-0.400874,0.573915,0.9999
0.153061,-0.52587,0.0802029,0.9999
-0.0139742,0.334782,-0.252367,0.9999
0.500918,-0.532202,-0.314002,0.9999
0.384573,0.358115,-0.834016,0.9999
0.606601,0.276949,0.160006,0.9999
0.0278976,-0.208645,-0.224157,0.999901
0.394989,-0.704433,-0.186132,0.9999
-0.0104307,0.969226,0.0266323,0.999899
-0.0804556,0.822509,0.224646,0.999901
0.498804,0.148414,-0.207686,0.9999
0.119305,0.277466,-0.382101,0.9999
-0.723551,-0.440239,-0.0917664,0.9999
-0.547781,-0.518279,-0.305233,0.999899
-0.562981,-0.791206,0.0901374,0.9999
-0.587765,0.108567,0.51922,0.9999
0.256119,-0.51627,-0.369261,0.9999
0.57288,-0.674259,-0.38086,0.9999
-0.370657,0.26221,-0.239807,0.999899
-0.16103,-0.119654,0.751177,0.999899
-0.442771,0.379686,0.181649,0.9999
0.647287,-0.0721295,-0.230656,0.9999
-0.16277,0.376278,-0.164114,0.9999
0.0373728,-0.194771,0.125029,0.9999
0.214454,-0.516775,0.432155,0.9999
0.0867958,0.140294,-0.611047,0.999899
0.0977255,-0.713605,-0.0325877,0.9999
0.0708046,0.439527,-0.578268,0.999901
0.76281,0.254991,0.0989002,0.9999
-0.75921,-0.189499,-0.186375,0.9999
-0.0580297,-0.0807491,-0.430105,0.9999
-0.0303553,-0.284035,0.604699,0.9999
0.488467,-0.128751,0.288002,0.9999
0.0970771,-0.575089,0.302455,0.9999
0.146622,-0.0477109,-0.726871,0.9999
0.275167,-0.783851,0.404954,0.9999
-0.460369,0.270022,-0.711436,0.9999
0.43271,0.173602,0.677336,0.9999
0.381195,0.519072,-0.50651,0.999901
0.191496,-0.0283615,-0.630401,0.999899
0.0837588,0.800856,0.0600938,0.9999
0.307555,0.38197,0.284944,0.9999
-0.0933867,0.0532771,-0.276896,0.999901
-0.628305,-0.406063,0.403367,0.9999
0.417834,-0.34087,-0.729529,0.9999
-0.839972,-0.150319,0.403353,0.9999
0.118691,0.0941534,-0.789293,0.999901
0.623679,0.346296,-0.683772,0.9999
0.0232229,-0.19035,0.567858,0.9999
0.297311,-0.131019,-0.187172,0.9999
0.199904,0.0863077,0.284334,0.9999
0.568911,-0.474438,0.154992,0.999899
-0.283991,0.175853,-0.421124,0.999899
-0.537013,0.0701298,-0.206801,0.9999
-0.591385,-0.24466,0.518062,0.9999
0.441523,-0.522371,0.291262,0.9999
-0.639569,-0.0435088,0.0296136,0.999899
0.199663,-0.321092,-0.434828,0.999899
0.629268,-0.370337,0.534744,0.9999
-0.470833,0.390073,-0.332681,0.9999
0.641921,0.113557,-0.323122,0.9999
-0.495301,0.0652407,-0.402781,0.999901
0.00216533,-0.298713,0.614307,0.9999
-0.0385676,0.0177389,0.629827,0.999899
0.642415,-0.587199,-0.104564,0.9999
0.260903,0.689732,0.669265,0.9999
0.216497,0.0353918,0.0423108,0.9999
-0.123816,0.103472,-0.401402,0.999899
0.216908,-0.391596,0.261511,0.9999
0.657667,-0.625829,0.0560668,0.9999
0.372662,-0.4711,0.398319,0.9999
0.102307,0.50555,-0.710224,0.999899
-0.256523,-0.422151,-0.018865,0.9999
0.279136,0.874877,0.123056,0.9999
0.337354,-0.492977,0.233121,0.9999
0.493766,0.562332,-0.131538,0.9999
0.326843,-0.279009,-0.656214,0.999901
-0.206103,0.748046,-0.588379,0.999901
-0.265588,-0.773362,0.186149,0.9999
0.883332,0.0697398,0.432115,0.9999
-0.0117199,0.435025,0.0745699,0.999901
0.134377,0.116679,0.0909641,0.9999
0.457577,0.349163,0.0704247,0.9999
-0.927999,0.0410619,-0.317697,0.9999
0.182449,-0.53338,0.599056,0.9999
0.682255,0.0480652,0.432899,0.9999
-0.465098,0.462177,-0.141832,0.9999
-0.129864,0.821928,0.51884,0.9999
0.0520757,-0.336625,-0.368058,0.999899
-0.237751,0.410245,-0.572484,0.9999
0.433224,0.0460528,0.0886472,0.9999
0.267299,-0.780621,-0.330372,0.9999
-0.786292,-0.00936975,-0.255022,0.9999
0.107075,-0.624932,0.755668,0.9999
-0.520873,0.208074,-0.813709,0.999901
0.0565721,0.440981,-0.440652,0.999899
-0.285651,-0.0730199,0.541313,0.9999
-0.627043,-0.710997,-0.267282,0.9999
0.15873,-0.185422,-0.885471,0.9999
-0.853001,0.404472,0.1957,0.9999
-0.294324,-0.218459,-0.272743,0.9999
0.315998,-0.0851478,-0.243637,0.999899
0.656495,0.200942,0.368123,0.9999
0.930943,0.0679622,-0.33531,0.999901
-0.433119,-0.770633,-0.250927,0.9999
0.656863,-0.00800334,0.718448,0.999901
-0.807977,0.249308,-0.0906595,0.9999
0.574753,0.289032,-0.565349,0.999899
0.721323,-0.14195,0.500517,0.9999
0.0296709,-0.257034,0.495881,0.999899
-0.113979,0.36213,0.192135,0.9999
0.0151818,0.23159,0.824885,0.999899
-0.392492,-0.134105,-0.354321,0.9999
-0.475213,0.371715,0.158852,0.999899
-0.121368,0.683101,0.258728,0.999901
-0.228346,-0.0593842,0.812286,0.9999
-0.372765,0.721992,-0.447865,0.9999
-0.514149,-0.0685155,0.671038,0.999901
-0.559989,0.083491,-0.567373,0.9999
0.323306,-0.434972,0.0778426,0.999899
-0.820347,0.15294,-0.383713,0.9999
0.270924,-0.689992,-0.510524,0.9999
-0.100613,-0.210753,-0.747995,0.9999
0.897516,-0.182373,-0.0488733,0.999901
0.255097,0.475325,-0.355002,0.9999
-0.587811,0.49834,0.236885,0.999901
0.67873,0.228732,0.659889,0.9999
0.883904,-0.33439,-0.284965,0.999899
0.527545,0.286537,-0.335024,0.9999
0.269146,0.051176,-0.778333,0.9999
0.281265,0.114091,0.645671,0.999901
-0.267067,0.831752,0.475659,0.9999
-0.359562,-0.559529,0.384002,0.9999
0.124524,0.244887,-0.115277,0.9999
-0.237533,-0.62652,0.311684,0.9999
0.598669,0.38921,0.446049,0.9999
-0.166849,0.723398,0.372361,0.9999
-0.206672,0.715709,-0.0323109,0.999901
-0.114412,-0.200631,0.56979,0.9999
0.253229,-0.34808,0.636515,0.9999
-0.0914822,0.585445,0.0256852,0.9999
0.257934,-0.444469,-0.517196,0.999899
-0.36365,-0.443634,-0.527898,0.9999
0.117261,-0.0996748,-0.122981,0.9999
0.524816,-0.22247,0.465022,0.999901
0.157311,-0.629859,-0.409686,0.9999
0.512509,0.45196,-0.648798,0.999901
-0.742414,0.173184,0.470892,0.9999
-0.144065,0.675978,0.18471,0.9999
-0.314056,-0.426306,0.380825,0.9999
0.280927,-0.282153,-0.0148871,0.9999
0.227616,-0.242704,-0.891305,0.9999
0.868343,0.33686,-0.0164373,0.9999
-0.242849,-0.285586,0.781533,0.999899
0.898758,-0.0858194,-0.0874482,0.9999
0.702985,-0.254384,-0.405039,0.9999
-0.579849,0.080423,0.678796,0.9999
-0.364334,-0.484046,0.235919,0.9999
0.542644,-0.410009,0.195373,0.9999
-0.342883,-0.829968,-0.283318,0.9999
-0.484036,-0.256927,-0.176378,0.999901
-0.175917,0.24617,0.641069,0.9999
-0.210243,-0.39934,0.802702,0.9999
-0.610351,0.380685,-0.0153014,0.9999
0.184959,-0.440992,-0.632316,0.9999
0.207294,0.01668,-0.170807,0.999901
-0.259846,-0.233369,0.363191,0.9999
0.828587,-0.47788,-0.185581,0.9999
-0.543474,-0.549655,0.246728,0.9999
-0.095206,-0.70391,0.44056,0.9999
0.554883,-0.0449543,-0.709767,0.9999
0.472447,0.8165,-0.0241147,0.999899
0.240299,-0.113136,-0.122062,0.9999
0.168829,0.798007,0.359329,0.9999
-0.73479,0.470085,0.482938,0.9999
-0.456142,0.658922,0.288963,0.9999
-0.380566,-0.0837628,0.796017,0.9999
-0.66758,0.577013,-0.0655059,0.999901
-0.944658,0.259624,-0.0979561,0.9999
-0.746638,0.586046,-0.258438,0.9999
0.245403,-0.101324,0.353047,0.999899
0.195544,0.401106,0.718031,0.9999
-0.955587,0.146044,-0.166431,0.9999
-0.156206,-0.407019,-0.472781,0.9999
-0.197261,0.088635,-0.493738,0.999901
0.0350881,0.25772,-0.633401,0.9999
0.656091,0.206595,0.603327,0.999901
0.548627,0.73471,-0.367468,0.9999
-0.133048,0.700022,-0.199021,0.999901
-0.538986,-0.0587205,0.761192,0.9999
0.316095,-0.689301,0.404789,0.9999
0.097425,-0.430731,0.823302,0.9999
0.27139,-0.0828676,0.700172,0.999901
0.286186,-0.789232,0.367127,0.9999
0.624365,-0.548357,0.431315,0.9999
-0.438172,-0.123638,-0.328539,0.9999
0.542481,0.0171056,0.516649,0.9999
-0.509489,-0.517262,-0.163377,0.9999
-0.245586,-0.748746,-0.0328261,0.999899
0.276078,-0.27526,-0.576248,0.9999
0.497139,0.422422,-0.579135,0.9999
0.178797,-0.565371,-0.324904,0.999899
0.0445074,-0.59135,-0.590875,0.9999
-0.307923,-0.289308,-0.140305,0.9999
-0.374146,-0.184601,-0.768029,0.9999
0.127854,0.41128,-0.517999,0.9999
-0.702753,-0.194291,-0.300475,0.999901
0.118219,0.123715,-0.590552,0.9999
0.220879,-0.393088,-0.687651,0.999899
0.496454,-0.00867451,0.500883,0.9999
0.381919,0.0802928,0.544555,0.9999
0.288108,0.510787,-0.0639864,0.9999
-0.193609,-0.287722,-0.288493,0.999899
0.198795,0.159823,-0.0397264,0.9999
-0.0536772,0.724761,0.67941,0.9999
0.343134,0.485077,-0.222703,0.9999
0.34847,0.880054,-0.249275,0.9999
-0.212488,0.0719451,-0.640219,0.9999
0.341922,0.0483858,-0.638426,0.999901
-0.422109,0.149833,-0.627128,0.999899
-0.303951,-0.16375,-0.658106,0.9999
-0.297519,-0.367454,-0.719233,0.9999
-0.259717,-0.433908,0.388412,0.999901
0.526331,-0.0364571,0.644991,0.9999
0.250947,-0.353356,-0.583498,0.9999
-0.453077,0.127039,0.663049,0.9999
-0.407408,-0.736816,0.128605,0.999901
-0.0133779,-0.53216,-0.0957764,0.9999
0.17322,0.770227,-0.22213,0.999901
-0.14136,0.434016,0.271518,0.9999
-0.289065,-0.796179,0.023756,0.9999
0.455824,-0.412829,0.341545,0.9999
-0.753994,0.0715025,0.403736,0.999899
-0.253335,-0.150584,0.453358,0.9999
-0.47993,-0.152442,-0.0175648,0.9999
-0.193329,0.489516,0.522423,0.9999
0.255201,0.136373,0.786358,0.9999
0.104245,0.512932,-0.427352,0.9999
-0.267665,0.243163,-0.724653,0.9999
0.140708,0.589339,0.0917372,0.9999
-0.670335,-0.363026,0.45818,0.9999
0.31004,-0.687654,0.626993,0.9999
0.195143,-0.30548,0.27647,0.999899
-0.0281157,-0.352797,0.620189,0.9999
-0.655001,-0.271007,0.123073,0.999901
-0.00417027,0.100215,-0.377047,0.9999
-0.323305,0.344201,-0.657739,0.9999
0.0762553,0.952791,-0.233574,0.9999
0.352054,0.0373337,0.127142,0.9999
-0.286697,-0.388909,-0.214935,0.9999
-0.734918,-0.0215316,-0.0100274,0.999899
0.310097,-0.107799,-0.202033,0.9999
-0.67616,0.556803,-0.0167444,0.999899
0.930197,-0.0371548,-0.179047,0.999901
-0.168916,-0.0152302,-0.933584,0.999901
-0.217149,0.175123,-0.439774,0.9999
-0.151158,0.505082,0.636497,0.999899
-0.533217,0.236632,0.360981,0.9999
-0.340956,0.835326,0.361465,0.9999
0.367456,0.229908,-0.141841,0.999899
0.624009,-0.553216,0.41495,0.9999
0.513906,0.646534,0.233501,0.9999
-0.118429,0.0184479,0.602059,0.9999
-0.0729299,0.225418,0.131108,0.999899
-0.174605,0.278866,0.538795,0.9999
0.214855,-0.0325561,0.822966,0.9999
-0.132826,0.564727,0.244035,0.9999
-0.25175,0.484522,0.685207,0.9999
-0.165304,0.296205,0.560298,0.9999
0.366585,0.220003,-0.561775,0.9999
-0.464816,-0.691737,-0.393126,0.9999
0.386128,0.749187,-0.038243,0.9999
0.898363,0.144599,-0.206857,0.9999
-0.342244,0.701082,-0.264474,0.9999
-0.632801,0.150344,-0.673268,0.9999
-0.905579,-0.185368,-0.135397,0.9999
0.345429,-0.0392187,-0.730267,0.9999
0.338267,-0.906019,-0.039119,0.9999
-0.363336,-0.0850374,-0.220769,0.9999
0.161885,-0.675142,-0.383154,0.9999
0.410989,-0.774559,0.17683,0.9999
0.014482,-0.297563,0.196346,0.9999
0.191106,-0.881294,0.20681,0.9999
-0.660006,0.537265,-0.333461,0.9999
-0.147923,0.859587,-0.300578,0.9999
0.499104,-0.41628,-0.644325,0.9999
0.455301,-0.718444,0.281033,0.999899
-0.472547,-0.499699,0.3048,0.9999
-0.122801,0.59393,0.413524,0.9999
-0.454743,0.330743,-0.214563,0.9999
0.190415,0.853845,0.00955761,0.999901
-0.225286,0.454102,-0.67022,0.9999
-0.283717,0.441894,-0.0764367,0.999899
0.259899,-0.366405,0.844635,0.999901
-0.881804,0.397453,0.0257656,0.999901
-0.591295,0.194972,0.0179941,0.9999
-0.307421,0.91085,0.153012,0.999899
0.126923,-0.319755,0.508495,0.9999
-0.503573,0.173686,0.329356,0.9999
0.195898,-0.844295,0.0248004,0.9999
0.801281,-0.475731,-0.07106,0.9999
0.616753,-0.150499,0.376188,0.9999
-0.161985,0.405308,-0.592474,0.9999
-0.906205,-0.0350211,-0.372141,0.9999
-0.714002,-0.129808,-0.206727,0.9999
-0.379834,-0.726061,-0.437281,0.999901
-0.234112,-0.07942,0.641049,0.9999
0.320343,-0.344754,-0.0710846,0.9999
0.705198,0.289325,-0.51707,0.9999
-0.373814,0.174158,0.230221,0.9999
0.196932,0.519824,-0.594383,0.999899
0.418139,0.809169,-0.163051,0.999899
0.386201,0.281218,-0.51653,0.9999
0.336649,-0.711415,-0.0555097,0.9999
0.050236,0.681656,-0.250817,0.9999
-0.00879919,-0.701573,0.705437,0.9999
-0.0454198,-0.299044,-0.279327,0.999901
-0.405268,-0.388736,0.270119,0.9999
0.520218,-0.725687,-0.15239,0.9999
-0.243495,-0.381593,0.506958,0.999899
0.410468,0.561316,0.21014,0.9999
0.704538,0.520044,0.224983,0.9999
-0.650512,-0.0460193,0.707537,0.9999
-0.773195,0.13066,-0.618938,0.9999
0.115624,0.574328,-0.336097,0.9999
0.417285,0.0815212,0.797914,0.9999
-0.703618,-0.304458,0.184654,0.9999
-0.870927,0.0201538,0.0812521,0.9999
0.0840278,0.660325,0.0806147,0.999899
0.243288,-0.171105,-0.496707,0.9999
0.790746,-0.142016,0.00774481,0.9999
0.564372,0.321897,0.447379,0.9999
-0.209572,-0.275495,0.871916,0.999899
0.473411,0.159455,0.271405,0.9999
-0.750755,-0.378265,-0.107203,0.9999
-0.525462,0.39681,0.717188,0.9999
0.289756,0.369282,-0.320192,0.9999
0.59768,-0.330933,0.217408,0.9999
-0.364453,0.410193,0.292724,0.9999
0.423016,-0.879455,-0.0281333,0.9999
-0.00884701,-0.1893,0.16609,0.999901
-0.602473,0.655724,0.322394,0.999899
0.10832,0.804193,0.358259,0.9999
0.200147,0.326033,-0.222026,0.9999
-0.190787,0.435053,-0.809609,0.9999
-0.754015,-0.355098,0.364216,0.9999
-0.490013,-0.468921,-0.210217,0.9999
-0.712656,0.64704,-0.131825,0.999901
-0.810511,-0.259378,-0.344976,0.9999
0.323323,-0.413636,0.759535,0.999901
0.170913,-0.479227,0.669628,0.9999
0.0180581,0.866015,-0.227485,0.9999
0.134529,-0.0562598,-0.801635,0.9999
-0.130425,-0.664028,0.261237,0.999899
0.418983,-0.287707,0.0890763,0.9999
0.269003,0.679908,-0.661659,0.9999
-0.583356,0.184462,0.787201,0.999899
0.906061,-0.108358,0.0195591,0.9999
0.226143,-0.699501,0.359,0.9999
-0.0328156,-0.62822,0.411705,0.9999
0.255378,-0.418833,0.357587,0.9999
-0.297306,0.940382,0.148655,0.999899
0.617724,-0.220577,0.65855,0.9999
0.43277,0.0856296,0.647271,0.9999
-0.413262,0.173195,-0.156794,0.9999
0.228699,0.103969,0.262265,0.9999
-0.0664149,-0.682937,-0.642159,0.999899
-0.410776,0.43738,-0.560119,0.999899
-0.437173,0.519147,-0.43806,0.999899
0.164989,-0.337465,0.163706,0.9999
0.841852,0.103034,0.215064,0.9999
-0.742757,-0.280748,0.154442,0.9999
0.28989,-0.107824,0.524089,0.9999
-0.543143,0.465017,0.379039,0.9999
0.166159,-0.0294155,-0.555342,0.9999
-0.379448,-0.346879,-0.570847,0.9999
-0.253247,-0.786331,0.38269,0.9999
0.564083,-0.409731,0.517499,0.9999
0.111418,0.896824,0.328337,0.9999
-0.0112574,-0.0547342,0.565787,0.9999
0.603958,-0.174924,0.16393,0.9999
-0.745978,0.562147,-0.346504,0.999901
-0.640054,0.198325,0.281355,0.999901
-0.109493,0.958551,-0.0542234,0.9999
0.720197,0.451553,-0.41905,0.9999
-0.425712,0.00101267,0.427331,0.999901
0.462203,0.411449,0.167526,0.999899
-0.756889,-0.492909,-0.32451,0.999901
-0.283914,0.0894323,0.724237,0.9999
0.450963,-0.648825,-0.227112,0.999901
0.484247,0.3179,-0.321985,0.9999
0.818507,0.244433,-0.0135891,0.9999
0.0210811,-0.299331,-0.75421,0.9999
-0.443058,-0.0886921,0.389994,0.999901
-0.385086,-0.544215,-0.418272,0.999899
0.417114,-0.125142,-0.573464,0.9999
-0.70446,0.218916,0.425748,0.9999
-0.299821,-0.140733,0.577307,0.9999
-0.691268,0.510771,0.319253,0.9999
0.743003,-0.482758,0.125587,0.9999
0.105378,-0.389676,0.747981,0.9999
-0.989276,0.0644006,0.0093979,0.9999
-0.768395,-0.395912,-0.0817557,0.9999
-0.416893,0.292452,-0.397344,0.9999
-0.122851,0.473654,-0.327332,0.9999
0.404144,0.632991,0.163178,0.9999
-0.406009,0.0220135,-0.266628,0.9999
0.691701,0.0808954,-0.507554,0.9999
0.706156,0.109267,0.282112,0.9999
0.487102,0.317408,-0.111371,0.9999
-0.64551,0.373916,0.327719,0.9999
-0.128468,-0.290675,0.370586,0.999899
0.175451,0.083294,0.767399,0.9999
0.309679,-0.593963,0.511739,0.9999
-0.149783,-0.798933,-0.551082,0.9999
-0.235113,-0.432678,0.220408,0.9999
-0.397857,-0.333695,0.52798,0.999899
0.0859212,0.562489,0.335676,0.9999
-0.522833,-0.784455,0.134178,0.9999
-0.501126,0.486313,-0.0948224,0.9999
0.510398,-0.207322,0.0695492,0.999898
-0.440315,0.0728629,-0.695463,0.9999
-0.311645,-0.224009,0.0302348,0.9999
0.0383932,0.294114,0.0184286,0.9999
0.826803,-0.253579,0.425997,0.9999
-0.272478,-0.0864184,-0.0697567,0.9999
0.253017,0.35689,-0.594843,0.999899
0.0972635,0.620036,0.274308,0.9999
0.216176,-0.580369,0.118399,0.9999
0.832716,-0.129809,0.413318,0.9999
-0.0750279,0.258265,-0.428953,0.999899
-0.161221,0.292045,-0.852485,0.9999
-0.353581,0.428806,-0.314551,0.9999
-0.589743,0.442612,-0.243412,0.999901
0.265163,0.430943,-0.759194,0.9999
0.784917,0.353025,-0.366818,0.9999
-0.345713,0.422809,0.72497,0.999899
-0.725908,-0.35053,0.562953,0.999901
-0.0820549,-0.834615,0.379008,0.9999
0.802944,-0.296166,0.251321,0.9999
0.238127,-0.617603,0.742462,0.9999
-0.00427938,-0.772943,-0.192224,0.9999
0.277592,0.328363,0.866856,0.9999
0.226923,0.778486,0.572103,0.9999
-0.477695,-0.038095,-0.139265,0.9999
-0.145181,-0.571117,-0.754735,0.9999
0.148632,-0.779676,-0.512444,0.9999
-0.708709,-0.142942,0.450735,0.999901
-0.116447,-0.861229,0.222913,0.9999
0.0456475,0.325371,0.750027,0.9999
-0.0360954,0.876238,-0.258598,0.9999
0.0701279,-0.407039,0.218698,0.9999
-0.0519344,0.243035,-0.782136,0.9999
0.642477,0.477866,-0.0948827,0.9999
0.260018,-0.859846,-0.278342,0.9999
-0.623641,-0.673395,0.210821,0.9999
0.737639,0.566774,0.272062,0.999901
-0.245313,0.00397545,-0.458683,0.9999
0.249331,-0.370745,0.064796,0.9999
0.492174,0.224507,-0.605591,0.9999
-0.814966,-0.117883,0.0581141,0.9999
-0.0834325,0.652925,0.407954,0.9999
-0.057061,-0.347784,0.36614,0.9999
-0.164472,0.561315,-0.38945,0.999899
0.235887,-0.201946,0.806576,0.9999
-0.101558,0.882087,0.414764,0.9999
0.403504,0.822554,-0.214621,0.9999
0.484834,-0.121958,0.770511,0.9999
0.172994,-0.549515,0.363119,0.9999
0.379983,-0.155207,0.714764,0.9999
-0.00264641,-0.121054,0.469191,0.999899
0.770314,0.0345136,0.0272321,0.9999
0.287792,0.586807,-0.281169,0.9999
0.605106,-0.201065,0.0365251,0.9999
-0.0536096,0.897446,0.151285,0.9999
-0.226472,-0.634474,0.616057,0.9999
0.662198,-0.431378,0.28889,0.999899
-0.408183,-0.17926,0.583975,0.9999
0.774562,0.256408,-0.255473,0.9999
-0.441851,-0.0105785,0.398343,0.9999
0.516867,-0.7158,-0.163748,0.9999
-0.543493,0.151427,0.505828,0.9999
0.14308,-0.912103,0.0248701,0.9999
-0.0574983,-0.0110113,0.949019,0.9999
-0.13909,0.147022,-0.958921,0.9999
-0.132427,-0.62122,0.152236,0.9999
0.507904,0.151312,0.412602,0.9999
0.347673,0.506934,0.425588,0.9999
0.412768,0.0250505,0.635081,0.9999
-0.327787,0.630579,0.130129,0.999899
0.45273,0.0598055,0.40837,0.9999
0.0277153,-0.404125,-0.608412,0.9999
-0.121173,-0.0725359,0.381745,0.9999
-0.586023,-0.539135,0.149111,0.9999
0.182744,-0.12623,0.409106,0.9999
-0.512985,0.19123,-0.641283,0.9999
0.400178,0.231608,0.782127,0.9999
0.258272,-0.855726,0.266998,0.9999
0.309083,-0.911414,0.165877,0.9999
0.675424,-0.366465,-0.482006,0.9999
-0.401549,-0.238807,0.129934,0.999901
0.88172,0.100556,-0.176929,0.9999
-0.345825,0.326461,-0.24427,0.999899
0.40141,0.550792,-0.480427,0.9999
-0.775093,-0.539263,-0.235535,0.999899
-0.806356,-0.15634,-0.451014,0.9999
-0.340698,-0.33656,0.250992,0.999899
0.209092,0.266212,0.287171,0.999899
0.307813,-0.112897,-0.899169,0.9999
0.49255,0.18598,0.69583,0.9999
0.13866,-0.638209,-0.121487,0.9999
0.517714,0.648065,0.326226,0.999901
-0.171808,0.185151,-0.963075,0.9999
-0.030542,-0.801744,0.330833,0.9999
-0.0520786,-0.174665,0.23173,0.9999
-0.736324,0.182135,-0.0843796,0.9999
-0.0553182,-0.227852,0.478467,0.999899
-0.269909,-0.162888,-0.547214,0.9999
-0.334805,0.0274315,0.62079,0.9999
-0.605426,0.541258,0.50178,0.9999
-0.702984,-0.437409,0.360695,0.9999
-0.383825,-0.23678,-0.177104,0.9999
0.109008,0.922142,-0.110754,0.9999
0.534258,-0.0610054,0.0766036,0.9999
-0.583847,-0.358316,0.422621,0.9999
0.285127,-0.426592,0.438565,0.9999
-0.110104,0.566347,0.579498,0.999899
-0.466617,-0.608471,-0.082979,0.9999
-0.310971,-0.134275,0.701103,0.999899
0.879287,-0.337008,0.173275,0.9999
-0.243401,-0.265668,-0.457089,0.9999
0.69633,0.0176558,0.246152,0.9999
-0.559782,-0.573344,-0.042797,0.999899
0.676068,0.519734,-0.0799268,0.9999
0.249805,-0.183531,0.0978897,0.9999
-0.225302,-0.264604,0.440093,0.9999
0.346434,0.602369,-0.496473,0.9999
-0.347424,-0.736655,-0.19639,0.9999
-0.644888,-0.333919,-0.458073,0.9999
0.179847,0.466486,-0.789899,0.999899
-0.457323,0.460608,-0.640994,0.999901
0.438598,-0.663143,-0.33707,0.9999
0.415726,-0.0175288,-0.586366,0.9999
0.711314,-0.442417,-0.235888,0.9999
0.363935,0.365205,0.845616,0.9999
0.776157,-0.448122,-0.225695,0.999901
0.392652,0.44543,-0.0506929,0.9999
-0.678647,-0.313509,-0.655739,0.9999
-0.0127539,0.000951246,0.384231,0.999901
0.369277,0.286439,0.332584,0.999901
-0.547835,0.248512,-0.153869,0.9999
0.628977,-0.157535,0.48722,0.9999
-0.674755,-0.00971714,0.725573,0.9999
-0.505089,-0.116729,-0.249631,0.9999
-0.268379,0.284091,-0.144933,0.9999
0.506991,0.713711,-0.208402,0.9999
0.39889,0.169156,-0.571514,0.9999
-0.95929,0.212308,-0.124844,0.9999
0.30406,0.0304315,-0.14881,0.9999
-0.0680466,-0.0275165,-0.499087,0.9999
-0.829544,0.319386,-0.144649,0.9999
0.515812,-0.376487,0.0226404,0.9999
0.42742,-0.765741,-0.410392,0.9999
0.459139,-0.491086,-0.112135,0.9999
-0.467531,0.422045,0.727242,0.999901
-0.389789,0.111912,0.790953,0.9999
-0.512708,-0.278671,-0.305413,0.9999
0.712013,-0.242494,0.595601,0.9999
-0.751459,-0.344849,-0.376001,0.9999
-0.299837,0.747057,-0.109011,0.9999
0.0831898,0.136296,0.261459,0.9999
0.610052,-0.320425,0.61896,0.9999
0.268506,-0.188645,-0.874677,0.999901
-0.100516,-0.725962,-0.545946,0.999899
-0.340942,0.56645,0.284666,0.9999
0.393132,0.0981373,0.755225,0.9999
-0.151762,0.203066,0.199927,0.9999
-0.770542,0.394457,-0.414397,0.9999
-0.178005,-0.311182,-0.256057,0.999901
0.760393,0.459169,-0.375014,0.9999
0.0809782,0.46537,-0.53429,0.9999
-0.649067,-0.214422,-0.0869349,0.9999
-0.0351834,0.281852,-0.142497,0.999901
-0.522431,0.482861,-0.599624,0.999901
-0.364195,0.178749,-0.76506,0.9999
-0.575585,-0.200712,-0.723869,0.9999
0.715839,-0.348696,-0.201144,0.9999
-0.548704,-0.48118,-0.233752,0.999901
-0.897651,-0.194845,-0.282805,0.9999
0.399307,0.207622,-0.414435,0.9999
-0.0548907,0.113045,-0.53524,0.9999
-0.206062,-0.0603289,0.293213,0.999901
-0.0552975,0.459425,-0.00020072,0.9999
-0.561708,-0.0646162,-0.0431778,0.9999
0.0715308,-0.0145212,0.955184,0.999901
-0.77227,-0.0762274,0.177829,0.9999
0.124382,-0.046268,0.894697,0.9999
-0.222603,-0.271798,0.175806,0.9999
0.663609,-0.0518176,0.697197,0.9999
0.192218,-0.504363,-0.644783,0.9999
0.242943,-0.27519,-0.593334,0.9999
-0.664066,0.734837,0.105466,0.9999
0.0376656,-0.670863,-0.472204,0.9999
0.223222,-0.534053,-0.424525,0.9999
0.203653,-0.334589,0.843131,0.9999
0.00892338,0.127419,0.260941,0.9999
0.608533,0.127844,-0.7405,0.9999
-0.404826,-0.292315,-0.263918,0.9999
-0.526261,-0.523835,0.444233,0.999899
0.0878815,-0.583989,0.508162,0.999901
0.766025,-0.163084,0.190273,0.9999
-0.246786,0.144986,0.390611,0.999901
-0.0751741,-0.215799,0.919454,0.999901
0.632186,0.434034,0.146815,0.9999
0.673612,-0.188438,-0.601222,0.999899
-0.346143,-0.87434,0.197857,0.9999
-0.153114,0.22621,0.278426,0.9999
0.822063,-0.118915,0.305071,0.9999
0.791375,-0.330855,0.0926393,0.9999
-0.0800915,0.691649,-0.574605,0.9999
-0.455906,0.721894,0.187038,0.9999
-0.532954,0.155625,-0.17515,0.9999
0.0483992,0.418198,0.596702,0.999899
0.214095,-0.087365,0.349912,0.9999
0.216969,-0.541599,-0.270691,0.999899
-0.27891,0.675251,-0.599938,0.999901
0.476611,-0.657391,0.0874255,0.9999
-0.491737,0.188595,-0.172879,0.999899
0.6847,-0.059801,0.600629,0.999901
-0.00230953,-0.139422,-0.314267,0.9999
0.608052,0.584495,0.0171687,0.9999
0.149649,0.856107,0.335783,0.9999
-0.852243,0.403303,0.00546042,0.9999
-0.484271,0.248312,-0.237281,0.9999
0.178237,0.401466,0.165285,0.9999
0.121544,-0.828179,-0.328366,0.9999
-0.299311,0.531667,0.449384,0.9999
-0.457666,-0.0287216,-0.845958,0.9999
-0.441726,-0.584332,-0.622697,0.9999
-0.2958,-0.672516,0.0225926,0.9999
-0.567531,-0.15803,0.646189,0.9999
-0.384098,0.215276,-0.607326,0.9999
-0.0989572,-0.535923,0.482271,0.9999
0.438867,0.556518,-0.600298,0.9999
-0.314897,-0.775637,0.0372089,0.9999
-0.469607,-0.123907,-0.644592,0.9999
-0.591569,-0.796166,-0.0978185,0.9999
0.00646254,-0.73818,-0.65801,0.9999
-0.433492,-0.397348,-0.390746,0.9999
0.68237,-0.547258,0.291197,0.9999
0.677717,0.431729,-0.140882,0.9999
-0.285792,-0.358194,0.593466,0.999899
-0.373355,0.479076,0.211379,0.999901
-0.747439,-0.204781,-0.000774443,0.9999
-0.66183,0.0546132,0.571049,0.9999
-0.0793257,0.968301,0.187126,0.9999
0.0834003,0.237852,-0.411054,0.9999
-0.338343,0.445424,0.387894,0.9999
-0.499043,0.545913,-0.550831,0.9999
-0.213585,-0.63924,0.599235,0.9999
0.78797,-0.0524739,0.476554,0.9999
0.215916,-0.0679903,-0.495646,0.9999
0.437677,-0.278379,0.283592,0.9999
0.168548,-0.277357,-0.464644,0.9999
-0.155514,-0.821123,0.338035,0.9999
-0.193747,-0.291175,-0.700644,0.9999
-0.611466,0.346552,0.474854,0.999901
-0.463329,0.366997,0.0413573,0.9999
0.849326,-0.054674,-0.412102,0.9999
-0.660484,-0.141483,0.657029,0.9999
-0.466733,-0.322761,-0.324942,0.999899
0.0446391,-0.779914,0.205202,0.9999
-0.152898,0.861654,0.261785,0.9999
-0.230285,0.519564,-0.365255,0.999901
0.509839,0.639156,-0.250833,0.9999
0.428449,0.65566,0.576676,0.9999
-0.741577,0.567177,-0.134386,0.9999
-0.282379,-0.450431,0.195052,0.9999
0.365058,0.168974,0.167102,0.9999
-0.0824713,-0.656359,-0.620872,0.9999
-0.0241456,0.836933,-0.382615,0.999901
-0.331167,-0.251551,0.124978,0.9999
0.713284,-0.170822,-0.283472,0.9999
-0.422133,-0.172254,-0.142419,0.9999
0.348421,0.573231,-0.44348,0.9999
0.231197,-0.824821,-0.0492282,0.9999
-0.252419,-0.577359,-0.707338,0.9999
-0.281675,0.229631,0.0341587,0.9999
-0.396554,-0.500584,0.672154,0.999899
0.762878,-0.0304669,0.310691,0.9999
-0.63023,0.501608,-0.457128,0.999901
0.107698,0.636423,-0.240837,0.999899
0.270784,-0.603504,-0.36591,0.9999
-0.464253,0.385204,0.647601,0.9999
-0.408217,-0.19389,-0.463383,0.9999
-0.133391,-0.374155,-0.156695,0.999901
0.16002,0.802437,-0.553937,0.9999
-0.0840018,-0.821171,-0.183075,0.9999
-0.301662,0.433687,0.515085,0.9999
0.345127,-0.252204,-0.452331,0.9999
-0.783761,-0.598837,-0.104635,0.9999
0.0727347,-0.258319,0.0659452,0.9999
-0.0192201,0.621015,0.125777,0.9999
-0.287651,-0.254728,0.407699,0.9999
-0.827768,0.0758703,0.53462,0.9999
-0.0845332,0.614859,0.684983,0.999901
-0.564349,0.252583,0.759133,0.9999
0.59613,-0.688111,-0.154466,0.9999
0.639257,0.0115821,-0.326736,0.9999
-0.783543,-0.215106,0.213147,0.999901
0.233677,0.605342,-0.547769,0.9999
0.0925967,0.319741,0.814939,0.9999
0.097831,0.178841,0.0942669,0.9999
0.0758149,-0.409756,-0.139202,0.9999
-0.111462,0.490459,-0.3302,0.9999
-0.492624,0.821946,0.13571,0.999899
-0.811954,-0.312625,0.266576,0.9999
-0.287673,-0.669039,-0.465292,0.999899
-0.373008,0.707447,0.474058,0.9999
0.269334,0.0861715,-0.221067,0.9999
0.415777,-0.131225,-0.169016,0.9999
0.386551,-0.21223,-0.550493,0.999901
0.559534,0.12985,0.7952,0.9999
0.140825,0.045833,-0.347335,0.9999
0.174407,0.366812,0.600889,0.9999
0.041558,0.0740985,-0.0238075,0.9999
0.0479593,0.197137,0.28376,0.9999
-0.250715,0.412104,0.116201,0.9999
0.429401,0.143285,-0.012537,0.9999
0.36936,0.188846,0.58559,0.9999
-0.136022,-0.0382944,-0.889735,0.9999
0.42187,0.274548,0.754998,0.9999
0.322385,0.746583,-0.231803,0.999901
0.394492,-0.25177,0.552975,0.9999
-0.0621447,0.146975,-0.621108,0.9999
0.375566,-0.0457908,0.873648,0.9999
-0.0993364,0.0936025,-0.889953,0.999901
0.391347,-0.0801159,0.432832,0.9999
-0.0788082,0.03046,0.475009,0.999899
-0.356643,-0.236208,0.0682937,0.9999
-0.713,-0.170302,-0.00860331,0.9999
0.514151,-0.26554,-0.787829,0.9999
0.0335148,-0.00486029,-0.449611,0.9999
0.535786,0.223277,0.582739,0.9999
0.0624197,-0.71436,0.116589,0.999899
0.286913,0.353625,-0.835913,0.999899
-0.479881,-0.105437,-0.106981,0.9999
0.215903,0.13123,-0.849858,0.999899
-0.659469,-0.512352,-0.432758,0.9999
-0.209793,-0.286119,0.207541,0.9999
-0.794284,0.0762954,0.0832291,0.9999
-0.126313,-0.439674,-0.2823,0.9999
0.298087,-0.786173,-0.334301,0.999901
-0.216255,-0.184683,-0.0436973,0.9999
-0.458307,0.00171423,0.113504,0.9999
-0.121781,-0.764458,-0.356482,0.999899
-0.400676,-0.332777,0.761074,0.999899
-0.647615,-0.725366,-0.133752,0.9999
-0.600054,-0.0957109,0.77116,0.9999
0.345496,0.779087,-0.4258,0.9999
-0.407452,-0.388856,0.547147,0.9999
0.111355,0.0970938,0.355903,0.9999
-0.208005,0.175379,-0.873978,0.9999
0.15157,-0.176718,-0.358622,0.9999
0.254929,0.223892,-0.309645,0.9999
0.791623,0.191238,0.531236,0.9999
-0.0777663,-0.463521,-0.10531,0.9999
0.627764,-0.520141,0.393762,0.999899
-0.123033,0.0383334,-0.0177756,0.9999
-0.546956,-0.416772,0.300847,0.999899
-0.530292,0.724837,0.310064,0.9999
0.388128,0.549366,0.69494,0.9999
-0.302507,0.573338,0.652292,0.9999
0.0790007,-0.0118719,-0.315402,0.9999
-0.120791,0.171633,-0.613577,0.999899
-0.435941,0.512229,0.155524,0.9999
0.245233,-0.809264,0.23706,0.9999
-0.828031,-0.0906822,-0.493259,0.9999
-0.552938,0.0853808,-0.398657,0.9999
0.34833,0.273718,-0.649373,0.9999
-0.273415,0.0563578,0.949836,0.9999
0.659572,0.560687,0.00383973,0.9999
-0.37945,-0.321845,-0.0207249,0.999899
0.542583,0.730829,0.0988159,0.999899
-0.663885,-0.162203,-0.378207,0.9999
0.0612262,0.659133,0.586619,0.9999
0.0831854,0.207128,0.484824,0.9999
0.0754696,-0.779522,-0.480608,0.9999
-0.488705,0.0913244,-0.0529839,0.999899
-0.155953,-0.0705394,-0.152323,0.9999
0.734106,-0.540395,0.268566,0.999901
-0.285508,0.714753,-0.146515,0.9999
0.0863289,0.964879,0.247503,0.9999
0.660649,0.622986,-0.264913,0.9999
0.290169,0.0991893,0.269928,0.9999
0.246898,-0.249829,-0.5672,0.9999
-0.673443,0.0641983,-0.623639,0.9999
-0.296801,0.781125,-0.0975906,0.999901
-0.533623,0.5012,-0.477207,0.9999
-0.184213,-0.0649122,-0.309964,0.9999
0.359108,0.425742,0.363466,0.9999
-0.821299,-0.360942,0.382224,0.9999
0.346116,0.443232,-0.451392,0.999899
-0.499132,0.00827788,-0.247378,0.999901
0.490457,0.308811,0.701737,0.9999
-0.137982,-0.290301,0.846496,0.9999
-0.159039,-0.19376,-0.438285,0.9999
0.740887,0.0123328,0.0637906,0.9999
-0.0533839,-0.794759,-0.267676,0.999901
-0.021178,0.678739,-0.100461,0.9999
0.00431662,0.829088,0.538003,0.9999
-0.0254149,0.0496161,-0.213358,0.9999
0.125713,0.851448,0.331236,0.999899
-0.120715,-0.25213,0.464192,0.9999
0.343203,0.309037,-0.347472,0.9999
0.311896,-0.0928112,-0.221363,0.999901
-0.278739,0.240231,-0.18247,0.9999
-0.569357,-0.211503,0.17035,0.999901
0.6075,-0.145889,0.465553,0.999899
-0.415264,0.617658,-0.113061,0.9999
0.267037,-0.5859,-0.242246,0.9999
-0.743561,-0.165134,0.0848694,0.999899
-0.219727,0.0751029,0.217499,0.9999
0.876624,0.268365,0.249205,0.9999
-0.0780041,0.634174,-0.52511,0.9999
-0.710719,0.487931,-0.196565,0.9999
0.191509,0.0783648,0.584932,0.9999
-0.333306,-0.182485,0.651068,0.9999
0.609809,-0.222069,0.172853,0.999899
-0.418306,-0.347703,-0.480284,0.9999
0.127988,-0.362334,0.337051,0.9999
0.276659,0.0110638,-0.465355,0.9999
0.376643,-0.246174,-0.0127483,0.9999
0.470626,-0.219065,0.236801,0.999899
-0.00458929,-0.41766,-0.570797,0.9999
-0.152079,0.0317396,0.294215,0.9999
0.0237952,-0.206964,-0.770713,0.9999
0.532225,0.135544,0.3415,0.999901
0.727262,0.15007,0.02966,0.9999
-0.751868,-0.349794,-0.40612,0.999901
0.11154,-0.552766,-0.769443,0.999899
-0.178047,0.378597,-0.432371,0.9999
0.386014,0.304274,-0.673928,0.9999
0.782647,-0.587464,-0.0881502,0.9999
-0.0795354,0.819753,0.378025,0.9999
0.80309,-0.207323,0.122121,0.9999
0.00661353,-0.511906,0.808108,0.9999
0.45192,-0.519248,-0.495684,0.9999
0.348061,-0.0179603,0.797397,0.999901
0.270416,-0.652072,-0.113064,0.9999
-0.293786,0.379177,0.505718,0.9999
0.684388,-0.287001,0.152697,0.9999
0.659817,-0.657909,-0.293674,0.9999
-0.255474,0.0852381,-0.368463,0.9999
0.179328,0.808763,0.553988,0.999899
0.622457,0.510089,-0.359138,0.9999
0.591567,0.601636,0.0886184,0.9999
0.10063,-0.185817,0.569406,0.9999
-0.0714326,-0.32871,0.818402,0.999901
0.518846,-0.0074047,0.3361,0.999899
-0.199811,-0.0717622,0.877408,0.999901
-0.29629,-0.163219,0.852399,0.9999
-0.3649,-0.752073,0.177324,0.9999
-0.779819,-0.0320576,0.474433,0.9999
-0.174108,0.056914,0.0534047,0.9999
-0.525228,-0.670171,-0.200205,0.9999
-0.555351,0.641003,-0.48356,0.999901
-0.172295,-0.145031,0.0209544,0.9999
0.302063,-0.2944,0.0407,0.9999
-0.264983,0.393505,-0.568086,0.9999
0.433479,0.174222,-0.196548,0.9999
0.893934,-0.0812731,0.360786,0.9999
-0.411317,-0.100579,-0.83192,0.9999
0.57326,0.00962631,0.367589,0.9999
0.0888166,-0.273079,0.41974,0.999899
0.497478,0.374947,0.0773681,0.999901
-0.239504,0.832099,0.324711,0.9999
0.181938,0.352912,-0.524832,0.9999
0.627305,-0.033196,-0.491907,0.9999
0.544556,0.488786,-0.264554,0.9999
-0.289646,0.402115,-0.605441,0.9999
-0.767658,0.0053489,0.412652,0.9999
0.304187,-0.93163,0.0373993,0.999901
-0.296828,-0.225062,0.378917,0.9999
-0.418942,0.180058,-0.726387,0.9999
0.448651,0.882334,-0.103938,0.9999
0.714271,0.0673621,0.252516,0.999901
0.502908,-0.758006,0.296084,0.9999
0.781224,0.338622,0.408358,0.9999
0.206658,0.37704,0.255943,0.9999
-0.0908793,0.405555,-0.447763,0.9999
0.315316,0.393823,-0.84875,0.999901
0.637405,0.299742,0.222542,0.9999
-0.322261,0.197319,-0.50682,0.999899
-0.00103191,0.480014,0.0743646,0.9999
-0.441242,-0.213057,-0.0177643,0.9999
-0.938583,0.017627,-0.342508,0.999899
-0.0319328,-0.248381,-0.457522,0.9999
-0.415559,0.370626,0.120978,0.999901
-0.283081,0.730856,0.124603,0.9999
0.496923,-0.159424,0.493252,0.9999
-0.106146,-0.458314,0.0966654,0.9999
-0.268996,-0.322655,-0.619703,0.999901
0.333536,0.311509,-0.446809,0.9999
0.659621,-0.588861,-0.334363,0.9999
0.317408,0.425598,0.306992,0.9999
0.0756423,0.678288,0.128744,0.999899
0.0431633,0.0175185,-0.810825,0.9999
-0.800395,0.412879,0.265174,0.9999
0.227931,-0.662546,0.207902,0.999901
0.58131,0.637762,0.297831,0.9999
-0.52554,0.0170641,0.289045,0.9999
-0.243223,0.216214,-0.489271,0.9999
-0.2188,0.226337,-0.905781,0.9999
0.516588,-0.297604,-0.534166,0.999901
-0.179804,-0.801217,-0.0296433,0.999899
-0.704836,-0.253596,-0.242792,0.999899
0.603805,0.442147,-0.376323,0.9999
-0.0712822,-0.361163,0.500199,0.9999
-0.00690527,-0.0255522,-0.11757,0.9999
0.359794,0.545449,-0.550493,0.9999
-0.289314,-0.000987333,0.00346287,0.9999
0.252082,-0.0484714,0.900452,0.9999
0.345951,0.442574,-0.193453,0.999901
0.136868,0.720717,-0.480468,0.9999
-0.0614683,0.210745,-0.780373,0.9999
0.0367953,-0.340658,0.322304,0.9999
0.634422,-0.146277,0.388965,0.999899
-0.492944,-0.230747,0.654886,0.9999
0.899387,0.17891,0.219165,0.9999
-0.607395,-0.385548,-0.39789,0.9999
0.407114,0.330549,0.68138,0.9999
0.0139947,0.590901,0.64699,0.9999
0.591601,-0.0296788,0.409659,0.9999
0.318068,-0.747758,0.0448166,0.999901
-0.38931,0.374477,0.407997,0.9999
0.336233,-0.370379,0.677068,0.9999
-0.0111694,-0.0606539,-0.666139,0.9999
0.685097,-0.141424,-0.375383,0.9999
-0.306983,-0.929117,-0.101757,0.999899
-0.0144153,0.385239,-0.864061,0.9999
0.728159,-0.215475,0.548962,0.9999
0.770376,0.0957428,-0.329331,0.9999
0.312972,0.919293,0.0837437,0.9999
0.00784515,-0.261193,0.914665,0.9999
0.201953,-0.264468,0.362553,0.9999
-0.265431,0.360565,-0.373689,0.999899
-0.250056,-0.538213,0.208788,0.9999
-0.491301,0.573167,-0.0623295,0.9999
0.608437,0.0947802,-0.637466,0.999899
0.307092,0.0243139,-0.0198466,0.9999
0.813953,0.177866,0.382814,0.9999
-0.220559,-0.141779,0.502678,0.9999
0.173901,-0.459225,0.582736,0.999899
-0.35177,0.64636,0.478564,0.9999
-0.23036,-0.255357,0.14269,0.9999
-0.103304,-0.0957903,0.445341,0.9999
0.753887,-0.00439953,0.389984,0.999899
0.058471,-0.10492,0.956732,0.9999
0.0776422,-0.131284,0.856692,0.9999
-0.856885,0.361917,0.133985,0.9999
-0.0678258,-0.597109,-0.273415,0.9999
-0.273798,-0.136146,-0.275651,0.9999
0.462362,-0.529077,-0.57568,0.9999
0.715865,0.666708,-0.0487844,0.9999
0.238448,-0.0278101,0.106227,0.9999
0.302091,0.0745837,0.31698,0.9999
-0.266398,0.656382,-0.614315,0.9999
-0.852922,-0.364081,0.30121,0.999901
-0.219187,0.399885,-0.842867,0.9999
0.468472,-0.244133,-0.189269,0.999899
-0.169468,-0.0915737,0.0836175,0.9999
0.0407684,0.406654,-0.262173,0.999901
0.0988632,-0.0795178,-0.0944762,0.9999
-0.0742179,-0.821855,0.257119,0.9999
-0.653506,-0.134677,0.108515,0.9999
0.11596,-0.934483,0.190424,0.9999
0.161001,0.901911,0.14021,0.999899
0.480125,-0.269699,-0.0845385,0.9999
-0.0110808,-0.499622,0.205483,0.9999
0.515547,0.207572,-0.651151,0.9999
0.24131,-0.669378,0.207667,0.9999
0.467862,0.266055,-0.0490803,0.9999
0.757316,0.227033,-0.51035,0.999901
-0.327599,0.765837,-0.158182,0.999901
-0.164644,-0.877295,0.0160475,0.999901
-0.227961,0.425711,0.831607,0.9999
-0.0135019,-0.534615,0.470329,0.9999
0.0503409,-0.956716,-0.064355,0.9999
0.139735,0.74913,0.368002,0.9999
0.609855,-0.0142832,0.718181,0.9999
-0.330055,-0.817893,0.181743,0.9999
-0.291965,0.0469996,-0.0624757,0.9999
0.604011,-0.121295,-0.532625,0.9999
-0.546046,-0.355737,0.571228,0.9999
0.0824174,0.0161962,-0.527009,0.9999
0.710706,-0.43579,0.169969,0.9999
-0.238845,-0.497013,0.2002,0.9999
-0.354747,-0.152255,0.132365,0.9999
-0.562759,-0.117916,0.264178,0.9999
-0.331842,-0.219433,0.209037,0.999901
0.204959,-0.67787,0.516269,0.9999
-0.589171,0.380857,-0.1031,0.9999
0.319234,-0.0770643,-0.157805,0.999899
0.16151,0.57111,-0.470547,0.9999
-0.0520251,-0.6169,-0.0419797,0.9999
-0.196814,0.0604136,0.261182,0.999901
0.514073,0.148714,0.173523,0.9999
0.718097,0.137104,0.328833,0.9999
-0.776731,0.365031,-0.438281,0.9999
0.535798,-0.420581,0.278666,0.9999
0.497656,0.0761439,0.474742,0.999901
-0.0383436,-0.00187548,0.379839,0.999899
-0.565929,-0.180303,0.797768,0.9999
0.380885,-0.509466,-0.70105,0.9999
-0.808759,-0.279027,0.0816967,0.9999
-0.304785,0.43108,-0.677226,0.9999
-0.281857,0.41526,0.019068,0.999901
0.308324,-0.290752,0.887908,0.9999
0.879444,-0.202451,0.339748,0.999899
0.104801,-0.169088,-0.487816,0.9999
-0.936331,-0.2947,0.11147,0.9999
-0.240917,0.32604,-0.131079,0.9999
0.184004,0.636706,-0.28725,0.9999
-0.30205,0.448203,0.289571,0.9999
-0.479419,0.0111567,0.590491,0.9999
0.571287,-0.273176,-0.662721,0.9999
0.138954,-0.0096017,-0.823245,0.9999
0.575188,-0.468473,0.338825,0.9999
0.0522966,-0.447835,-0.514072,0.9999
0.0652971,-0.400342,0.314381,0.9999
-0.266743,0.599699,-0.482661,0.9999
0.279902,0.50734,0.668341,0.9999
-0.46218,0.365717,-0.785626,0.999899
0.483416,-0.672937,-0.337716,0.999899
0.10395,0.37062,0.469979,0.9999
0.155746,0.491634,-0.334893,0.9999
-0.942527,-0.230485,-0.0504351,0.9999
-0.307152,0.732423,0.342297,0.999901
-0.617442,-0.636302,0.359146,0.9999
-0.604882,-0.0530452,0.562784,0.9999
-0.31613,-0.0489476,-0.78176,0.9999
-0.150479,0.500727,0.323947,0.999901
0.332853,0.0391646,0.252958,0.999899
-0.431749,-0.0498878,-0.778417,0.999901
0.633794,0.506978,-0.554216,0.9999
0.538992,0.626651,0.19898,0.9999
0.0381644,-0.230279,0.100423,0.9999
-0.580332,0.403488,0.253626,0.999899
-0.114848,-0.137744,-0.900353,0.9999
0.17919,0.831545,0.116652,0.9999
0.439377,0.219539,0.759876,0.999899
0.544739,0.586235,0.474864,0.999899
0.110497,0.417832,-0.651252,0.9999
-0.618347,-0.0088325,-0.0285576,0.999899
0.690926,0.551819,0.0661307,0.9999
0.330993,0.608626,-0.0982383,0.9999
-0.352814,0.325804,0.30407,0.9999
-0.490768,-0.687372,0.339485,0.9999
0.366294,-0.0290707,-0.73244,0.9999
0.280733,-0.850181,-0.403318,0.9999
-0.194595,0.228883,0.291305,0.9999
0.426669,0.390561,-0.678935,0.9999
-0.291866,-0.294044,-0.238973,0.999899
0.90595,-0.141379,0.203005,0.9999
-0.655514,-0.306802,0.421468,0.9999
0.66459,0.035563,-0.216883,0.999901
-0.606262,-0.70669,-0.184268,0.9999
-0.527547,-0.107972,-0.668313,0.9999
0.249061,0.691095,0.185493,0.999899
0.223539,0.663229,-0.156525,0.999899
0.332786,-0.323968,0.666628,0.9999
0.15336,0.412523,-0.434951,0.999901
0.127274,0.654426,-0.535503,0.9999
-0.349984,-0.73717,-0.307126,0.9999
-0.259327,-0.747788,0.260382,0.9999
-0.372103,0.116722,-0.31251,0.999899
-0.030976,0.402521,-0.52381,0.9999
-0.338798,0.0583563,0.25623,0.9999
-0.685918,0.28355,0.646084,0.999901
-0.0451662,0.0525573,0.313234,0.9999
-0.235281,-0.0484931,0.854949,0.9999
-0.278687,-0.341796,-0.346573,0.9999
-0.712412,0.42716,-0.121122,0.9999
0.727495,-0.590093,-0.290586,0.9999
0.559669,0.399951,-0.335012,0.999901
0.168036,-0.839018,0.17069,0.9999
-0.229944,-0.00546139,0.443861,0.9999
0.574808,0.0415488,0.178089,0.999901
0.531849,-0.161395,-0.582792,0.9999
-0.328192,-0.22794,0.749508,0.999901
0.507026,-0.354956,0.172869,0.9999
0.504573,0.498867,0.196968,0.9999
0.831261,-0.449779,0.0747532,0.999901
0.184533,-0.228778,0.548403,0.9999
-0.804234,0.290513,-0.46668,0.9999
-0.822339,0.101925,-0.439076,0.9999
-0.291594,-0.266012,-0.723365,0.9999
0.108089,-0.879838,0.055976,0.9999
-0.466676,0.0592261,0.647869,0.999899
-0.0128093,0.512534,0.419926,0.9999
0.0202836,-0.272225,0.0615673,0.9999
-0.602455,0.312447,0.00633467,0.9999
0.719912,-0.246403,-0.569264,0.9999
0.604754,0.676083,0.0637237,0.9999
0.164363,0.507966,0.404476,0.9999
-0.379533,0.768289,-0.472355,0.9999
-0.0255282,0.0525735,0.0630029,0.9999
-0.195154,0.422643,-0.298363,0.9999
0.215475,0.428809,-0.736458,0.9999
0.00206809,0.617255,0.681169,0.9999
-0.202353,-0.467841,-0.0670134,0.9999
0.191608,0.0895313,-0.852219,0.9999
-0.248124,-0.774276,0.559595,0.9999
-0.960655,-0.208438,-0.0818096,0.9999
-0.499904,0.273419,-0.463329,0.9999
-0.178388,0.626829,0.17681,0.999901
-0.574838,0.355972,0.122437,0.999901
0.752814,0.143965,0.139245,0.9999
-0.297118,0.116845,0.508048,0.9999
0.801769,0.2413,-0.403394,0.999901
0.49773,-0.0410433,-0.529837,0.9999
0.309795,-0.500581,0.0767229,0.9999
0.810153,-0.52208,-0.175962,0.9999
0.443428,0.215027,0.560101,0.9999
0.647415,0.0958038,-0.0554753,0.9999
0.278054,0.368554,-0.16366,0.9999
0.699952,0.159358,-0.63749,0.9999
-0.237931,0.431277,0.524935,0.9999
-0.143901,-0.489766,-0.539685,0.9999
-0.0709587,-0.496591,0.70727,0.9999
-0.571331,-0.0866719,0.306444,0.9999
0.3714,-0.0449127,0.621355,0.999899
0.020156,0.18022,-0.42881,0.9999
-0.572327,-0.256295,0.19855,0.9999
-0.497229,-0.405507,-0.0926976,0.9999
-0.210237,0.233157,-0.0508589,0.9999
-0.269088,-0.7474,-0.379526,0.9999
-0.75969,0.428871,0.185306,0.9999
0.256269,-0.190785,-0.492001,0.9999
-0.0534954,0.0807613,0.761642,0.9999
-0.339728,0.516735,-0.228717,0.999899
0.781699,-0.16883,-0.327434,0.9999
0.158538,-0.281303,0.099229,0.9999
-0.0885995,-0.545318,0.807921,0.9999
-0.862063,-0.121449,0.0984364,0.999899
-0.418599,-0.2703,0.347889,0.999899
0.556792,-0.762523,0.147121,0.9999
-0.202607,0.257319,0.58282,0.9999
-0.215134,-0.697445,0.572676,0.9999
0.792844,0.143619,-0.173205,0.999901
-0.505149,0.0862753,-0.82731,0.9999
0.331083,-0.295681,-0.616711,0.9999
-0.791941,0.0257823,0.525367,0.999899
0.0947524,0.735957,-0.00182383,0.9999
-0.314509,-0.114414,-0.148681,0.9999
-0.800279,0.539922,-0.101339,0.9999
0.0496415,0.0836094,-0.983294,0.999901
-0.145514,0.273716,-0.678211,0.9999
-0.194099,0.402258,-0.54402,0.9999
0.149446,-0.0272481,-0.715544,0.9999
-0.280483,-0.864915,-0.199736,0.9999
-0.425282,0.495559,-0.417713,0.9999
0.329694,-0.496409,0.493625,0.9999
-0.750001,0.211082,0.080274,0.9999
-0.595619,-0.143996,0.631672,0.9999
0.690768,0.0626441,0.0591823,0.9999
-0.236702,-0.0102826,-0.134622,0.9999
-0.57653,-0.734871,0.156156,0.9999
0.501441,-0.293567,0.0266046,0.9999
-0.236668,-0.0689411,-0.169415,0.999901
0.786517,-0.502773,0.192966,0.9999
-0.65482,-0.368404,0.447487,0.9999
0.859843,-0.109486,-0.316905,0.9999
0.743544,-0.187064,-0.0329012,0.9999
0.132609,0.351618,-0.620063,0.999899
-0.890794,-0.319842,0.0934182,0.999901
0.237217,0.197216,0.330974,0.9999
-0.644915,-0.129195,-0.0247026,0.9999
0.698889,0.269303,0.477176,0.999899
0.392137,-0.44747,-0.0142922,0.9999
-0.295397,0.174098,0.752431,0.999899
-0.159686,0.590703,-0.405196,0.9999
0.430131,-0.322789,-0.667232,0.999901
0.219311,0.0673889,0.187783,0.9999
0.0943378,-0.860934,-0.16575,0.9999
-0.578139,-0.265491,0.448779,0.9999
0.267133,-0.709416,0.348387,0.9999
0.514819,-0.262436,-0.239693,0.9999
0.811728,-0.106468,0.253984,0.9999
-0.35404,0.331742,0.300325,0.999901
-0.0891655,0.767896,0.0184092,0.999899
-0.0421155,0.784102,0.219404,0.999899
-0.184515,-0.197504,0.601887,0.9999
-0.311448,-0.61707,0.63361,0.9999
-0.427469,0.59607,0.0298068,0.9999
0.460645,0.0721638,0.857662,0.9999
-0.161513,0.277553,-0.639666,0.9999
0.0235887,0.424618,0.0129324,0.9999
0.589315,0.779137,0.0387639,0.9999
-0.0402865,-0.152022,0.466394,0.9999
0.169592,-0.734809,-0.380413,0.9999
0.490579,0.182047,0.0613965,0.9999
-0.148771,0.296095,0.731124,0.9999
-0.47533,0.389842,-0.503534,0.9999
-0.08205,-0.415158,-0.0761093,0.9999
0.65298,0.374527,0.227281,0.999899
-0.573651,-0.13453,0.461002,0.9999
0.784936,-0.307876,0.488336,0.9999
-0.0893873,-0.636602,0.119426,0.9999
-0.430203,0.707981,0.0313262,0.9999
0.0293769,0.454556,-0.311344,0.9999
-0.677642,-0.487975,-0.164429,0.9999
0.413921,0.777368,0.377702,0.9999
0.251535,0.452918,0.50418,0.9999
0.756521,-0.112109,-0.641591,0.9999
-0.0430651,0.434687,0.877189,0.9999
0.636637,-0.352958,0.444577,0.999899
-0.6376,0.636496,0.0204946,0.999899
-0.476987,0.452565,0.268888,0.9999
-0.161988,0.969416,0.0143743,0.9999
-0.148057,-0.370534,-0.416667,0.9999
-0.6823,-0.0253956,0.231461,0.9999
-0.254589,-0.804833,-0.0406022,0.9999
-0.0560263,-0.78235,0.257259,0.999899
-0.00115385,-0.212087,-0.25027,0.9999
0.464338,0.218693,-0.394314,0.9999
0.733317,-0.20461,0.440795,0.9999
-0.241813,-0.368218,-0.163786,0.999899
-0.29355,0.291462,-0.505121,0.9999
-0.615544,-0.330905,-0.628266,0.999901
-0.192364,0.895243,-0.378447,0.9999
0.103161,-0.366581,-0.69237,0.999901
-0.613348,0.0485179,0.141968,0.9999
-0.188188,0.661413,0.380834,0.9999
0.0521093,0.32332,0.878792,0.999899
0.708586,0.0592753,-0.0995745,0.9999
-0.00865378,-0.821942,-0.249332,0.999901
0.532595,0.127165,-0.628354,0.9999
-0.745973,-0.311795,0.111794,0.9999
-0.551424,0.267019,-0.277722,0.9999
0.0491514,0.595526,-0.150019,0.9999
-0.483341,-0.206521,0.849086,0.999899
0.102221,-0.549302,-0.0723504,0.9999
0.461315,-0.331521,0.175076,0.9999
0.704174,0.0139631,-0.307974,0.999901
-0.0349877,0.525518,0.202183,0.9999
-0.0453574,-0.451592,-0.512986,0.9999
0.210778,-0.191165,0.841133,0.999899
0.0445133,0.123905,-0.371989,0.999899
0.217292,-0.070873,-0.658583,0.9999
-0.347216,0.482047,0.130259,0.9999
-0.315206,0.140955,-0.500011,0.9999
0.831652,-0.161304,-0.0668847,0.9999
-0.586811,0.237659,-0.633799,0.9999
-0.236963,-0.396166,0.744851,0.9999
0.847309,0.211121,0.201561,0.9999
0.0274205,0.106651,0.255843,0.999901
0.299327,0.363704,-0.325738,0.9999
0.485408,-0.359696,0.142019,0.9999
-0.491953,-0.579898,0.147641,0.9999
-0.585918,0.776494,0.128764,0.9999
-0.164127,-0.365837,0.807287,0.9999
-0.109312,-0.558344,-0.492181,0.9999
-0.50548,-0.00886315,0.554003,0.999899
0.638495,-0.334735,0.264544,0.9999
-0.344492,0.00602604,-0.933967,0.9999
0.391125,0.268978,-0.776397,0.9999
-0.464879,0.140264,-0.545439,0.9999
-0.71683,-0.41252,0.00420861,0.9999
0.795711,0.219788,0.339943,0.999901
-0.139953,0.88071,0.0278574,0.9999
0.0698427,0.373559,-0.825768,0.9999
0.826908,-0.374199,-0.140835,0.9999
-0.331997,-0.608817,-0.696243,0.9999
-0.0560267,-0.464094,-0.131023,0.9999
0.64533,0.560565,0.118174,0.9999
-0.295669,-0.533163,0.378788,0.9999
0.0942314,0.144186,0.691526,0.9999
-0.399869,-0.586916,-0.455093,0.9999
0.0191934,0.552702,-0.657634,0.999899
-0.181591,-0.311892,-0.771173,0.999901
0.150442,0.284998,-0.102667,0.9999
0.386141,0.438136,0.0642105,0.999899
0.75434,-0.353763,0.540072,0.9999
0.297661,-0.755687,0.132611,0.9999
-0.599253,-0.106545,-0.107909,0.9999
-0.055834,0.973958,0.164886,0.9999
0.1914,-0.62087,0.186554,0.9999
0.37133,0.524368,-0.753872,0.999899
0.445741,-0.212147,-0.37157,0.999899
0.163385,-0.595373,-0.500889,0.9999
0.251749,-0.764291,0.415656,0.9999
0.550583,0.0191507,0.0330235,0.9999
0.377307,-0.37625,-0.639286,0.9999
0.171743,0.0628735,0.224165,0.9999
-0.113666,0.177674,-0.71864,0.9999
-0.513879,0.608469,0.113015,0.9999
-0.0210353,-0.0223204,0.718072,0.999901
-0.027901,-0.807226,0.165487,0.9999
0.530253,0.0996739,-0.0722686,0.9999
0.206324,0.341918,-0.80994,0.9999
-0.615783,-0.11245,0.16807,0.9999
0.100523,0.285219,0.185276,0.9999
0.592043,0.413405,-0.04318,0.9999
-0.234975,0.842626,-0.168128,0.9999
-0.222297,0.253042,0.0164559,0.999899
-0.599554,0.262521,0.411897,0.999901
0.510616,-0.608727,0.0947961,0.9999
-0.169057,0.113584,0.197703,0.9999
0.0326808,-0.605852,-0.078102,0.9999
0.0231591,0.480176,0.566441,0.9999
0.630812,0.386456,-0.533891,0.9999
-0.109468,-0.524165,0.542296,0.9999
0.809059,-0.125456,-0.297749,0.999901
0.102887,0.537848,0.766993,0.999901
-0.642234,0.328582,0.578604,0.9999
-0.244375,-0.319302,0.291411,0.9999
0.873994,0.164532,-0.118592,0.9999
-0.318392,0.146951,-0.864371,0.9999
0.258,-0.904071,0.0646207,0.9999
0.667882,0.665332,-0.288616,0.999901
-0.666213,0.0557363,-0.280979,0.9999
-0.404643,0.0074553,0.364538,0.9999
0.833055,0.201397,-0.0477718,0.999901
0.474347,0.286346,0.538431,0.9999
0.740113,0.49677,-0.291815,0.9999
0.116519,-0.176181,0.352383,0.999899
0.533531,0.82021,-0.0776112,0.9999
0.240606,0.387347,-0.127513,0.9999
-0.354615,0.158364,-0.779482,0.9999
0.495643,-0.177164,0.725464,0.9999
-0.21849,0.141252,0.22426,0.9999
0.25117,0.0700575,-0.0801064,0.9999
-0.30684,-0.427137,0.0775827,0.9999
0.121461,0.322247,-0.47279,0.9999
-0.1782,0.226476,0.813854,0.9999
-0.285157,-0.0855056,0.374286,0.9999
-0.298874,-0.39267,-0.0914053,0.9999
0.477771,0.664013,-0.345479,0.9999
-0.287769,-0.129809,0.164474,0.999899
-0.38958,0.694546,-0.603114,0.9999
0.736777,0.0199193,-0.435371,0.999899
-0.37358,0.242868,-0.19232,0.9999
0.188506,0.43814,0.0410747,0.9999
0.803746,-0.0851795,0.444982,0.9999
-0.363459,0.434402,-0.0805824,0.9999
0.652901,-0.277381,-0.565747,0.9999
0.741904,-0.245611,-0.01614,0.9999
-0.325056,-0.174218,0.475127,0.9999
-0.249987,0.40141,0.851475,0.9999
0.300902,-0.101923,-0.881283,0.999901
-0.269447,-0.792305,0.0129319,0.9999
0.594946,0.0207618,0.619106,0.9999
-0.0133632,0.528262,0.0762931,0.999899
0.383163,-0.225043,0.775323,0.999899
0.668379,-0.253137,-0.311134,0.999901
-0.0481773,-0.362088,-0.442626,0.9999
-0.214208,-0.511474,-0.072901,0.9999
0.176801,-0.931646,0.164254,0.9999
0.469821,-0.377582,0.702727,0.9999
0.354872,-0.55175,-0.500155,0.999899
-0.101562,-0.493716,0.235463,0.999899
-0.678551,-0.314789,0.229217,0.9999
0.475395,-0.269266,-0.13093,0.9999
0.483292,0.672665,-0.47401,0.9999
0.0664053,-0.25825,-0.0418945,0.9999
0.392868,-0.0396964,-0.578474,0.9999
0.247423,0.877874,-0.0787634,0.9999
0.34186,-0.43371,0.515679,0.9999
-0.0140539,-0.339103,0.695226,0.9999
0.0679606,-0.7068,-0.278228,0.9999
0.483129,0.720259,0.161171,0.9999
-0.271227,-0.321219,0.878606,0.9999
-0.561469,-0.0325441,-0.581035,0.999899
0.216516,0.247969,-0.518744,0.999899
-0.532455,-0.12194,0.708428,0.999901
-0.217511,0.389798,-0.5688,0.9999
-0.482913,0.82644,-0.0826881,0.9999
-0.359291,-0.58402,-0.579192,0.999899
-0.184816,0.518846,-0.813757,0.9999
0.0490025,-0.205187,-0.81629,0.999901
0.391539,-0.660586,0.300087,0.9999
-0.246764,0.341444,-0.463941,0.999901
-0.736425,-0.466579,-0.478372,0.9999
0.538628,0.118285,-0.191259,0.9999
-0.0492433,-0.310377,0.718248,0.9999
0.636802,-0.546039,0.513168,0.9999
0.95541,0.224519,-0.127717,0.9999
-0.475283,-0.628945,-0.520704,0.9999
0.558938,-0.210341,-0.705904,0.9999
-0.131322,0.252312,-0.583997,0.9999
0.10553,-0.478334,-0.200953,0.9999
0.418643,-0.822045,0.093524,0.9999
0.133909,-0.132963,-0.507825,0.999901
0.445989,-0.511845,0.202971,0.9999
-0.264289,0.429626,0.0196296,0.9999
-0.51485,-0.181277,-0.0269008,0.9999
0.605919,-0.759133,-0.0944739,0.9999
0.0340081,0.797527,0.371112,0.9999
0.0513546,-0.102663,-0.908544,0.9999
-0.101127,0.786078,-0.2908,0.9999
-0.114523,0.141044,0.563621,0.9999
-0.0715728,-0.518099,0.425527,0.9999
0.62232,-0.179132,-0.175141,0.999901
0.77409,0.469008,-0.234498,0.9999
0.0104221,0.334012,-0.282398,0.9999
-0.360739,0.0313986,-0.505914,0.9999
0.00763654,-0.470212,-0.427014,0.9999
0.104017,-0.405453,0.318792,0.9999
0.0354691,0.292355,-0.148315,0.999899
-0.581486,-0.676127,0.159121,0.9999
-0.834349,0.126192,0.205195,0.9999
-0.892443,-0.322259,-0.239611,0.9999
-0.0251451,-0.0354697,0.344008,0.9999
0.271198,-0.662872,-0.568437,0.999901
0.105111,-0.613884,0.020891,0.9999
-0.914335,0.205841,0.0908938,0.9999
-0.163613,-0.0141672,0.716723,0.999901
-0.376707,0.309517,0.72813,0.9999
0.515912,-0.0134612,-0.520032,0.9999
-0.608168,-0.0210656,0.249031,0.9999
-0.497755,-0.596597,-0.0754314,0.9999
-0.179208,0.775047,-0.382447,0.9999
0.196421,0.0686219,-0.704218,0.999901
0.0488133,-0.292288,-0.929836,0.9999
-0.0254868,0.803737,-0.15913,0.9999
0.0559864,-0.0489938,0.183471,0.9999
-0.558481,0.580772,0.514026,0.9999
-0.708927,-0.130942,0.282908,0.999899
-0.104419,-0.0983918,0.261694,0.9999
-0.140709,0.159529,-0.176304,0.9999
0.627957,-0.179629,-0.490315,0.9999
-0.138244,0.262733,-0.259712,0.9999
0.17661,0.768704,-0.185437,0.9999
0.461942,-0.710419,0.366499,0.9999
0.00218114,0.254531,0.360706,0.999899
0.259966,0.383673,0.220353,0.9999
-0.380352,-0.166694,0.617593,0.9999
0.320835,0.384016,-0.810912,0.9999
0.813578,-0.0940616,0.486776,0.9999
0.0873279,-0.722467,0.0824517,0.999899
-0.443145,0.432908,-0.125636,0.9999
-0.568579,-0.0490922,-0.516189,0.999899
-0.682432,0.425318,-0.401207,0.9999
-0.480788,0.580754,-0.10181,0.9999
-0.0614214,0.615445,-0.290973,0.9999
-0.51897,0.461016,-0.658592,0.9999
-0.0903179,-0.431765,0.559174,0.9999
-0.29361,0.746403,-0.354794,0.9999
-0.252391,0.279097,-0.250993,0.999901
-0.506312,-0.207631,0.745719,0.9999
0.0516826,0.454147,0.00606068,0.9999
-0.242665,0.516046,0.799832,0.9999
-0.00110158,0.564414,0.668127,0.999899
-0.574291,-0.0703694,-0.0661705,0.9999
-0.607973,0.402899,0.00658461,0.9999
-0.0813911,0.189871,-0.00763299,0.9999
-0.196,0.782695,-0.0647184,0.9999
0.15939,-0.846895,0.399892,0.9999
-0.0889794,-0.536481,0.378109,0.9999
-0.668285,-0.307858,0.231668,0.9999
0.290766,-0.103015,0.761133,0.999901
-0.644595,-0.150483,-0.724481,0.9999
-0.733795,-0.389866,-0.123727,0.9999
-0.826,0.261881,-0.341605,0.9999
-0.474343,-0.424449,0.357023,0.9999
0.453917,0.411477,-0.0564034,0.9999
-0.176597,0.113329,0.221699,0.9999
0.0259679,-0.474073,-0.0909559,0.999899
0.0422366,0.80968,0.478893,0.9999
0.0653085,0.467413,0.286106,0.9999
-0.128291,0.449443,-0.761862,0.9999
-0.28509,-0.626521,-0.584291,0.9999
0.233229,-0.773106,0.00488453,0.9999
0.173934,0.15948,-0.909679,0.9999
0.6559,0.161782,-0.636714,0.999901
0.152162,0.259064,0.153565,0.9999
0.0591893,0.236223,-0.148718,0.9999
-0.0650855,-0.306363,0.920011,0.9999
-0.46342,0.392122,-0.0210259,0.9999
-0.0737062,-0.849274,-0.512783,0.9999
-0.735777,0.112409,-0.276489,0.9999
-0.180189,0.0699494,0.216653,0.999899
0.499907,0.364829,0.111852,0.9999
0.428037,-0.201166,0.572259,0.999899
0.446204,0.521582,-0.390485,0.9999
-0.0589429,-0.274821,0.479881,0.999901
-0.475209,-0.458181,0.554548,0.9999
0.487577,-0.196365,-0.731773,0.999901
0.453926,-0.412755,-0.514259,0.999901
-0.957554,0.0276117,-0.241694,0.9999
0.661883,0.560845,0.115594,0.9999
0.0314157,0.801364,0.401872,0.9999
0.220918,-0.730569,0.239564,0.999899
0.093225,0.503012,-0.317615,0.9999
-0.747846,0.00867569,-0.0456415,0.9999
-0.0864569,0.71651,0.586264,0.999901
-0.787657,-0.376324,-0.340846,0.9999
0.436555,0.582066,0.0055163,0.9999
-0.0897554,-0.325267,-0.292393,0.999901
-0.4099,-0.600289,0.42296,0.9999
0.245353,0.694718,0.488642,0.9999
-0.331126,-0.298108,-0.00460113,0.9999
0.170725,0.0798131,0.885396,0.9999
-0.622381,-0.198296,0.181909,0.9999
0.108356,0.433106,0.448899,0.999901
-0.189354,-0.514914,0.0196386,0.9999
0.520688,0.0167324,-0.0409966,0.9999
-0.568884,0.19813,-0.705425,0.9999
-0.802455,0.196661,-0.343636,0.9999
-0.910412,-0.160689,0.351356,0.999901
-0.469734,0.231516,-0.397147,0.9999
-0.00229514,0.676219,-0.0928132,0.9999
-0.437141,0.677355,0.563609,0.9999
0.780376,-0.00189477,0.0838406,0.9999
0.282521,0.412471,-0.250442,0.9999
-0.217777,-0.780726,-0.168466,0.9999
0.261791,-0.0544041,-0.892334,0.9999
-0.319644,-0.0638298,0.904846,0.9999
-0.659694,-0.658657,0.292512,0.999899
-0.359831,-0.117114,-0.696022,0.9999
0.223273,-0.266651,0.820967,0.999899
0.101825,0.510606,-0.226454,0.9999
0.332364,0.609328,-0.41583,0.9999
-0.591005,-0.186322,-0.269332,0.9999
-0.0130895,-0.178631,-0.633732,0.999899
-0.597015,0.150559,0.41661,0.999901
-0.666767,0.656303,-0.158283,0.9999
0.6104,-0.341927,-0.531675,0.9999
0.830914,-0.515002,0.117669,0.9999
-0.137332,0.105385,0.526758,0.9999
0.186812,-0.48985,-0.0945075,0.9999
-0.304874,0.418229,0.389801,0.9999
0.130487,-0.821423,0.16344,0.9999
0.124618,0.569317,-0.134418,0.999901
0.0112518,0.281963,-0.492247,0.9999
-0.519863,-0.121123,-0.644386,0.9999
-0.0807278,0.85128,-0.0835345,0.9999
-0.0211181,-0.931607,0.0950376,0.9999
0.00528197,0.807339,-0.583179,0.9999
-0.500956,0.122155,-0.595761,0.9999
0.0457998,-0.471091,0.0122484,0.9999
-0.128302,-0.0871845,0.616941,0.9999
0.564634,-0.0897239,-0.613008,0.999899
0.761704,-0.458043,-0.34616,0.9999
0.135146,0.145388,-0.0246283,0.9999
0.15801,-0.251287,0.753675,0.9999
-0.731309,0.185454,0.212069,0.9999
0.488195,0.628477,0.470772,0.9999
0.892061,-0.0551136,-0.0573091,0.9999
0.27975,0.158492,-0.474366,0.999901
-0.0303178,-0.87934,0.229398,0.999899
0.108172,0.542574,0.265825,0.9999
-0.314809,-0.177001,-0.744761,0.9999
-0.244967,0.578245,0.091005,0.9999
-0.629699,-0.501919,-0.00103712,0.9999
0.020567,0.547569,0.744084,0.9999
-0.284495,-0.674255,0.531823,0.9999
0.629945,-0.263199,0.61546,0.999901
0.778227,-0.574729,0.0977659,0.9999
-0.468299,0.0325194,-0.147944,0.999899
0.446883,0.0813717,0.705253,0.999901
-0.638993,0.160424,-0.621867,0.9999
0.502708,-0.16124,0.0976289,0.9999
-0.678549,-0.370738,-0.299055,0.9999
0.0313831,0.329767,0.798351,0.999901
-0.766747,0.538879,0.126297,0.9999
-0.369644,-0.0754911,-0.742246,0.9999
-0.420067,0.470308,-0.714168,0.9999
0.418165,-0.878988,-0.0552936,0.9999
-0.39076,0.119031,-0.865328,0.9999
0.674632,-0.427878,-0.53132,0.9999
-0.355894,0.535006,-0.0884498,0.999901
0.285636,0.484214,-0.308085,0.9999
0.548373,-0.0636799,0.517949,0.9999
-0.0470767,-0.0893243,0.397556,0.9999
0.39946,0.763247,-0.34632,0.9999
0.142477,-0.419932,0.594771,0.9999
0.50016,-0.613657,0.0503288,0.9999
0.202567,0.794816,0.3888,0.9999
-0.00620743,0.351981,0.138059,0.999899
0.140296,0.673009,-0.628686,0.9999
0.819292,-0.0226024,-0.297186,0.999901
-0.506165,-0.263456,0.626195,0.9999
-0.448017,0.35069,-0.674634,0.9999
0.064105,0.446281,-0.400304,0.9999
0.0219938,-0.350963,-0.357528,0.999901
-0.392724,-0.202194,-0.0199151,0.9999
0.0228061,-0.0749595,-0.565411,0.999901
-0.272913,-0.29471,0.609362,0.9999
-0.767115,0.554906,-0.268453,0.9999
-0.175113,-0.0838487,-0.446832,0.9999
0.239625,0.745805,0.38457,0.9999
-0.0469046,-0.399305,-0.0464232,0.9999
0.0535953,-0.730873,-0.154605,0.9999
-0.0811218,0.167126,0.657073,0.9999
-0.0546634,0.493211,0.360593,0.9999
0.278168,0.460292,0.395133,0.9999
0.121702,0.642687,-0.572301,0.999899
-0.236877,-0.304485,-0.0969987,0.9999
0.601488,0.538253,-0.19592,0.9999
0.0427127,-0.649895,0.723748,0.999899
-0.065473,-0.559419,-0.822044,0.999901
0.0668376,-0.379002,0.864141,0.9999
0.0733271,0.246432,-0.0658583,0.9999
0.55378,-0.337966,-0.0756913,0.9999
0.696975,-0.0704228,0.0194185,0.9999
-0.316309,0.244398,-0.0929716,0.9999
0.232372,-0.186574,-0.437591,0.9999
-0.329213,-0.304645,0.0198467,0.9999
0.152563,-0.00900083,0.296668,0.999901
0.280859,0.157316,0.0840289,0.9999
0.785599,-0.583174,0.00578273,0.999899
-0.423967,-0.589149,-0.597994,0.999899
0.0561035,-0.442338,0.618222,0.9999
-0.216489,0.845728,-0.430632,0.9999
-0.463453,0.499076,-0.725202,0.9999
-0.0902333,0.1002,-0.628769,0.9999
0.544818,-0.744694,-0.105306,0.999901
0.505438,0.201487,-0.0157731,0.9999
0.0455386,-0.575811,-0.14887,0.9999
-0.509029,0.104484,-0.294383,0.999899
0.271108,-0.642062,0.118824,0.9999
-0.358836,0.089962,-0.679678,0.9999
0.770279,-0.511689,-0.0616676,0.999899
-0.624454,-0.657788,0.293624,0.9999
0.0341802,0.538322,0.688572,0.999899
-0.461618,0.467965,0.604027,0.999899
-0.911483,-0.0431516,-0.0883442,0.9999
-0.100876,0.101508,0.698158,0.9999
-0.161101,0.407584,0.485983,0.9999
0.315543,-0.00737236,-0.661518,0.9999
-0.104686,-0.895519,0.249461,0.999901
0.250617,-0.795237,-0.423328,0.999901
0.412129,-0.885034,-0.0156725,0.9999
0.534135,-0.0445432,0.205878,0.9999
0.15099,-0.370533,-0.586035,0.9999
-0.423086,0.352577,0.535016,0.9999
0.0139264,-0.104884,-0.334686,0.9999
0.451766,-0.249075,0.0882411,0.9999
-0.438507,-0.451239,-0.178663,0.9999
0.06104,0.10595,-0.0203199,0.9999
-0.258431,-0.345839,0.627,0.9999
0.498631,0.489957,-0.348127,0.9999
0.611564,-0.146701,0.485224,0.9999
-0.738212,-0.0460591,0.635303,0.9999
-0.691517,0.0582759,-0.112295,0.9999
-0.460918,-0.76836,0.133115,0.9999
0.635986,0.513976,-0.229906,0.999901
0.002988,0.00155354,-0.973525,0.9999
-0.729082,0.152121,-0.648294,0.9999
0.234038,0.602969,0.156524,0.9999
0.375023,0.364669,0.201707,0.9999
-0.0740439,-0.158028,-0.120141,0.999899
0.472945,-0.297993,0.319918,0.999901
-0.467221,-0.538642,-0.215977,0.9999
0.721759,-0.528755,-0.18466,0.9999
-0.503768,0.458095,-0.535329,0.9999
0.731078,-0.523848,0.216591,0.9999
-0.41548,0.0437784,0.0410814,0.9999
0.283551,-0.318807,0.381462,0.9999
0.361534,-0.210366,0.841377,0.9999
0.570457,0.0370309,-0.649669,0.9999
0.369045,0.119123,0.823703,0.9999
0.652747,0.245616,-0.220003,0.9999
-0.124824,-0.446347,0.725346,0.9999
-0.278013,-0.848722,-0.307175,0.999901
0.642088,-0.129004,-0.345496,0.9999
0.330818,0.390531,0.219795,0.9999
-0.232147,0.750458,0.253463,0.9999
-0.42505,0.681823,-0.188828,0.999901
0.117221,0.0554825,0.357921,0.999899
-0.12986,-0.519657,0.553229,0.9999
0.00770099,-0.790954,-0.0734413,0.9999
-0.35403,0.820634,-0.370655,0.9999
-0.3696,-0.659231,-0.586717,0.9999
0.0879286,0.85629,0.487925,0.9999
0.763635,0.149039,0.329242,0.999899
0.0476855,-0.304725,-0.807822,0.999899
-0.40183,0.322012,0.0863713,0.999899
0.66322,0.260117,0.260694,0.9999
0.11305,-0.0526936,0.224373,0.9999
-0.475647,0.35971,0.325502,0.999901
-0.470061,-0.0702072,-0.860576,0.9999
-0.167879,0.0183076,0.92827,0.9999
-0.0112043,0.380572,0.34978,0.999899
-0.00114863,0.129492,-0.718452,0.999899
0.10522,-0.896343,-0.0834614,0.9999
0.283662,0.480937,0.104859,0.999899
-0.625787,0.532584,-0.223284,0.999899
-0.363443,-0.723436,-0.360937,0.999899
0.286856,-0.449797,-0.0376672,0.9999
0.153254,-0.470032,-0.313315,0.9999
-0.393155,0.462966,-0.0458958,0.9999
0.33737,0.407133,-0.556912,0.9999
-0.529849,-0.0555818,-0.252592,0.9999
0.113244,-0.713399,-0.287617,0.9999
-0.237952,0.263467,-0.484326,0.9999
-0.191721,-0.854631,0.0828069,0.9999
0.113126,0.156816,-0.731935,0.9999
0.074406,-0.799167,-0.0156312,0.9999
-0.487128,0.183864,0.621638,0.999899
-0.767726,-0.198541,-0.35439,0.9999
-0.358576,0.39405,-0.797579,0.9999
-0.0232172,0.128316,-0.539853,0.999899
-0.389703,-0.357587,0.281861,0.999901
0.707074,0.194131,0.205753,0.9999
-0.372777,0.47291,0.104548,0.9999
-0.105641,-0.285373,0.793571,0.9999
0.0192942,0.166308,-0.423494,0.9999
0.742443,-0.355393,0.230807,0.9999
-0.669996,0.662768,-0.0140018,0.999899
0.520151,0.444612,-0.217756,0.9999
-0.548137,-0.0466825,-0.696665,0.9999
-0.105649,-0.571507,0.33007,0.9999
0.65875,0.115882,-0.739895,0.999901
-0.471416,-0.179158,-0.164583,0.9999
-0.217343,0.319342,0.913047,0.9999
0.394578,0.180581,-0.628768,0.9999
-0.91861,0.320842,0.200659,0.9999
-0.47845,-0.346612,-0.596928,0.9999
0.663732,0.638882,0.126982,0.999901
0.199826,-0.168796,0.475128,0.9999
0.0351657,-0.0492202,-0.414581,0.9999
0.278191,-0.479862,-0.483743,0.999899
0.771165,-0.251322,-0.489412,0.9999
0.159417,-0.37853,0.662691,0.9999
0.0643432,0.837338,-0.251681,0.999901
0.144287,0.208806,0.316476,0.9999
-0.441926,0.439972,0.00544299,0.9999
-0.164533,-0.244356,-0.908661,0.9999
-0.550748,0.470528,0.657748,0.9999
-0.623897,-0.380011,-0.659763,0.999901
-0.00424814,0.960555,-0.0673551,0.9999
-0.217757,-0.355892,0.286836,0.9999
0.703356,-0.598081,0.375713,0.9999
-0.609593,0.503079,-0.457089,0.9999
0.205689,0.208473,0.495963,0.9999
-0.790687,-0.0367674,-0.53901,0.9999
0.0979518,0.622232,0.0537373,0.999899
-0.609003,-0.586932,-0.33785,0.9999
-0.300206,0.525455,0.543653,0.9999
0.611553,0.0462945,-0.625525,0.9999
0.113526,0.493765,0.610874,0.9999
0.193634,-0.498397,0.387918,0.9999
-0.740212,0.252952,0.0442042,0.9999
0.148446,0.438,-0.432207,0.9999
-0.14244,-0.263932,0.587491,0.9999
-0.167139,-0.243074,-0.0384409,0.999901
0.0232689,0.646069,0.376385,0.999899
0.378225,0.30812,0.130989,0.9999
-0.116582,-0.255875,0.702261,0.9999
0.175854,0.74004,0.0640552,0.999899
0.158837,0.502138,-0.58112,0.9999
0.263466,0.242699,0.556545,0.9999
0.278179,-0.244462,0.382498,0.9999
-0.312905,0.0314894,0.79383,0.9999
0.817664,0.0696016,-0.205959,0.9999
-0.396166,0.756793,-0.01695,0.9999
-0.425978,-0.421778,-0.0327518,0.999901
-0.0391199,0.4706,0.67748,0.9999
0.724988,0.486176,-0.319294,0.9999
0.138788,0.237094,-0.282369,0.9999
0.0592222,-0.0885126,0.612367,0.9999
-0.0541038,-0.264726,0.324577,0.999899
0.404166,-0.372173,-0.644987,0.9999
-0.366164,0.611852,-0.632841,0.9999
-0.904143,0.019814,-0.095868,0.999901
0.843628,0.165175,-0.0788285,0.9999
0.214021,-0.779227,0.112597,0.9999
-0.229724,-0.556752,0.0291656,0.9999
-0.361105,-0.908705,-0.0146111,0.9999
-0.188067,0.179166,-0.476768,0.9999
-0.355385,0.473216,-0.42545,0.999899
0.679524,-0.372127,-0.152239,0.9999
0.060933,-0.493366,-0.129706,0.9999
0.216768,-0.0487332,0.613323,0.9999
0.0852005,-0.788102,-0.255037,0.9999
0.605512,0.299374,0.153127,0.9999
0.226809,0.403014,0.504679,0.9999
-0.323973,-0.0691169,0.636516,0.9999
0.475066,-0.227318,-0.759116,0.9999
-0.622375,-0.271333,-0.454791,0.9999
-0.0166399,0.909243,-0.0358931,0.9999
0.182796,0.096167,0.279037,0.9999
0.461653,0.438271,0.668336,0.999901
0.549447,0.419829,-0.0368619,0.9999
-0.56079,0.358693,-0.181207,0.9999
-0.651307,0.227397,-0.646081,0.9999
0.0933921,0.740817,-0.595652,0.999901
0.567748,0.268198,-0.368575,0.999899
-0.901587,-0.262675,0.00407333,0.9999
-0.227565,0.874565,0.307713,0.9999
-0.46467,-0.13805,0.462083,0.999901
-0.594599,0.171335,0.757918,0.999901
-0.777175,0.277748,0.252618,0.999901
-0.515639,0.0181056,-0.450973,0.9999
0.257219,-0.544721,0.523409,0.999899
-0.141238,-0.419851,-0.0937263,0.999901
-0.604092,0.0673734,-0.0826305,0.9999
-0.286046,0.53533,0.374239,0.9999
-0.174496,0.178492,0.769902,0.9999
-0.588033,-0.347844,-0.0526043,0.9999
0.130139,-0.728311,-0.574,0.9999
0.785799,-0.474156,-0.0845249,0.9999
-0.103261,-0.626471,0.560073,0.9999
-0.0577672,0.626474,0.519038,0.9999
-0.934673,-0.233004,0.00160689,0.9999
-0.159983,-0.159407,-0.858496,0.999899
-0.0445801,-0.120748,-0.931409,0.9999
-0.658904,0.330071,0.213198,0.999901
-0.3347,-0.6321,0.242562,0.999899
0.575602,0.0361161,-0.188294,0.9999
-0.118642,0.409397,0.29784,0.9999
0.734707,-0.289388,0.0857769,0.999901
-0.91682,-0.0772217,-0.00561562,0.999901
-0.492491,-0.280041,0.235583,0.9999
0.76121,0.14492,0.317511,0.999899
-0.694845,-0.319485,0.61082,0.9999
0.327716,-0.385574,0.608369,0.9999
0.322758,0.123215,0.409976,0.9999
-0.423832,0.172509,-0.515706,0.9999
0.664762,0.327963,-0.0885368,0.999899
-0.458059,0.0640753,0.521563,0.9999
-0.905731,-0.364982,-0.178232,0.9999
0.351664,0.255479,-0.464251,0.9999
0.582462,0.249676,-0.509217,0.9999
0.725019,-0.601895,-0.328948,0.999899
-0.670179,-0.0756076,-0.386573,0.999899
-0.358113,0.329445,-0.530242,0.9999
0.696739,-0.247127,-0.22131,0.9999
0.217815,0.514188,0.376028,0.9999
0.353484,0.189492,-0.267151,0.999899
0.504182,-0.0276968,0.0926738,0.999901
-0.376217,-0.469603,-0.598594,0.9999
0.593187,-0.190849,-0.415124,0.9999
0.193498,-0.158259,-0.39011,0.9999
-0.462212,-0.0199755,-0.175678,0.9999
-0.34866,0.6453,0.0538934,0.9999
-0.362291,0.633867,-0.0300385,0.9999
0.290664,0.186566,0.933383,0.999899
0.269658,0.112386,0.796428,0.9999
-0.341044,-0.198122,-0.420761,0.999901
0.507185,0.778104,-0.31492,0.9999
-0.197575,-0.19182,-0.685198,0.999901
0.635491,-0.358684,0.5909,0.999899
0.497086,0.147562,0.428901,0.9999
0.457797,0.2791,-0.786082,0.9999
0.170328,0.178534,-0.733092,0.9999
-0.797956,-0.436529,0.0816425,0.9999
0.0993142,-0.221325,0.200888,0.9999
-0.310994,0.929237,-0.197213,0.9999
-0.201897,-0.392835,-0.700906,0.9999
-0.388761,-0.422249,-0.75942,0.9999
-0.185121,-0.375607,0.119075,0.9999
-0.337473,0.023648,-0.639513,0.999901
-0.279183,0.424765,-0.333904,0.9999
0.801578,-0.286011,0.460499,0.999901
0.325805,0.0314936,-0.789693,0.9999
0.519886,0.212694,0.0294876,0.9999
-0.714666,-0.118724,0.527671,0.9999
-0.0570779,-0.927391,0.240277,0.9999
0.568995,-0.391147,-0.365169,0.9999
0.692649,-0.0885221,-0.266853,0.9999
-0.604379,0.275497,0.271559,0.9999
0.749399,-0.168675,-0.00715343,0.9999
-0.124673,-0.427087,-0.117184,0.9999
0.120558,0.021825,-0.398336,0.9999
-0.430369,-0.658651,-0.557461,0.9999
0.285343,0.444238,-0.272936,0.9999
-0.258192,0.663975,0.397339,0.9999
0.607951,0.0365938,-0.246353,0.9999
0.0173077,-0.8243,-0.563,0.9999
0.377571,0.841626,-0.250906,0.999901
0.554197,0.822543,0.0274434,0.9999
-0.135903,-0.0186,-0.0561479,0.9999
-0.601803,-0.660766,-0.389821,0.9999
0.0109684,0.211869,-0.949682,0.999901
-0.0174806,-0.32721,-0.106579,0.9999
0.910569,-0.233818,0.0156536,0.9999
-0.0209359,0.180929,0.17959,0.9999
-0.418798,-0.0842942,-0.245567,0.9999
0.0704025,0.109172,0.744642,0.9999
-0.691447,-0.159817,0.055667,0.9999
-0.445021,0.188611,-0.471177,0.9999
-0.658968,0.0350645,-0.539927,0.999901
0.198828,0.947115,0.0354511,0.9999
0.646601,0.207164,-0.543022,0.9999
-0.147294,-0.106255,0.332293,0.9999
-0.759358,-0.356672,0.514137,0.9999
0.20943,0.00232938,-0.929151,0.9999
-0.319137,-0.376933,-0.545947,0.9999
0.124104,0.550366,-0.446426,0.999901
0.318982,-0.168065,-0.688694,0.999901
-0.898365,-0.18947,0.0491023,0.9999
-0.492269,-0.342805,0.655914,0.9999
0.167097,0.962962,0.177936,0.9999
-0.203199,0.326004,0.603164,0.9999
0.211556,0.87252,0.0390684,0.9999
0.248291,-0.806563,0.241447,0.9999
0.104415,0.387414,0.151652,0.9999
-0.611165,0.685996,-0.339384,0.9999
0.472361,-0.311262,0.706179,0.9999
-0.338681,0.228001,-0.60409,0.9999
0.322839,0.540966,-0.655037,0.9999
-0.373982,-0.286095,-0.868972,0.9999
0.00292827,-0.904433,0.0140472,0.9999
-0.305912,0.0950973,-0.0422959,0.999899
0.0682992,0.677257,0.593165,0.9999
-0.269689,0.858345,0.367188,0.9999
-0.15915,-0.933689,0.0258091,0.9999
0.103823,-0.372534,0.219136,0.999901
-0.0673857,-0.908432,-0.306406,0.9999
0.279703,0.447326,0.829451,0.9999
-0.214351,0.395636,-0.463133,0.9999
0.321363,-0.0376675,0.770644,0.9999
-0.247556,-0.226941,0.135567,0.9999
-0.100546,-0.0714009,-0.0408741,0.9999
-0.119989,-0.212995,-0.967943,0.9999
-0.685801,-0.520655,-0.167087,0.9999
-0.529179,0.627446,0.396183,0.9999
-0.0106644,-0.377829,-0.601411,0.9999
0.428635,-0.0681937,-0.211696,0.999901
-0.0843039,-0.113742,0.260696,0.9999
0.185833,0.286749,-0.834383,0.999901
-0.624289,0.505379,0.357326,0.999901
0.691691,-0.372001,-0.315318,0.9999
-0.890798,-0.0306943,0.0419343,0.9999
0.442118,0.533743,-0.0766967,0.9999
0.548808,-0.482439,-0.498849,0.999901
-0.520525,0.0895846,0.17535,0.9999
-0.0107959,0.276855,-0.0409149,0.9999
0.739475,0.491473,-0.338205,0.9999
-0.144759,0.527334,0.641537,0.999901
0.294399,0.216168,0.139907,0.9999
-0.827138,-0.208498,0.240913,0.999899
-0.12238,0.450244,-0.0627606,0.999901
0.0800116,-0.304405,0.493038,0.9999
-0.0783743,0.253549,-0.765681,0.9999
0.659723,0.668891,0.23831,0.9999
0.163993,0.123824,0.170462,0.9999
-0.174547,0.147636,-0.912152,0.9999
-0.280132,0.596631,0.681084,0.9999
-0.496612,-0.489498,-0.44208,0.9999
-0.216959,0.632535,0.542029,0.999899
0.698919,-0.457702,0.164222,0.9999
-0.205508,0.0784645,-0.342228,0.9999
0.135828,0.363974,-0.540464,0.9999
-0.188677,-0.930853,-0.145049,0.999899
0.203837,0.685404,-0.0145019,0.9999
-0.49392,-0.330721,0.0094503,0.999899
-0.718117,0.4133,-0.251539,0.9999
0.472534,-0.0595154,0.754962,0.9999
-0.90199,0.14049,-0.305557,0.999901
0.410767,-0.312764,-0.854636,0.9999
-0.158411,0.863761,0.428539,0.9999
-0.0885749,0.243244,-0.0697627,0.9999
0.289001,0.127216,-0.250615,0.999901
-0.331989,0.40503,0.665363,0.9999
-0.097091,-0.0328874,-0.111548,0.999899
-0.361403,-0.612782,0.55871,0.9999
-0.633096,-0.375155,0.295779,0.9999
-0.74605,0.0334101,-0.388623,0.999899
-0.640695,0.0686475,0.691483,0.9999
0.326586,-0.190711,0.87005,0.999901
0.699981,0.138892,0.338187,0.9999
-0.189617,-0.445274,0.255089,0.9999
0.165883,-0.0684197,0.439553,0.9999
-0.17886,-0.204545,-0.552596,0.9999
0.925745,-0.101286,0.346886,0.999901
0.263676,-0.793255,0.247453,0.999899
-0.172501,-0.146361,-0.790677,0.9999
-0.0846865,0.881223,0.10983,0.9999
0.518014,0.119953,0.841275,0.9999
0.655474,0.0530211,-0.711353,0.9999
-0.00417871,-0.246193,0.360225,0.9999
-0.10655,-0.058853,-0.342333,0.9999
0.521748,0.390213,-0.17721,0.9999
-0.264758,0.153904,0.630347,0.9999
0.689733,-0.381694,0.0497398,0.999901
0.900444,-0.174855,-0.360331,0.9999
0.842046,-0.0102438,0.071574,0.9999
-0.0813492,-0.286338,-0.592216,0.9999
-0.581253,0.251164,-0.387715,0.999901
-0.540939,0.64589,-0.329698,0.9999
0.364853,-0.26736,-0.581066,0.9999
0.28115,-0.54448,-0.342462,0.9999
-0.36154,-0.404931,0.734793,0.9999
-0.335936,0.614528,0.147569,0.999901
0.213856,0.434269,0.402083,0.9999
-0.0916513,-0.643906,0.237573,0.9999
0.391132,0.268502,0.691931,0.9999
-0.767333,-0.0287351,0.218165,0.9999
-0.307471,0.549321,-0.210364,0.9999
0.168442,0.747549,0.00297847,0.9999
-0.637227,-0.187321,-0.0374983,0.999899
0.636715,0.0418404,0.388325,0.9999
0.387835,0.836359,-0.0334239,0.9999
-0.138903,-0.151449,0.424402,0.999901
0.572738,-0.154624,-0.500801,0.9999
-0.332537,0.372363,0.169686,0.9999
-0.185177,-0.159647,0.175849,0.999899
-0.0532442,-0.359903,0.834873,0.9999
0.283152,-0.467068,-0.60863,0.9999
-0.365858,-0.457142,-0.67317,0.9999
0.918304,0.230385,-0.294613,0.9999
-0.336608,-0.638791,-0.0637387,0.9999
0.201964,-0.258722,-0.416176,0.999901
0.140082,0.814311,-0.0692558,0.9999
0.839297,0.243117,-0.369228,0.999901
0.163582,-0.505334,0.735907,0.9999
-0.279535,0.219502,0.271185,0.9999
-0.499054,0.499994,0.36274,0.9999
0.40139,-0.497522,-0.429722,0.999901
0.11877,0.828692,-0.385997,0.9999
-0.790095,0.353417,0.0188883,0.9999
0.10082,0.444584,-0.0521885,0.9999
0.336623,-0.522195,0.213198,0.9999
0.0500466,0.0201082,-0.319032,0.9999
-0.440499,-0.319693,-0.35778,0.9999
0.419904,-0.211185,-0.016766,0.9999
0.0295713,-0.0634411,-0.00223182,0.9999
-0.600868,-0.204012,0.0879936,0.9999
-0.506106,-0.19074,-0.3348,0.9999
-0.543891,0.612178,-0.343865,0.9999
0.393434,-0.0669832,0.0186461,0.9999
0.746416,-0.154539,-0.0374253,0.9999
0.393105,0.0966959,-0.265559,0.9999
-0.212935,-0.623322,0.512938,0.9999
0.153134,-0.315465,0.0489676,0.9999
0.77472,0.261301,0.148315,0.999901
0.186927,-0.0761444,-0.91137,0.9999
-0.266144,-0.226708,0.528182,0.9999
0.400707,-0.127736,0.228189,0.9999
-0.608348,0.418589,-0.32738,0.9999
-0.42129,-0.237756,-0.19833,0.9999
-0.8786,0.0432662,0.447555,0.9999
-0.950664,0.145589,-0.241237,0.9999
-0.217802,0.798841,-0.143656,0.9999
-0.450855,-0.808178,0.0738842,0.9999
0.283497,0.476321,0.265294,0.9999
-0.240932,-0.27142,0.37264,0.9999
-0.358201,-0.665755,0.0225779,0.9999
0.0916993,0.972992,-0.0220655,0.999899
-0.34355,0.317402,0.59245,0.9999
-0.164538,-0.789327,-0.11702,0.9999
0.0157807,0.15045,0.691072,0.999899
0.574369,-0.383722,0.181742,0.9999
0.309228,-0.25113,-0.0701344,0.9999
-0.238953,0.173785,0.303656,0.9999
0.498351,0.0156611,0.0809885,0.9999
-0.800814,-0.028212,0.566213,0.999901
0.325484,-0.784151,-0.237945,0.999899
-0.879973,-0.0525705,-0.359924,0.9999
-0.0470674,0.235722,0.170429,0.9999
-0.0737479,0.839431,0.441093,0.9999
-0.417883,-0.205875,0.217016,0.999901
-0.546355,-0.202106,-0.147761,0.9999
0.214719,0.458249,-0.51885,0.9999
0.766059,0.0214577,0.355241,0.9999
-0.485024,0.471916,-0.119463,0.9999
-0.553229,0.150077,0.311745,0.9999
-0.554343,0.777321,0.00412816,0.9999
0.113941,-0.488184,0.551847,0.999899
-0.250602,-0.791526,-0.272762,0.9999
0.136295,0.890865,0.324731,0.9999
